product_id,skin_type,reviews,avg_rating,pct_recommended
P107306,all,253,4.03,70.9
P107306,dry,40,4.45,77.8
P107306,oily,22,2.77,28.6
P114902,all,1529,4.42,87.1
P114902,dry,66,4.41,82.1
P114902,oily,249,4.49,90.5
P12045,all,1687,4.44,87.2
P12045,dry,254,4.40,82.6
P12045,oily,130,4.42,84.7
P122651,all,200,4.51,86.8
P122651,dry,75,4.55,91.7
P122651,oily,9,4.56,100.0
P122661,all,810,4.53,79.8
P122661,dry,91,4.65,83.3
P122661,oily,56,4.25,80.0
P122718,all,1195,4.61,82.1
P122718,dry,51,4.12,75.0
P122718,oily,179,4.69,82.0
P122727,all,282,4.17,80.0
P122727,dry,40,4.30,100.0
P122727,oily,21,4.24,100.0
P122762,all,821,4.49,75.4
P122762,dry,75,4.45,66.7
P122762,oily,82,4.27,70.4
P122767,all,169,4.02,53.8
P122767,dry,24,3.54,40.0
P122767,oily,18,4.11,
P122774,all,1635,4.07,75.7
P122774,dry,128,4.23,81.6
P122774,oily,137,4.08,86.4
P122782,all,270,4.30,78.9
P122782,dry,50,4.52,88.9
P122782,oily,17,4.47,87.5
P122876,all,226,4.38,82.1
P122876,dry,3,5.00,
P122876,oily,135,4.46,77.8
P122881,all,918,4.32,83.7
P122881,dry,6,3.83,75.0
P122881,oily,186,4.45,83.6
P122882,all,1376,4.38,83.4
P122882,dry,149,4.34,78.3
P122882,oily,62,4.27,91.7
P122900,all,3978,4.44,86.1
P122900,dry,134,4.08,77.4
P122900,oily,845,4.52,90.0
P12295,all,1070,4.52,85.9
P12295,dry,133,4.52,86.9
P12295,oily,45,4.67,96.3
P12336,all,2411,4.19,83.0
P12336,dry,239,4.27,82.8
P12336,oily,110,4.17,83.5
P12573,all,3595,4.68,91.1
P12573,dry,291,4.59,89.6
P12573,oily,222,4.77,91.3
P126301,all,4376,4.53,86.7
P126301,dry,640,4.55,87.8
P126301,oily,491,4.55,86.9
P139000,all,2206,4.37,86.0
P139000,dry,230,4.26,76.9
P139000,oily,305,4.41,89.7
P164932,all,1981,4.52,78.9
P164932,dry,204,4.39,74.5
P164932,oily,151,4.49,77.1
P173619,all,500,4.42,86.0
P173619,dry,45,4.40,86.5
P173619,oily,12,3.75,63.6
P173622,all,60,4.45,100.0
P173622,dry,4,4.25,
P173622,oily,4,4.75,100.0
P173652,all,358,4.53,81.1
P173652,dry,79,4.71,87.5
P173652,oily,13,4.31,50.0
P173726,all,2827,4.83,95.3
P173726,dry,355,4.76,93.6
P173726,oily,214,4.75,93.3
P174502,all,1615,4.14,75.6
P174502,dry,171,4.05,77.4
P174502,oily,128,4.23,70.4
P188306,all,713,4.02,86.4
P188306,dry,22,4.00,88.9
P188306,oily,150,4.24,92.3
P188307,all,1007,4.40,86.7
P188307,dry,30,4.80,100.0
P188307,oily,240,4.58,88.0
P188309,all,1038,4.17,79.5
P188309,dry,52,4.12,83.3
P188309,oily,258,4.23,80.8
P196524,all,459,4.36,75.5
P196524,dry,19,4.37,83.3
P196524,oily,104,4.33,90.9
P196542,all,480,4.11,80.0
P196542,dry,39,4.26,66.7
P196542,oily,68,4.19,100.0
P201439,all,287,4.17,78.0
P201439,dry,60,4.40,94.4
P201439,oily,15,3.40,75.0
P201440,all,584,4.00,67.9
P201440,dry,111,4.26,75.9
P201440,oily,33,3.85,66.7
P202935,all,36,4.47,75.0
P202935,dry,15,4.33,75.0
P203616,all,1283,4.40,91.2
P203616,dry,108,4.57,94.9
P203616,oily,99,4.18,90.5
P2043,all,385,4.39,87.5
P2043,dry,50,4.30,80.0
P2043,oily,23,4.57,93.8
P2046,all,91,4.68,86.4
P2046,dry,3,5.00,100.0
P2046,oily,2,4.50,100.0
P205614,all,393,3.59,59.0
P205614,dry,48,3.69,63.6
P205614,oily,23,3.87,75.0
P214002,all,1031,4.20,82.9
P214002,dry,254,4.29,82.0
P214002,oily,67,4.18,88.3
P217513,all,908,4.29,87.4
P217513,dry,64,4.45,87.2
P217513,oily,36,4.47,88.5
P217931,all,165,4.10,77.3
P217931,dry,9,4.00,75.0
P217931,oily,18,3.94,75.0
P217932,all,394,4.44,83.6
P217932,dry,30,4.30,86.7
P217932,oily,29,4.59,100.0
P218700,all,7763,4.50,85.9
P218700,dry,901,4.46,84.8
P218700,oily,453,4.49,83.9
P230538,all,1550,4.56,87.7
P230538,dry,153,4.56,85.0
P230538,oily,111,4.58,86.7
P232327,all,238,3.97,58.9
P232327,dry,38,4.26,58.3
P232327,oily,25,3.84,72.7
P232902,all,220,4.19,83.3
P232902,dry,34,4.18,83.3
P232902,oily,10,4.60,100.0
P232903,all,3153,4.22,77.7
P232903,dry,183,4.05,73.8
P232903,oily,466,4.12,69.0
P232906,all,705,4.15,73.6
P232906,dry,19,3.47,71.4
P232906,oily,141,4.22,71.1
P232907,all,611,4.46,91.0
P232907,dry,26,4.46,91.7
P232907,oily,129,4.48,90.7
P232910,all,623,4.04,70.6
P232910,dry,138,3.98,70.3
P232910,oily,41,4.34,77.8
P232915,all,2991,4.44,89.6
P232915,dry,258,4.46,87.3
P232915,oily,219,4.36,81.7
P232920,all,70,3.91,77.8
P232920,dry,13,3.85,50.0
P232920,oily,5,4.40,
P244701,all,281,4.48,87.5
P244701,dry,3,4.00,100.0
P244701,oily,46,4.59,83.3
P248404,all,4729,4.37,85.1
P248404,dry,799,4.37,83.7
P248404,oily,379,4.34,85.2
P248407,all,7547,4.52,83.4
P248407,dry,1826,4.49,82.8
P248407,oily,375,4.53,85.0
P251529,all,564,4.33,77.8
P251529,dry,79,4.30,61.5
P251529,oily,70,4.29,86.7
P254720,all,906,4.35,83.2
P254720,dry,54,4.61,90.0
P254720,oily,144,4.24,76.3
P257537,all,905,3.77,55.7
P257537,dry,84,3.88,61.5
P257537,oily,81,3.72,57.1
P266126,all,2399,4.38,78.7
P266126,dry,264,4.41,84.0
P266126,oily,203,4.22,74.4
P268700,all,446,4.36,73.7
P268700,dry,117,4.32,70.0
P268700,oily,25,3.72,66.7
P269122,all,7414,4.55,94.0
P269122,dry,907,4.56,94.2
P269122,oily,759,4.54,92.3
P270543,all,224,4.22,88.5
P270543,dry,39,4.05,87.5
P270543,oily,11,3.82,100.0
P270544,all,404,4.10,84.1
P270544,dry,54,4.35,71.4
P270544,oily,35,4.20,88.9
P270594,all,3441,4.61,93.7
P270594,dry,668,4.60,92.6
P270594,oily,321,4.55,92.3
P270600,all,11,3.36,54.5
P270600,dry,2,3.00,50.0
P270600,oily,1,2.00,0.0
P271682,all,479,3.55,52.9
P271682,dry,64,3.41,42.1
P271682,oily,38,3.74,53.8
P278317,all,2573,4.28,84.5
P278317,dry,312,4.43,87.0
P278317,oily,168,4.26,85.6
P281835,all,779,4.00,75.7
P281835,dry,64,4.02,80.4
P281835,oily,46,3.72,75.0
P282920,all,408,3.86,73.3
P282920,dry,30,4.03,100.0
P282920,oily,82,3.66,60.0
P282935,all,221,4.27,58.3
P282935,dry,40,4.40,71.4
P282935,oily,15,4.13,50.0
P283106,all,628,3.32,47.1
P283106,dry,82,3.32,51.0
P283106,oily,55,3.58,60.0
P283501,all,2023,4.05,70.0
P283501,dry,168,4.01,63.4
P283501,oily,101,4.17,65.6
P294018,all,284,4.48,78.8
P294018,dry,36,4.17,71.4
P294018,oily,23,4.87,100.0
P296413,all,264,4.27,70.7
P296413,dry,39,4.18,63.6
P296413,oily,20,4.50,85.7
P296415,all,239,4.38,68.0
P296415,dry,33,4.21,50.0
P296415,oily,16,4.62,100.0
P297516,all,3287,4.29,82.6
P297516,dry,291,4.07,79.8
P297516,oily,332,4.17,80.2
P297517,all,1706,3.93,72.7
P297517,dry,147,3.71,68.5
P297517,oily,246,3.96,72.7
P297524,all,4526,4.33,86.9
P297524,dry,202,4.20,83.8
P297524,oily,237,4.35,87.4
P297531,all,501,4.05,74.2
P297531,dry,65,4.25,92.0
P297531,oily,42,3.81,56.0
P297551,all,1000,4.40,86.3
P297551,dry,57,4.30,81.1
P297551,oily,90,4.43,86.2
P302103,all,2958,4.28,78.7
P302103,dry,293,4.27,79.3
P302103,oily,179,4.23,78.3
P302900,all,138,4.33,76.9
P302900,dry,17,4.24,66.7
P302900,oily,8,4.50,100.0
P306941,all,603,4.18,86.3
P306941,dry,110,4.25,84.7
P306941,oily,56,4.27,90.2
P309306,all,585,4.33,80.6
P309306,dry,161,4.35,80.5
P309306,oily,41,4.68,92.3
P309308,all,5400,4.34,84.5
P309308,dry,816,4.41,84.9
P309308,oily,557,4.29,84.3
P309310,all,951,3.85,73.7
P309310,dry,143,4.19,83.9
P309310,oily,167,3.93,74.9
P309409,all,42,3.71,57.1
P309409,dry,4,5.00,100.0
P309409,oily,6,3.50,50.0
P311143,all,508,4.41,81.5
P311143,dry,62,4.19,71.8
P311143,oily,48,4.31,93.1
P34402,all,635,4.29,87.6
P34402,dry,25,4.48,86.7
P34402,oily,108,4.32,82.9
P3550,all,625,4.28,79.0
P3550,dry,26,4.08,63.6
P3550,oily,146,4.21,78.8
P3617,all,1217,4.51,85.8
P3617,dry,40,4.47,82.9
P3617,oily,125,4.44,85.3
P374115,all,92,4.08,88.2
P374115,dry,2,1.50,0.0
P374115,oily,23,4.13,100.0
P374841,all,383,3.24,39.3
P374841,dry,26,3.31,28.6
P374841,oily,22,3.00,40.0
P375354,all,44,4.45,84.6
P375354,dry,5,4.40,100.0
P375534,all,989,4.20,80.3
P375534,dry,189,4.21,80.2
P375534,oily,59,4.12,74.5
P375841,all,1002,4.10,83.0
P375841,dry,152,4.00,81.2
P375841,oily,113,4.08,80.9
P375849,all,2951,4.08,77.0
P375849,dry,434,3.99,73.2
P375849,oily,298,4.11,78.0
P375850,all,919,4.13,78.3
P375850,dry,139,3.92,73.5
P375850,oily,98,4.12,81.2
P375852,all,435,4.30,76.6
P375852,dry,44,3.50,56.8
P375852,oily,17,4.88,100.0
P375853,all,1001,4.10,78.3
P375853,dry,144,3.99,74.3
P375853,oily,120,3.93,73.8
P375854,all,60,4.47,100.0
P375854,dry,8,4.75,100.0
P375854,oily,2,4.00,
P375864,all,62,4.42,83.3
P375864,dry,2,4.50,100.0
P376135,all,56,4.36,82.9
P376135,dry,7,4.29,83.3
P376135,oily,7,4.86,100.0
P376726,all,2419,4.40,81.8
P376726,dry,218,4.32,77.9
P376726,oily,128,4.30,81.7
P376946,all,15,3.40,0.0
P376946,dry,2,3.50,0.0
P376946,oily,1,1.00,0.0
P377178,all,125,4.13,77.8
P377178,dry,24,4.33,90.0
P377178,oily,6,2.83,50.0
P377368,all,414,4.05,70.0
P377368,dry,29,4.14,81.0
P377368,oily,53,3.55,57.1
P377533,all,1382,4.49,89.4
P377533,dry,95,4.49,89.5
P377533,oily,61,4.15,80.3
P377545,all,901,4.01,76.2
P377545,dry,110,4.04,71.9
P377545,oily,74,3.93,76.2
P377561,all,1686,4.54,88.7
P377561,dry,175,4.70,94.3
P377561,oily,126,4.40,87.3
P377570,all,1197,4.52,87.4
P377570,dry,137,4.41,83.7
P377570,oily,28,4.46,71.4
P377576,all,150,3.91,78.8
P377576,dry,21,3.57,62.5
P377576,oily,13,4.31,80.0
P377577,all,461,4.48,86.6
P377577,dry,59,4.69,93.2
P377577,oily,12,4.17,75.0
P377919,all,101,4.29,84.1
P377919,dry,20,3.80,70.0
P377919,oily,8,5.00,100.0
P378219,all,79,4.25,80.0
P378219,dry,4,4.50,75.0
P378219,oily,1,5.00,100.0
P378852,all,3136,4.40,86.5
P378852,dry,261,4.15,79.2
P378852,oily,237,4.41,88.7
P379009,all,37,3.81,57.9
P379009,dry,7,3.29,50.0
P379009,oily,1,5.00,100.0
P379064,all,139,4.40,97.2
P379064,dry,2,5.00,100.0
P379064,oily,6,4.67,100.0
P379510,all,1603,4.40,89.1
P379510,dry,245,4.42,88.7
P379510,oily,180,4.37,87.8
P379704,all,75,4.20,84.1
P379704,dry,14,3.79,66.7
P379704,oily,8,3.50,60.0
P379705,all,94,3.88,72.9
P379705,dry,12,4.58,90.9
P379705,oily,6,3.50,66.7
P379707,all,848,4.35,85.6
P379707,dry,117,4.53,89.7
P379707,oily,57,4.35,86.0
P379709,all,136,3.41,52.9
P379709,dry,27,3.96,71.4
P379709,oily,8,4.00,60.0
P379710,all,700,4.47,90.6
P379710,dry,128,4.57,94.3
P379710,oily,67,4.42,88.7
P379711,all,241,3.42,53.8
P379711,dry,43,3.23,50.0
P379711,oily,12,2.83,40.0
P379907,all,245,4.45,96.6
P379907,dry,7,4.86,100.0
P379907,oily,1,5.00,100.0
P379995,all,94,4.22,72.1
P379995,dry,14,4.00,57.1
P379995,oily,10,4.20,60.0
P380000,all,298,4.32,89.5
P380000,dry,28,4.39,96.3
P380000,oily,23,4.13,78.9
P380001,all,23,4.22,86.7
P380001,dry,6,4.83,100.0
P380001,oily,1,4.00,100.0
P380027,all,116,4.44,87.0
P380027,dry,10,4.20,85.7
P380027,oily,11,4.18,83.3
P380030,all,28,4.21,84.6
P380030,dry,2,5.00,100.0
P380030,oily,4,4.50,100.0
P381020,all,665,4.01,76.1
P381020,dry,100,3.96,72.9
P381020,oily,59,4.02,70.0
P381030,all,2125,3.91,75.9
P381030,dry,454,3.93,74.6
P381030,oily,96,3.65,71.4
P38217,all,254,4.46,86.2
P38217,dry,48,4.31,60.0
P38217,oily,15,4.67,83.3
P382204,all,534,4.19,83.7
P382204,dry,40,4.12,80.0
P382204,oily,32,4.44,87.5
P382356,all,86,4.03,76.5
P382356,dry,19,4.16,81.8
P382356,oily,2,3.00,
P383051,all,88,4.01,66.7
P383051,dry,14,4.29,100.0
P383051,oily,3,4.67,100.0
P383052,all,102,3.77,47.7
P383052,dry,16,4.00,40.0
P383052,oily,3,3.67,50.0
P383053,all,146,4.08,69.6
P383053,dry,16,4.38,66.7
P383053,oily,11,4.09,100.0
P383054,all,54,4.19,73.3
P383054,dry,8,4.38,100.0
P383054,oily,4,4.50,100.0
P383182,all,14,2.71,36.4
P383182,dry,3,1.33,0.0
P383308,all,51,3.75,66.7
P383308,dry,5,4.20,100.0
P383308,oily,3,4.67,100.0
P384537,all,503,4.25,76.2
P384537,dry,88,4.15,62.9
P384537,oily,20,4.60,70.0
P384539,all,1062,4.26,84.4
P384539,dry,40,4.33,86.4
P384539,oily,166,4.14,79.4
P384778,all,610,3.88,68.4
P384778,dry,58,3.57,70.0
P384778,oily,44,3.73,62.5
P384780,all,1089,4.07,80.9
P384780,dry,216,4.26,85.9
P384780,oily,50,4.14,73.3
P384821,all,552,4.33,86.1
P384821,dry,42,4.07,81.0
P384821,oily,34,4.88,100.0
P385253,all,207,4.10,77.0
P385253,dry,24,4.33,88.9
P385253,oily,20,4.25,69.2
P385262,all,137,3.82,54.9
P385262,dry,19,3.89,53.8
P385262,oily,10,3.50,33.3
P385320,all,105,3.44,63.2
P385320,dry,16,4.00,81.8
P385320,oily,9,4.44,87.5
P385432,all,1079,4.22,84.6
P385432,dry,54,4.19,83.3
P385432,oily,89,4.55,89.9
P385631,all,268,4.33,86.8
P385631,dry,6,4.67,100.0
P385631,oily,63,4.25,87.5
P385632,all,182,4.21,85.2
P385632,dry,26,4.19,87.5
P385632,oily,7,3.29,57.1
P385773,all,137,4.26,81.3
P385773,dry,37,4.22,89.3
P385773,oily,5,4.20,66.7
P386197,all,1627,4.48,86.2
P386197,dry,90,4.31,84.4
P386197,oily,63,4.33,85.7
P386739,all,210,4.10,78.8
P386739,dry,35,4.29,80.6
P386739,oily,16,3.88,78.6
P386754,all,617,4.05,76.6
P386754,dry,68,4.28,84.4
P386754,oily,104,3.79,67.8
P386755,all,135,4.41,89.1
P386755,dry,26,4.46,92.3
P386755,oily,13,4.31,90.0
P386757,all,63,3.83,64.6
P386757,dry,5,3.80,0.0
P386757,oily,8,4.25,85.7
P386759,all,82,4.22,76.8
P386759,dry,10,4.50,90.0
P386759,oily,8,3.88,66.7
P386760,all,65,4.31,83.3
P386760,dry,6,4.83,100.0
P386760,oily,2,4.50,
P386762,all,46,4.65,96.2
P386762,dry,8,4.38,83.3
P386762,oily,2,5.00,100.0
P386764,all,65,3.54,41.2
P386764,dry,8,3.88,25.0
P386764,oily,5,3.00,40.0
P387261,all,720,4.66,92.3
P387261,dry,70,4.81,97.1
P387261,oily,52,4.73,94.2
P387511,all,159,3.88,58.5
P387511,dry,29,4.10,70.6
P387511,oily,5,3.00,25.0
P388200,all,334,4.06,75.9
P388200,dry,62,4.44,93.5
P388200,oily,18,3.89,85.7
P388262,all,116,3.78,71.8
P388262,dry,19,3.95,71.4
P388262,oily,5,3.80,0.0
P388545,all,144,4.45,86.5
P388545,dry,25,4.64,90.5
P388545,oily,13,4.92,100.0
P388982,all,69,4.26,75.0
P388982,dry,4,4.00,100.0
P388982,oily,6,4.50,75.0
P389097,all,18,3.78,42.9
P389097,dry,2,4.50,50.0
P389097,oily,4,3.25,0.0
P390987,all,13,4.54,87.5
P391799,all,482,4.14,82.3
P391799,dry,56,4.29,78.6
P391799,oily,22,4.68,95.5
P391802,all,508,3.52,74.8
P391802,dry,64,3.72,85.7
P391802,oily,28,3.82,81.2
P392004,all,99,4.38,85.0
P392004,dry,17,4.12,82.4
P392004,oily,2,4.50,100.0
P392142,all,95,4.02,72.0
P392142,dry,17,4.18,78.6
P392142,oily,5,4.00,75.0
P392143,all,120,3.65,65.4
P392143,dry,28,3.61,57.1
P392143,oily,7,3.14,40.0
P392144,all,170,4.21,77.8
P392144,dry,10,4.80,90.0
P392144,oily,29,4.45,82.6
P392235,all,1837,4.48,87.6
P392235,dry,334,4.48,88.0
P392235,oily,150,4.52,87.4
P392239,all,401,4.10,80.9
P392239,dry,59,4.42,86.5
P392239,oily,42,4.14,85.3
P392245,all,1652,4.31,79.9
P392245,dry,328,4.38,85.1
P392245,oily,129,4.12,77.5
P392246,all,3440,4.35,85.2
P392246,dry,489,4.40,85.6
P392246,oily,405,4.28,84.4
P392248,all,449,4.46,85.1
P392248,dry,71,4.49,88.9
P392248,oily,36,4.94,100.0
P392249,all,386,4.47,82.8
P392249,dry,46,4.61,87.1
P392249,oily,39,4.64,92.3
P392472,all,118,4.03,81.0
P392472,dry,10,4.20,75.0
P392472,oily,16,4.12,70.0
P392522,all,25,4.76,88.2
P392522,dry,4,4.25,75.0
P392522,oily,2,5.00,100.0
P392607,all,197,3.49,59.6
P392607,dry,12,4.33,75.0
P392607,oily,10,3.90,80.0
P392608,all,538,4.37,79.2
P392608,dry,18,4.06,77.8
P392608,oily,24,4.29,79.2
P392648,all,165,3.37,53.1
P392648,dry,39,3.67,64.9
P392648,oily,17,3.41,62.5
P39274,all,1603,4.37,84.2
P39274,dry,123,4.29,80.0
P39274,oily,194,4.49,91.1
P392891,all,20,4.60,100.0
P392891,dry,2,4.50,100.0
P392891,oily,2,5.00,100.0
P392892,all,41,3.88,57.1
P392892,dry,5,3.60,33.3
P392892,oily,1,2.00,
P392945,all,229,3.98,72.9
P392945,dry,38,4.11,69.2
P392945,oily,20,4.55,66.7
P393076,all,562,4.31,81.4
P393076,dry,63,4.16,81.0
P393076,oily,17,4.47,88.2
P393501,all,102,3.87,78.3
P393501,dry,5,2.20,20.0
P393501,oily,12,3.92,66.7
P393600,all,13,3.54,58.3
P393600,dry,5,2.60,25.0
P393600,oily,2,5.00,100.0
P393718,all,2444,4.08,76.6
P393718,dry,248,4.04,74.6
P393718,oily,135,4.07,77.8
P394124,all,488,4.01,77.2
P394124,dry,91,4.09,72.0
P394124,oily,18,4.11,81.2
P394397,all,773,3.95,76.0
P394397,dry,102,4.08,75.9
P394397,oily,73,4.07,72.5
P394624,all,4526,4.56,92.6
P394624,dry,1078,4.61,91.5
P394624,oily,328,4.46,92.1
P394639,all,7294,4.48,89.8
P394639,dry,1075,4.43,88.4
P394639,oily,886,4.47,88.6
P394702,all,129,3.84,75.0
P394702,dry,17,3.47,71.4
P394702,oily,8,3.75,50.0
P394826,all,401,4.26,85.8
P394826,dry,71,4.44,88.4
P394826,oily,45,3.96,83.7
P395389,all,133,4.42,88.6
P395389,dry,17,4.53,82.4
P395389,oily,12,4.17,83.3
P395417,all,100,3.67,59.3
P395417,dry,2,4.50,100.0
P395507,all,2,4.50,100.0
P395507,dry,2,4.50,100.0
P395615,all,1040,4.50,90.3
P395615,dry,74,4.54,93.2
P395615,oily,124,4.52,90.3
P395723,all,77,4.36,87.5
P395723,dry,5,4.40,100.0
P395723,oily,6,4.50,75.0
P396623,all,624,3.31,57.0
P396623,dry,64,3.06,45.1
P396623,oily,80,3.75,71.7
P397310,all,316,4.24,87.2
P397310,dry,32,4.06,81.2
P397310,oily,22,4.27,86.4
P397465,all,112,4.15,76.8
P397465,dry,18,4.17,82.4
P397465,oily,9,3.89,75.0
P397622,all,130,4.05,79.4
P397622,dry,27,4.11,77.8
P397622,oily,7,4.43,85.7
P397623,all,278,4.54,89.2
P397623,dry,48,4.35,81.2
P397623,oily,17,5.00,100.0
P397624,all,322,4.45,87.4
P397624,dry,24,4.46,83.3
P397624,oily,28,4.36,82.1
P397625,all,70,4.06,75.6
P397625,dry,5,4.60,100.0
P397625,oily,5,4.00,80.0
P397626,all,63,3.62,64.1
P397626,dry,9,3.56,66.7
P397626,oily,3,1.67,0.0
P397627,all,49,3.31,57.9
P397627,dry,5,3.20,60.0
P397627,oily,1,5.00,100.0
P397890,all,1769,4.62,94.0
P397890,dry,146,4.53,91.1
P397890,oily,150,4.70,96.0
P398500,all,59,4.32,84.1
P398500,dry,5,4.40,100.0
P398500,oily,5,4.40,80.0
P398502,all,124,4.44,86.4
P398502,dry,14,4.57,85.7
P398502,oily,8,3.88,75.0
P398717,all,164,4.41,87.1
P398717,dry,57,4.39,84.8
P398717,oily,6,4.50,66.7
P398761,all,239,4.34,84.7
P398761,dry,41,4.71,92.7
P398761,oily,9,4.78,100.0
P399622,all,82,4.41,84.9
P399622,dry,11,4.27,81.8
P399622,oily,1,5.00,100.0
P399623,all,2042,3.95,72.2
P399623,dry,433,4.06,73.7
P399623,oily,114,3.86,71.9
P399656,all,83,4.54,92.5
P399656,dry,12,4.33,90.0
P399656,oily,4,5.00,100.0
P39970,all,937,4.11,75.9
P39970,dry,110,4.05,74.4
P39970,oily,57,4.02,75.0
P399755,all,120,4.39,88.3
P399755,dry,23,4.17,87.0
P399755,oily,14,4.71,92.9
P399932,all,555,3.43,56.7
P399932,dry,23,3.61,65.2
P399932,oily,33,3.30,54.5
P399934,all,46,4.24,73.9
P399934,dry,4,4.00,75.0
P399934,oily,1,5.00,100.0
P400203,all,960,4.24,78.4
P400203,dry,76,4.36,85.5
P400203,oily,157,3.93,70.7
P400204,all,343,4.42,82.6
P400204,dry,90,4.23,77.8
P400204,oily,15,3.93,73.3
P400205,all,241,4.35,80.3
P400205,dry,48,4.08,72.9
P400205,oily,15,4.73,100.0
P400207,all,1930,4.24,79.0
P400207,dry,192,4.12,77.1
P400207,oily,226,4.14,77.9
P400259,all,1605,4.16,80.2
P400259,dry,296,4.03,77.4
P400259,oily,151,4.32,88.7
P4010,all,789,4.50,85.8
P4010,dry,90,4.53,88.1
P4010,oily,108,4.44,80.0
P401158,all,77,4.65,98.4
P401158,dry,19,4.63,94.7
P401158,oily,5,5.00,100.0
P401570,all,86,4.50,90.6
P401570,dry,17,4.82,100.0
P401570,oily,11,5.00,100.0
P4015,all,890,4.32,82.2
P4015,dry,25,4.04,71.4
P4015,oily,210,4.36,86.8
P4016,all,2572,4.23,80.7
P4016,dry,127,4.12,79.2
P4016,oily,548,4.28,77.3
P402014,all,276,4.27,71.9
P402014,dry,28,4.46,84.2
P402014,oily,22,3.86,66.7
P402718,all,1495,4.30,84.2
P402718,dry,201,4.29,85.1
P402718,oily,122,4.45,92.0
P402942,all,171,3.78,70.6
P402942,dry,32,4.00,71.9
P402942,oily,14,4.21,78.6
P402943,all,86,3.83,63.2
P402943,dry,10,4.10,80.0
P402943,oily,8,4.50,87.5
P402944,all,427,4.01,74.1
P402944,dry,75,4.12,80.0
P402944,oily,33,4.73,93.9
P402992,all,105,3.44,63.2
P402992,dry,16,4.00,81.8
P402992,oily,9,4.44,87.5
P402993,all,9,3.67,71.4
P402993,dry,1,4.00,100.0
P402993,oily,1,5.00,100.0
P4032,all,317,4.29,67.7
P4032,dry,56,4.20,66.7
P4032,oily,12,3.83,33.3
P403315,all,181,4.48,82.8
P403315,dry,28,4.21,75.0
P403315,oily,13,4.38,76.9
P403748,all,102,3.91,71.1
P403748,dry,12,3.92,40.0
P403748,oily,6,3.67,66.7
P403817,all,1006,3.68,66.7
P403817,dry,114,3.61,64.1
P403817,oily,104,3.69,67.1
P403818,all,1902,3.74,64.5
P403818,dry,336,3.76,64.7
P403818,oily,211,3.62,61.6
P4039,all,174,4.17,80.8
P4039,dry,37,4.41,100.0
P4039,oily,11,4.00,100.0
P404168,all,77,4.18,67.9
P404168,dry,14,4.21,60.0
P404169,all,88,4.03,73.8
P404169,dry,11,4.73,87.5
P404169,oily,4,4.75,100.0
P404232,all,74,4.05,73.9
P404232,dry,7,3.86,60.0
P404232,oily,4,4.00,75.0
P404322,all,948,4.45,84.9
P404322,dry,128,4.54,88.5
P404322,oily,96,4.45,83.8
P404338,all,1394,4.14,81.6
P404338,dry,306,3.92,72.5
P404338,oily,81,4.06,83.8
P404465,all,149,4.14,82.6
P404465,dry,22,4.32,86.4
P404465,oily,17,4.29,94.1
P404793,all,967,4.37,90.1
P404793,dry,165,4.40,90.9
P404793,oily,101,4.31,90.1
P404794,all,276,3.85,68.0
P404794,dry,57,3.44,61.4
P404794,oily,11,4.36,90.9
P404795,all,1328,3.68,64.4
P404795,dry,233,3.71,65.4
P404795,oily,123,3.61,62.2
P405032,all,24,4.25,60.0
P405032,dry,4,3.75,75.0
P405096,all,1158,4.31,80.9
P405096,dry,146,4.15,77.8
P405096,oily,113,4.17,78.9
P405285,all,6,4.50,80.0
P405285,dry,4,5.00,100.0
P405286,all,35,4.31,83.3
P405286,dry,12,3.75,66.7
P405286,oily,2,4.50,100.0
P405584,all,600,4.34,81.5
P405584,dry,88,4.20,79.7
P405584,oily,78,4.38,83.3
P405589,all,22,3.77,85.7
P405589,dry,2,1.50,
P405589,oily,1,5.00,100.0
P405599,all,1749,4.24,79.4
P405599,dry,280,4.12,77.1
P405599,oily,172,4.43,86.2
P405825,all,8,4.12,66.7
P405825,dry,3,4.33,100.0
P405826,all,247,4.19,82.4
P405826,dry,24,4.42,91.7
P405826,oily,17,4.35,75.0
P405827,all,60,3.50,65.4
P405827,dry,7,3.43,66.7
P405827,oily,5,4.40,100.0
P405944,all,227,3.18,44.3
P405944,dry,34,3.21,50.0
P405944,oily,14,3.21,40.0
P406104,all,322,3.74,62.1
P406104,dry,47,3.34,54.8
P406104,oily,22,3.55,63.2
P406529,all,61,4.64,80.6
P406529,dry,9,4.89,100.0
P406529,oily,6,3.50,40.0
P406656,all,3,3.67,100.0
P406712,all,2563,4.19,80.1
P406712,dry,543,4.02,75.5
P406712,oily,249,4.37,86.2
P406941,all,75,3.75,74.2
P406941,dry,9,2.89,33.3
P406941,oily,4,3.25,100.0
P406942,all,67,4.25,76.7
P406942,dry,2,5.00,100.0
P406942,oily,2,5.00,100.0
P407040,all,115,4.13,83.7
P407040,dry,13,4.46,90.0
P407040,oily,16,4.31,80.0
P407381,all,64,4.30,79.2
P407381,dry,8,3.75,75.0
P407381,oily,8,4.12,75.0
P407387,all,215,4.15,80.1
P407387,dry,33,4.45,90.6
P407387,oily,33,4.06,79.3
P407444,all,342,4.30,82.9
P407444,dry,28,4.29,87.0
P407444,oily,52,4.23,83.7
P407448,all,443,4.11,79.7
P407448,dry,67,4.10,79.7
P407448,oily,33,4.18,81.2
P407450,all,515,4.26,88.2
P407450,dry,60,4.48,94.3
P407450,oily,47,4.38,88.9
P408230,all,159,4.75,95.6
P408230,dry,34,4.53,94.1
P408230,oily,8,4.50,100.0
P408241,all,78,4.59,90.9
P408241,dry,13,4.23,76.9
P408241,oily,6,4.50,83.3
P408271,all,23,4.04,81.8
P408271,dry,6,4.00,100.0
P408271,oily,5,3.20,50.0
P408273,all,26,3.92,72.2
P408273,dry,1,5.00,100.0
P408273,oily,1,4.00,
P408301,all,129,3.84,60.7
P408301,dry,10,4.10,80.0
P408301,oily,11,4.09,63.6
P408542,all,27,4.33,76.2
P408542,dry,1,3.00,0.0
P408542,oily,6,3.83,60.0
P408678,all,49,4.10,68.6
P408678,dry,10,4.00,62.5
P408678,oily,3,5.00,100.0
P409227,all,7,4.86,100.0
P409227,dry,2,5.00,100.0
P409630,all,298,4.18,84.6
P409630,dry,29,4.31,86.2
P409630,oily,20,4.55,90.0
P409631,all,969,4.53,90.3
P409631,dry,86,4.56,92.7
P409631,oily,64,4.44,88.6
P409800,all,3837,4.34,84.5
P409800,dry,498,4.30,84.5
P409800,oily,380,4.40,86.8
P409816,all,45,4.40,83.3
P409816,dry,4,5.00,100.0
P409816,oily,9,4.33,80.0
P409834,all,63,4.25,82.4
P409834,dry,10,3.80,55.6
P409834,oily,1,5.00,100.0
P409920,all,42,3.64,77.8
P409920,dry,9,4.56,88.9
P409920,oily,4,3.75,75.0
P410101,all,84,3.44,60.8
P410101,dry,17,3.18,50.0
P410101,oily,7,3.86,80.0
P410400,all,2283,4.13,79.0
P410400,dry,172,4.27,82.6
P410400,oily,366,4.02,74.3
P410657,all,16,4.25,69.2
P410657,dry,3,3.67,33.3
P410755,all,104,4.13,57.1
P410755,dry,5,3.80,60.0
P410756,all,132,4.08,65.0
P410756,dry,8,3.75,62.5
P410756,oily,5,4.40,80.0
P410809,all,31,3.26,52.9
P410809,dry,6,4.67,100.0
P410883,all,137,4.23,81.8
P410883,dry,7,4.43,75.0
P410883,oily,32,4.34,92.6
P411254,all,306,3.92,73.2
P411254,dry,37,4.19,78.8
P411254,oily,15,4.20,80.0
P411360,all,76,4.09,76.9
P411360,dry,8,4.38,75.0
P411360,oily,3,4.33,100.0
P411365,all,1031,4.59,93.2
P411365,dry,199,4.62,93.4
P411365,oily,93,4.59,92.5
P411387,all,5864,4.21,80.1
P411387,dry,1007,4.15,78.7
P411387,oily,794,4.19,79.4
P411388,all,1675,4.05,75.0
P411388,dry,290,3.83,69.3
P411388,oily,200,4.24,80.9
P411393,all,934,4.17,82.0
P411393,dry,165,4.19,84.2
P411393,oily,73,4.30,81.8
P411401,all,1026,4.00,77.6
P411401,dry,162,4.04,75.3
P411401,oily,96,4.01,76.4
P411403,all,2487,4.62,94.9
P411403,dry,475,4.66,95.2
P411403,oily,231,4.55,94.8
P411539,all,1367,4.32,84.9
P411539,dry,470,4.38,86.9
P411539,oily,62,4.31,88.9
P411540,all,5321,3.99,74.5
P411540,dry,1120,4.01,76.2
P411540,oily,559,3.83,71.8
P411881,all,131,3.44,46.7
P411881,dry,24,4.00,70.6
P411881,oily,15,3.13,35.7
P412025,all,391,3.97,72.9
P412025,dry,58,3.84,70.7
P412025,oily,29,3.97,82.8
P412117,all,114,4.31,76.4
P412117,dry,41,4.24,75.0
P412117,oily,1,5.00,100.0
P412407,all,81,3.85,68.5
P412407,dry,6,4.33,60.0
P412407,oily,10,2.70,40.0
P413326,all,672,4.28,83.0
P413326,dry,104,4.24,79.0
P413326,oily,75,4.35,85.1
P413613,all,134,4.15,81.0
P413613,dry,25,4.32,83.3
P413613,oily,17,4.35,86.7
P414293,all,530,4.44,85.1
P414293,dry,125,4.45,84.8
P414293,oily,39,4.54,89.2
P414737,all,481,4.18,81.8
P414737,dry,67,4.25,88.7
P414737,oily,64,4.28,89.8
P415202,all,359,3.71,65.2
P415202,dry,65,3.63,66.1
P415202,oily,22,3.86,66.7
P415237,all,1826,4.20,81.7
P415237,dry,325,4.21,82.2
P415237,oily,127,4.20,82.4
P415619,all,1457,4.34,87.4
P415619,dry,302,4.31,84.7
P415619,oily,67,4.19,86.6
P415620,all,505,4.52,88.4
P415620,dry,118,4.49,87.3
P415620,oily,46,4.46,87.0
P415667,all,624,4.24,81.1
P415667,dry,42,4.14,78.6
P415667,oily,93,4.29,81.7
P415701,all,1833,4.26,80.6
P415701,dry,319,4.24,81.8
P415701,oily,173,4.35,83.0
P415747,all,1355,4.13,77.4
P415747,dry,211,3.93,72.1
P415747,oily,155,4.13,79.6
P415771,all,2483,4.44,88.8
P415771,dry,434,4.36,86.9
P415771,oily,268,4.40,87.3
P415773,all,366,4.24,81.6
P415773,dry,72,4.28,81.2
P415773,oily,34,4.12,74.2
P415777,all,2555,4.29,81.8
P415777,dry,421,4.29,82.7
P415777,oily,277,4.26,83.4
P416139,all,977,4.01,74.8
P416139,dry,166,4.14,76.8
P416139,oily,81,3.77,68.1
P416312,all,194,4.25,79.0
P416312,dry,20,4.30,92.9
P416312,oily,10,3.00,44.4
P416341,all,1378,4.06,75.5
P416341,dry,332,4.07,75.9
P416341,oily,100,3.93,74.5
P416344,all,119,4.00,70.3
P416344,dry,20,3.65,68.4
P416344,oily,16,4.31,81.2
P416538,all,42,4.29,77.5
P416538,dry,15,4.47,86.7
P416538,oily,5,5.00,100.0
P416552,all,205,4.39,83.8
P416552,dry,25,4.28,79.2
P416552,oily,13,4.00,83.3
P416560,all,639,4.02,73.5
P416560,dry,145,4.06,73.2
P416560,oily,71,4.14,76.5
P416561,all,714,4.09,75.9
P416561,dry,93,3.90,69.2
P416561,oily,130,4.34,85.2
P416562,all,653,3.64,60.5
P416562,dry,121,3.75,62.6
P416562,oily,61,3.67,64.9
P416563,all,1472,4.35,84.4
P416563,dry,298,4.26,80.9
P416563,oily,140,4.21,81.4
P416564,all,477,4.53,86.9
P416564,dry,132,4.63,89.4
P416564,oily,31,4.55,87.1
P416588,all,4,3.25,50.0
P416589,all,8,4.50,100.0
P416589,dry,1,5.00,100.0
P416725,all,29,4.00,80.0
P416725,dry,4,4.00,75.0
P416725,oily,1,5.00,100.0
P416728,all,35,4.57,87.9
P416728,dry,4,4.50,75.0
P416728,oily,2,5.00,100.0
P416755,all,146,4.03,75.6
P416755,dry,24,3.88,69.6
P416755,oily,16,3.44,62.5
P416815,all,1447,4.43,83.7
P416815,dry,53,4.15,78.6
P416815,oily,393,4.45,84.6
P416816,all,1674,4.30,78.6
P416816,dry,98,4.29,84.9
P416816,oily,443,4.28,77.5
P416824,all,157,3.93,71.0
P416824,dry,36,4.03,75.8
P416824,oily,14,4.00,66.7
P416825,all,159,3.98,74.5
P416825,dry,33,3.61,58.1
P416825,oily,13,3.23,69.2
P416923,all,326,3.66,61.0
P416923,dry,74,3.74,65.3
P416923,oily,26,3.92,70.8
P417107,all,71,4.07,80.6
P417107,dry,6,4.83,100.0
P417107,oily,5,2.80,40.0
P417110,all,15,3.33,50.0
P417110,dry,3,3.67,66.7
P417110,oily,1,1.00,0.0
P417111,all,55,3.58,57.4
P417111,dry,7,3.14,42.9
P417111,oily,5,3.40,0.0
P417114,all,45,4.20,80.5
P417114,dry,6,3.17,50.0
P417114,oily,6,4.67,100.0
P417115,all,35,4.46,81.8
P417115,dry,9,4.44,88.9
P417115,oily,1,5.00,100.0
P417118,all,67,4.25,78.3
P417118,dry,13,4.62,91.7
P417118,oily,3,3.67,66.7
P417238,all,6169,4.50,87.3
P417238,dry,1212,4.45,86.0
P417238,oily,719,4.53,88.7
P417241,all,199,4.42,88.2
P417241,dry,43,4.47,88.4
P417241,oily,12,4.42,91.7
P417242,all,192,3.93,67.1
P417242,dry,32,3.62,62.5
P417242,oily,11,4.09,70.0
P417243,all,45,4.13,79.5
P417243,dry,6,3.17,60.0
P417243,oily,5,4.20,80.0
P417323,all,38,4.37,82.9
P417323,dry,5,4.80,80.0
P417323,oily,8,4.25,87.5
P417359,all,14,4.21,91.7
P417359,dry,3,3.67,66.7
P417359,oily,1,5.00,100.0
P417604,all,32,4.34,78.6
P417604,dry,4,4.25,50.0
P417604,oily,2,3.50,50.0
P417625,all,108,3.92,71.6
P417625,dry,11,4.18,80.0
P417625,oily,9,4.22,88.9
P417867,all,260,4.19,76.7
P417867,dry,73,4.07,72.2
P417867,oily,12,4.33,83.3
P417936,all,1353,4.16,78.0
P417936,dry,302,4.21,79.2
P417936,oily,139,4.04,77.8
P417980,all,351,4.32,83.8
P417980,dry,54,4.31,85.2
P417980,oily,30,4.43,90.0
P417984,all,244,4.02,73.3
P417984,dry,45,3.78,67.5
P417984,oily,25,4.12,81.8
P418218,all,4170,4.02,73.4
P418218,dry,469,3.85,70.2
P418218,oily,762,4.02,74.5
P418221,all,156,3.97,65.9
P418221,dry,26,3.50,53.8
P418221,oily,14,4.00,64.3
P418346,all,1800,4.11,78.7
P418346,dry,339,4.13,78.7
P418346,oily,155,4.08,76.1
P418624,all,1122,4.41,85.5
P418624,dry,227,4.45,89.0
P418624,oily,105,4.27,81.9
P418629,all,1101,3.99,73.9
P418629,dry,188,4.09,75.7
P418629,oily,89,3.78,67.1
P418872,all,879,4.56,88.5
P418872,dry,58,4.47,86.2
P418872,oily,161,4.42,84.5
P419221,all,845,3.30,52.1
P419221,dry,184,3.41,57.3
P419221,oily,73,2.95,38.0
P419222,all,1363,3.31,55.9
P419222,dry,252,3.45,61.2
P419222,oily,141,3.12,47.5
P419223,all,1070,3.90,72.9
P419223,dry,207,4.00,78.8
P419223,oily,97,3.81,73.7
P419466,all,59,4.95,98.3
P419466,dry,13,5.00,100.0
P419466,oily,7,5.00,100.0
P419633,all,142,3.89,79.2
P419633,dry,11,4.00,81.8
P419633,oily,17,4.06,76.5
P420143,all,250,3.92,71.4
P420143,dry,23,3.43,56.5
P420143,oily,29,4.17,79.3
P420158,all,419,4.24,80.5
P420158,dry,69,4.28,80.0
P420158,oily,46,4.43,91.1
P420224,all,535,4.27,81.1
P420224,dry,100,4.22,78.4
P420224,oily,68,4.16,82.1
P420230,all,205,4.10,75.9
P420230,dry,47,4.17,78.7
P420230,oily,19,3.58,57.9
P420638,all,37,4.32,78.6
P420638,dry,8,3.88,66.7
P420638,oily,2,5.00,100.0
P420652,all,16138,4.35,83.0
P420652,dry,3059,4.29,81.3
P420652,oily,1943,4.36,83.1
P420699,all,651,4.05,74.7
P420699,dry,112,3.99,74.1
P420699,oily,55,4.02,70.9
P421235,all,2607,4.25,86.6
P421235,dry,416,4.29,88.0
P421235,oily,226,4.19,81.9
P421243,all,2200,4.20,79.5
P421243,dry,402,4.17,77.5
P421243,oily,256,4.18,77.1
P421249,all,62,4.23,79.3
P421249,dry,5,3.60,60.0
P421249,oily,9,4.22,88.9
P421271,all,90,3.07,46.5
P421271,dry,11,2.55,40.0
P421271,oily,3,4.00,66.7
P421275,all,4576,4.18,81.1
P421275,dry,614,4.16,80.5
P421275,oily,706,4.17,81.3
P421276,all,1041,4.51,93.3
P421276,dry,193,4.52,94.3
P421276,oily,137,4.53,95.6
P421277,all,1159,4.03,76.3
P421277,dry,235,3.96,73.5
P421277,oily,93,3.91,74.2
P421432,all,590,3.93,75.3
P421432,dry,72,4.36,84.5
P421432,oily,100,3.91,71.7
P421600,all,313,4.08,73.8
P421600,dry,24,4.17,72.7
P421600,oily,63,4.19,74.2
P421996,all,2517,4.45,88.3
P421996,dry,711,4.51,89.3
P421996,oily,217,4.36,87.1
P421997,all,194,4.22,76.9
P421997,dry,17,4.06,70.6
P421997,oily,42,4.21,75.6
P421998,all,1173,4.22,79.4
P421998,dry,234,4.29,81.5
P421998,oily,128,4.13,77.0
P422000,all,1671,4.00,74.7
P422000,dry,328,3.94,72.8
P422000,oily,168,4.06,78.0
P422002,all,524,4.54,88.3
P422002,dry,52,4.27,78.8
P422002,oily,103,4.71,92.2
P422003,all,138,4.40,85.2
P422003,dry,37,4.54,83.8
P422003,oily,14,4.43,100.0
P422004,all,91,3.75,69.7
P422004,dry,25,4.08,80.0
P422004,oily,8,2.88,25.0
P422005,all,84,3.71,65.4
P422005,dry,23,4.04,73.9
P422005,oily,9,4.22,77.8
P422007,all,863,4.37,86.0
P422007,dry,148,4.32,85.8
P422007,oily,109,4.22,84.3
P422011,all,182,4.26,83.3
P422011,dry,38,4.47,89.5
P422011,oily,22,4.50,90.9
P422012,all,158,3.84,67.3
P422012,dry,34,3.38,61.8
P422012,oily,13,4.54,84.6
P422013,all,307,4.50,88.0
P422013,dry,28,4.32,85.7
P422013,oily,48,4.46,85.1
P422022,all,913,3.85,73.8
P422022,dry,127,3.57,65.4
P422022,oily,122,3.93,75.2
P42204,all,5200,4.64,85.3
P42204,dry,555,4.63,82.8
P42204,oily,432,4.63,86.8
P42205,all,2441,4.56,83.8
P42205,dry,201,4.56,84.3
P42205,oily,235,4.53,87.3
P422248,all,188,4.29,80.9
P422248,dry,19,4.53,84.2
P422248,oily,46,4.37,81.8
P422253,all,33,3.58,63.6
P422253,oily,7,3.57,71.4
P422257,all,226,4.29,81.7
P422257,dry,36,4.36,85.7
P422257,oily,32,4.53,90.3
P422260,all,15,3.60,66.7
P422260,dry,6,3.33,66.7
P422260,oily,1,5.00,100.0
P422428,all,78,4.27,84.4
P422428,dry,18,3.89,72.2
P422428,oily,9,4.44,88.9
P422430,all,1256,4.56,93.4
P422430,dry,217,4.61,95.9
P422430,oily,188,4.56,93.6
P422510,all,2517,4.45,88.3
P422510,dry,711,4.51,89.3
P422510,oily,217,4.36,87.1
P422536,all,2306,4.41,88.5
P422536,dry,227,4.14,84.6
P422536,oily,505,4.45,88.1
P422648,all,52,4.48,84.6
P422648,dry,1,5.00,100.0
P422648,oily,20,4.45,80.0
P422649,all,27,4.19,74.1
P422649,dry,4,4.75,100.0
P422848,all,21,4.14,76.2
P422848,dry,6,4.67,83.3
P422905,all,2966,4.46,90.2
P422905,dry,530,4.39,86.8
P422905,oily,345,4.47,90.7
P423123,all,309,4.56,93.9
P423123,dry,32,4.38,87.5
P423123,oily,48,4.56,89.6
P423125,all,156,4.31,85.9
P423125,dry,32,4.28,87.5
P423125,oily,18,4.33,77.8
P423127,all,199,4.45,89.9
P423127,dry,42,4.45,90.5
P423127,oily,30,4.10,76.7
P423130,all,390,4.37,89.5
P423130,dry,83,4.43,90.4
P423130,oily,45,4.40,95.6
P423134,all,204,4.18,83.3
P423134,dry,29,4.48,93.1
P423134,oily,35,4.11,85.7
P423135,all,226,4.66,95.1
P423135,dry,54,4.89,100.0
P423135,oily,28,4.43,92.9
P423136,all,716,4.52,91.1
P423136,dry,125,4.58,94.4
P423136,oily,79,4.37,87.3
P423142,all,428,4.60,92.1
P423142,dry,36,4.53,91.7
P423142,oily,79,4.58,89.9
P423143,all,36,4.17,77.8
P423143,dry,10,4.20,80.0
P423143,oily,5,3.80,60.0
P423145,all,23,3.78,69.6
P423145,dry,2,3.50,50.0
P423145,oily,3,3.33,66.7
P423148,all,1230,4.54,91.4
P423148,dry,200,4.59,92.5
P423148,oily,163,4.36,85.3
P423150,all,317,4.40,88.6
P423150,dry,67,4.48,94.0
P423150,oily,25,4.28,88.0
P423157,all,136,3.85,73.5
P423157,dry,29,3.66,65.5
P423157,oily,13,3.85,76.9
P423159,all,51,3.96,76.5
P423159,dry,8,3.88,75.0
P423159,oily,6,4.50,100.0
P423163,all,17,4.94,100.0
P423163,dry,3,5.00,100.0
P423164,all,23,4.30,78.3
P423164,dry,8,3.62,62.5
P423164,oily,1,5.00,100.0
P423165,all,36,4.08,77.8
P423165,dry,3,5.00,100.0
P423165,oily,1,2.00,0.0
P423166,all,5,4.40,80.0
P423166,dry,1,5.00,100.0
P423167,all,2,5.00,100.0
P423167,oily,1,5.00,100.0
P423168,all,2,4.00,50.0
P423168,oily,1,3.00,0.0
P423169,all,12,3.75,66.7
P423169,dry,3,4.67,100.0
P423169,oily,2,3.50,50.0
P423254,all,291,4.06,76.6
P423254,dry,70,4.03,78.6
P423254,oily,26,4.31,84.6
P423259,all,1080,4.27,84.1
P423259,dry,380,4.34,87.1
P423259,oily,84,4.32,84.5
P423264,all,54,4.39,85.2
P423264,dry,9,4.67,88.9
P423264,oily,7,4.43,85.7
P423688,all,4600,4.70,95.1
P423688,dry,767,4.67,94.5
P423688,oily,557,4.67,95.0
P423690,all,28,4.11,78.6
P423690,dry,3,4.67,100.0
P423690,oily,1,5.00,100.0
P424378,all,267,4.24,82.4
P424378,dry,63,4.25,85.7
P424378,oily,30,4.13,83.3
P424948,all,1692,4.03,77.4
P424948,dry,299,4.09,79.6
P424948,oily,180,3.98,73.3
P424984,all,65,4.08,80.0
P424984,dry,13,4.38,92.3
P424984,oily,4,5.00,100.0
P424985,all,90,4.00,80.0
P424985,dry,20,3.75,70.0
P424985,oily,10,3.60,80.0
P424986,all,181,4.34,84.5
P424986,dry,27,4.56,92.6
P424986,oily,22,4.00,72.7
P424987,all,24,3.50,62.5
P424987,dry,4,4.25,75.0
P424988,all,471,3.99,74.7
P424988,dry,88,3.86,70.5
P424988,oily,46,4.11,73.9
P424989,all,196,4.19,81.1
P424989,dry,39,4.33,87.2
P424989,oily,12,4.33,83.3
P424990,all,173,4.10,80.3
P424990,dry,36,4.25,80.6
P424990,oily,16,4.62,93.8
P426080,all,490,4.35,86.3
P426080,dry,96,4.50,90.6
P426080,oily,52,4.40,86.5
P426183,all,2949,4.08,77.0
P426183,dry,433,3.99,73.2
P426183,oily,298,4.11,78.0
P426340,all,1726,4.43,86.0
P426340,dry,211,4.52,87.7
P426340,oily,133,4.56,86.5
P426501,all,1378,4.06,75.5
P426501,dry,332,4.07,75.9
P426501,oily,100,3.93,74.5
P426707,all,1072,4.00,75.2
P426707,dry,142,3.67,66.2
P426707,oily,216,4.11,77.8
P426829,all,414,4.48,84.8
P426829,dry,101,4.46,82.2
P426829,oily,45,4.29,82.2
P426836,all,2704,3.94,73.4
P426836,dry,464,3.94,74.1
P426836,oily,349,3.91,73.9
P427393,all,148,3.53,61.5
P427393,dry,15,3.60,53.3
P427393,oily,27,3.59,63.0
P427397,all,1187,4.58,93.3
P427397,dry,215,4.62,93.5
P427397,oily,151,4.50,91.4
P427404,all,166,3.82,70.5
P427404,dry,30,3.97,76.7
P427404,oily,12,3.75,66.7
P427405,all,238,4.32,86.1
P427405,dry,50,4.38,86.0
P427405,oily,25,4.00,84.0
P427406,all,2897,4.34,85.8
P427406,dry,504,4.46,90.3
P427406,oily,454,4.33,84.6
P427409,all,395,3.64,64.1
P427409,dry,64,3.23,53.1
P427409,oily,58,3.72,70.7
P427410,all,1113,3.45,60.5
P427410,dry,206,3.46,60.7
P427410,oily,144,3.72,69.4
P427411,all,959,4.15,80.9
P427411,dry,162,4.12,80.2
P427411,oily,166,4.25,84.9
P427412,all,757,4.03,78.7
P427412,dry,109,4.34,89.9
P427412,oily,133,4.10,78.2
P427413,all,1291,4.50,89.9
P427413,dry,228,4.53,90.8
P427413,oily,177,4.50,89.3
P427414,all,2059,4.15,79.3
P427414,dry,460,4.13,78.7
P427414,oily,228,4.08,76.8
P427415,all,1623,4.40,86.9
P427415,dry,378,4.39,87.3
P427415,oily,218,4.43,89.0
P427416,all,2126,3.77,70.3
P427416,dry,369,3.72,68.6
P427416,oily,270,3.80,72.6
P427417,all,5795,4.24,83.1
P427417,dry,636,4.25,83.0
P427417,oily,1288,4.28,83.6
P427418,all,710,4.45,88.5
P427418,dry,142,4.49,88.7
P427418,oily,95,4.49,91.6
P427419,all,3800,4.21,81.9
P427419,dry,973,4.18,80.7
P427419,oily,405,4.28,84.0
P427420,all,1611,4.14,79.3
P427420,dry,378,4.06,76.2
P427420,oily,141,3.91,73.0
P427421,all,6063,3.96,72.8
P427421,dry,1162,3.95,71.9
P427421,oily,664,3.99,73.8
P427513,all,13,4.00,69.2
P427513,dry,1,5.00,100.0
P427513,oily,3,2.67,33.3
P427529,all,389,3.67,63.8
P427529,dry,86,3.83,74.4
P427529,oily,40,3.48,52.5
P427536,all,2364,4.15,79.1
P427536,dry,288,4.04,74.7
P427536,oily,449,4.22,82.0
P427638,all,633,4.48,89.6
P427638,dry,134,4.50,90.3
P427638,oily,77,4.39,92.2
P427640,all,11,4.27,90.9
P427640,dry,1,3.00,100.0
P427640,oily,4,3.75,75.0
P427641,all,47,3.68,63.8
P427641,dry,12,3.33,58.3
P427641,oily,3,4.67,100.0
P427729,all,64,3.92,70.3
P427729,dry,11,3.55,54.5
P427729,oily,4,3.50,75.0
P427731,all,15,4.67,86.7
P427731,dry,2,5.00,100.0
P427731,oily,2,5.00,100.0
P427732,all,13,4.00,76.9
P427732,dry,4,4.25,75.0
P428005,all,20,4.25,75.0
P428005,dry,2,5.00,100.0
P428005,oily,1,4.00,100.0
P428095,all,1238,4.14,78.5
P428095,dry,257,4.24,81.3
P428095,oily,172,4.36,85.5
P428100,all,762,4.03,75.1
P428100,dry,127,4.05,76.4
P428100,oily,115,3.92,69.6
P428103,all,11,4.55,81.8
P428103,dry,2,5.00,100.0
P428103,oily,2,5.00,100.0
P428240,all,219,4.36,87.7
P428240,dry,114,4.49,93.9
P428240,oily,17,4.24,82.4
P428250,all,1568,3.98,75.7
P428250,dry,180,4.09,77.8
P428250,oily,273,3.84,71.1
P428255,all,152,4.24,82.2
P428255,dry,29,3.72,65.5
P428255,oily,19,4.58,89.5
P428414,all,14,4.50,100.0
P428414,dry,1,5.00,100.0
P428416,all,839,4.26,79.7
P428416,dry,185,4.09,75.7
P428416,oily,99,4.38,82.8
P428422,all,33,3.97,75.8
P428422,dry,2,4.00,50.0
P428422,oily,12,3.92,75.0
P428423,all,34,4.18,76.5
P428423,dry,6,4.50,83.3
P428423,oily,3,4.67,100.0
P428636,all,23,3.61,56.5
P428636,dry,4,4.50,75.0
P428636,oily,5,3.80,60.0
P428637,all,22,4.36,81.8
P428637,dry,5,4.80,100.0
P428639,all,13,4.31,84.6
P428639,dry,2,5.00,100.0
P428668,all,490,4.08,78.0
P428668,dry,104,3.88,73.1
P428668,oily,46,4.46,89.1
P428816,all,400,3.79,66.2
P428816,dry,114,3.75,67.5
P428816,oily,44,4.14,75.0
P428819,all,1930,4.00,73.7
P428819,dry,278,4.08,76.3
P428819,oily,336,3.93,72.9
P429043,all,189,3.97,72.5
P429043,dry,36,4.19,80.6
P429043,oily,14,4.36,78.6
P429242,all,1530,4.66,95.2
P429242,dry,252,4.64,94.4
P429242,oily,182,4.56,91.2
P429250,all,476,4.13,78.2
P429250,dry,103,4.21,79.6
P429250,oily,58,4.29,82.8
P429504,all,8,4.25,87.5
P429504,dry,1,5.00,100.0
P429504,oily,1,5.00,100.0
P429508,all,23,4.35,82.6
P429508,dry,5,4.80,100.0
P429508,oily,3,4.67,100.0
P429515,all,1484,3.75,68.2
P429515,dry,290,3.78,70.0
P429515,oily,162,3.99,76.5
P429516,all,799,4.42,88.7
P429516,dry,145,4.41,89.7
P429516,oily,99,4.56,93.9
P429522,all,125,3.62,57.6
P429522,dry,25,3.56,56.0
P429522,oily,13,3.54,46.2
P429526,all,103,4.43,86.4
P429526,dry,23,4.39,87.0
P429526,oily,9,4.11,77.8
P429529,all,432,4.22,79.6
P429529,dry,89,4.54,91.0
P429529,oily,45,4.24,82.2
P429538,all,15,4.27,66.7
P429538,dry,4,4.50,75.0
P429538,oily,1,5.00,100.0
P429637,all,137,3.68,67.2
P429637,dry,9,3.78,66.7
P429637,oily,21,4.29,76.2
P429659,all,98,4.26,80.6
P429659,dry,37,4.43,91.9
P429659,oily,8,4.25,87.5
P429661,all,103,4.20,80.6
P429661,dry,10,4.50,80.0
P429661,oily,27,4.00,77.8
P429662,all,239,3.89,74.9
P429662,dry,32,3.62,71.9
P429662,oily,41,4.27,87.8
P429675,all,13,3.77,69.2
P429675,dry,4,4.50,100.0
P429676,all,31,3.32,51.6
P429676,dry,7,3.57,57.1
P429676,oily,2,3.00,50.0
P429683,all,160,3.83,70.6
P429683,dry,34,3.82,73.5
P429683,oily,21,4.14,81.0
P429952,all,4430,4.03,75.4
P429952,dry,961,4.00,74.2
P429952,oily,417,4.08,77.7
P429953,all,502,3.66,67.5
P429953,dry,129,3.91,74.4
P429953,oily,39,3.85,76.9
P429954,all,267,3.95,73.8
P429954,dry,23,3.83,69.6
P429954,oily,67,4.01,74.6
P430143,all,12,4.17,75.0
P430143,dry,2,5.00,100.0
P430143,oily,1,5.00,100.0
P430146,all,1062,4.51,88.5
P430146,dry,271,4.47,87.5
P430146,oily,93,4.66,93.5
P430337,all,2961,4.34,86.6
P430337,dry,531,4.39,87.9
P430337,oily,367,4.34,86.6
P430338,all,24,4.04,75.0
P430338,dry,7,4.57,100.0
P430405,all,10,4.30,70.0
P430405,dry,3,5.00,100.0
P430809,all,16,4.31,93.8
P430809,dry,3,4.33,100.0
P430809,oily,3,4.33,100.0
P430812,all,172,4.20,78.5
P430812,dry,38,4.11,73.7
P430812,oily,21,4.10,76.2
P430813,all,108,4.08,75.0
P430813,dry,21,4.00,76.2
P430813,oily,13,4.77,92.3
P430818,all,302,4.11,77.5
P430818,dry,59,4.00,78.0
P430818,oily,29,4.21,75.9
P430903,all,299,3.73,67.6
P430903,dry,73,3.84,71.2
P430903,oily,29,3.45,58.6
P431180,all,2852,3.95,76.7
P431180,dry,518,4.03,78.4
P431180,oily,282,3.94,77.0
P431181,all,1073,3.71,69.4
P431181,dry,185,3.51,61.6
P431181,oily,129,3.93,76.7
P431187,all,882,4.03,73.5
P431187,dry,184,3.92,71.2
P431187,oily,101,3.97,72.3
P431416,all,47,4.66,87.2
P431416,dry,17,4.53,82.4
P431416,oily,4,4.25,75.0
P431418,all,24,3.50,62.5
P431418,dry,4,2.75,25.0
P431418,oily,2,4.50,100.0
P431419,all,25,3.04,48.0
P431419,dry,3,4.33,100.0
P431419,oily,3,3.67,66.7
P431733,all,81,4.62,90.1
P431733,dry,17,4.29,82.4
P431733,oily,13,4.23,76.9
P431840,all,151,3.55,61.6
P431840,dry,29,3.59,58.6
P431840,oily,16,3.25,50.0
P431847,all,188,4.11,80.3
P431847,dry,44,4.07,81.8
P431847,oily,21,4.14,81.0
P431848,all,1522,4.53,92.4
P431848,dry,150,4.56,96.0
P431848,oily,269,4.44,90.7
P432045,all,649,3.87,71.3
P432045,dry,150,3.78,70.0
P432045,oily,67,3.99,76.1
P432048,all,320,4.26,79.7
P432048,dry,59,4.32,79.7
P432048,oily,29,4.21,75.9
P432049,all,510,4.56,91.4
P432049,dry,85,4.48,90.6
P432049,oily,50,4.74,96.0
P432053,all,158,3.85,72.8
P432053,dry,35,3.83,68.6
P432053,oily,25,4.08,72.0
P432239,all,191,4.04,72.3
P432239,dry,45,4.20,80.0
P432239,oily,17,3.59,52.9
P432240,all,4,2.00,25.0
P432240,oily,2,3.00,50.0
P432241,all,716,3.87,73.2
P432241,dry,136,3.78,72.8
P432241,oily,87,4.03,78.2
P432242,all,569,4.11,83.7
P432242,dry,60,4.02,86.7
P432242,oily,100,4.21,83.0
P432243,all,198,3.09,49.5
P432243,dry,30,3.30,53.3
P432243,oily,46,2.83,41.3
P432255,all,3,4.00,100.0
P432256,all,28,4.36,78.6
P432256,dry,5,4.00,60.0
P432256,oily,4,4.75,75.0
P432262,all,400,3.88,72.5
P432262,dry,81,4.05,75.3
P432262,oily,52,3.81,69.2
P432421,all,88,3.76,67.0
P432421,dry,8,3.62,62.5
P432421,oily,14,4.36,78.6
P432662,all,63,3.10,50.8
P432662,dry,13,3.54,61.5
P432662,oily,7,3.57,71.4
P432668,all,2045,4.43,86.6
P432668,dry,420,4.40,86.2
P432668,oily,235,4.23,80.9
P432818,all,171,3.98,71.3
P432818,dry,26,3.73,61.5
P432818,oily,30,3.67,66.7
P432823,all,304,4.13,79.6
P432823,dry,46,4.26,80.4
P432823,oily,43,3.77,74.4
P432824,all,179,3.88,71.5
P432824,dry,29,4.21,82.8
P432824,oily,22,4.05,72.7
P432829,all,2073,4.36,83.3
P432829,dry,568,4.25,79.6
P432829,oily,187,4.39,83.4
P432831,all,215,4.26,80.0
P432831,dry,48,4.27,79.2
P432831,oily,16,4.44,81.2
P432835,all,28,4.07,75.0
P432835,dry,5,4.00,80.0
P432835,oily,5,4.80,80.0
P433143,all,260,4.19,82.3
P433143,dry,31,4.03,77.4
P433143,oily,48,3.90,70.8
P433155,all,32,4.03,81.2
P433155,dry,6,4.17,83.3
P433155,oily,2,5.00,100.0
P433435,all,1424,3.84,72.8
P433435,dry,108,3.99,78.7
P433435,oily,396,3.73,67.9
P433440,all,33,3.82,69.7
P433440,dry,10,4.50,90.0
P433440,oily,5,3.40,60.0
P433443,all,988,4.52,89.6
P433443,dry,183,4.45,88.0
P433443,oily,106,4.47,91.5
P433444,all,1074,4.65,95.0
P433444,dry,167,4.66,97.0
P433444,oily,168,4.51,90.5
P433446,all,14,4.07,92.9
P433446,dry,2,5.00,100.0
P433446,oily,5,3.60,80.0
P433453,all,241,2.89,45.6
P433453,dry,35,2.89,42.9
P433453,oily,28,2.54,32.1
P433456,all,345,4.01,76.8
P433456,dry,55,3.78,67.3
P433456,oily,45,4.24,82.2
P433457,all,318,4.34,89.9
P433457,dry,51,4.25,86.3
P433457,oily,46,4.43,91.3
P433461,all,42,3.76,69.0
P433461,dry,7,4.00,85.7
P433461,oily,10,3.90,70.0
P433465,all,18,4.17,83.3
P433465,dry,7,4.43,85.7
P433465,oily,3,4.00,100.0
P433466,all,22,4.59,86.4
P433466,dry,3,4.33,66.7
P433466,oily,3,3.33,66.7
P433468,all,105,4.11,74.3
P433468,dry,5,4.40,80.0
P433468,oily,24,4.38,83.3
P433469,all,39,4.10,76.9
P433469,dry,6,5.00,100.0
P433469,oily,3,4.00,66.7
P433519,all,123,3.53,62.6
P433519,dry,36,3.47,58.3
P433519,oily,7,3.57,57.1
P433520,all,3472,4.40,88.2
P433520,dry,722,4.38,86.7
P433520,oily,370,4.34,86.8
P433521,all,842,4.35,88.4
P433521,dry,134,4.34,89.6
P433521,oily,63,4.37,93.7
P433522,all,61,4.31,80.3
P433522,dry,20,4.40,80.0
P433522,oily,4,4.25,75.0
P433524,all,35,4.14,82.9
P433524,dry,6,4.17,83.3
P433524,oily,1,4.00,100.0
P433617,all,47,4.21,76.6
P433617,dry,5,4.20,80.0
P433617,oily,9,4.22,66.7
P433618,all,110,4.25,78.2
P433618,dry,15,3.80,66.7
P433618,oily,15,4.27,80.0
P433619,all,21,4.24,81.0
P433619,dry,9,4.44,77.8
P433619,oily,1,4.00,100.0
P433620,all,12,3.25,58.3
P433620,dry,2,3.50,50.0
P433620,oily,2,3.00,50.0
P433621,all,26,4.31,80.8
P433621,dry,5,4.60,80.0
P433621,oily,1,5.00,100.0
P433627,all,493,4.16,78.7
P433627,dry,96,4.47,87.5
P433627,oily,63,4.27,82.5
P433884,all,65,4.25,80.0
P433884,dry,7,4.86,100.0
P433884,oily,7,4.00,71.4
P433887,all,2096,4.21,81.2
P433887,dry,461,4.23,80.7
P433887,oily,183,4.15,78.7
P433962,all,23,4.26,82.6
P433962,dry,7,4.71,85.7
P433962,oily,1,5.00,100.0
P433971,all,168,4.19,79.8
P433971,dry,26,4.50,80.8
P433971,oily,15,4.27,80.0
P433973,all,230,4.72,94.8
P433973,dry,29,4.62,93.1
P433973,oily,25,4.64,92.0
P433974,all,99,4.58,92.9
P433974,dry,16,4.50,93.8
P433974,oily,8,4.88,100.0
P433975,all,116,4.22,81.9
P433975,dry,19,4.00,73.7
P433975,oily,6,3.50,66.7
P434336,all,1167,4.39,84.8
P434336,dry,234,4.44,88.9
P434336,oily,111,4.23,81.1
P434340,all,75,4.00,73.3
P434340,dry,13,4.38,84.6
P434340,oily,5,3.60,60.0
P434360,all,1336,4.32,80.3
P434360,dry,184,4.20,81.8
P434360,oily,83,4.25,73.3
P434361,all,402,4.34,84.2
P434361,dry,23,4.00,78.3
P434361,oily,33,4.58,87.9
P434545,all,1239,4.29,87.2
P434545,dry,208,4.26,85.6
P434545,oily,166,4.13,85.5
P434546,all,524,3.88,71.4
P434546,dry,88,3.80,70.5
P434546,oily,76,4.04,80.3
P434548,all,1934,4.31,83.5
P434548,dry,350,4.21,80.3
P434548,oily,259,4.42,86.9
P434550,all,306,4.37,88.6
P434550,dry,53,4.25,84.9
P434550,oily,36,4.69,100.0
P435209,all,297,4.45,93.3
P435209,dry,56,4.68,94.6
P435209,oily,23,4.43,95.7
P435386,all,410,3.76,65.1
P435386,dry,63,3.89,68.3
P435386,oily,71,3.69,60.6
P435387,all,10,3.70,60.0
P435387,dry,3,3.67,66.7
P435387,oily,1,2.00,0.0
P435790,all,4,5.00,100.0
P435790,dry,1,5.00,100.0
P435800,all,405,4.55,89.1
P435800,dry,62,4.61,90.3
P435800,oily,58,4.43,87.9
P435801,all,48,4.10,79.2
P435801,dry,16,4.00,81.2
P435801,oily,3,5.00,100.0
P435975,all,247,3.66,63.6
P435975,dry,55,3.49,58.2
P435975,oily,15,3.80,60.0
P436094,all,624,4.49,90.1
P436094,dry,157,4.61,93.0
P436094,oily,45,4.16,84.4
P436343,all,11,3.82,72.7
P436343,dry,3,3.67,66.7
P436346,all,19,4.63,94.7
P436346,dry,7,5.00,100.0
P436346,oily,3,5.00,100.0
P436347,all,11,4.27,81.8
P436347,dry,2,4.00,100.0
P436347,oily,1,5.00,100.0
P436353,all,337,4.13,78.3
P436353,dry,75,4.03,76.0
P436353,oily,35,4.49,88.6
P436359,all,1065,3.81,68.2
P436359,dry,174,3.83,64.9
P436359,oily,149,3.91,69.8
P436365,all,121,3.50,67.8
P436365,dry,32,3.78,71.9
P436365,oily,11,4.18,81.8
P436378,all,33,4.52,87.9
P436378,dry,14,4.50,92.9
P436378,oily,2,3.00,50.0
P436387,all,531,4.41,86.3
P436387,dry,97,4.33,84.5
P436387,oily,72,4.40,87.5
P436891,all,292,3.55,64.0
P436891,dry,65,3.57,61.5
P436891,oily,34,3.53,61.8
P437477,all,69,3.61,68.1
P437477,dry,20,3.30,50.0
P437477,oily,6,3.83,83.3
P437960,all,71,4.10,76.1
P437960,dry,9,3.78,77.8
P437960,oily,6,4.33,83.3
P437981,all,477,4.33,82.6
P437981,dry,135,4.33,81.5
P437981,oily,34,4.24,85.3
P438362,all,9,4.67,88.9
P438362,dry,4,4.25,75.0
P438362,oily,1,5.00,100.0
P438617,all,427,4.57,92.0
P438617,dry,87,4.49,88.5
P438617,oily,34,4.56,91.2
P438618,all,424,4.62,92.2
P438618,dry,72,4.65,90.3
P438618,oily,46,4.57,91.3
P438619,all,531,4.37,87.4
P438619,dry,116,4.27,84.5
P438619,oily,49,4.45,89.8
P438620,all,472,4.51,89.8
P438620,dry,112,4.45,88.4
P438620,oily,27,4.15,81.5
P438628,all,84,4.58,89.3
P438628,dry,17,4.76,94.1
P438628,oily,16,4.94,100.0
P438629,all,11,4.18,72.7
P438629,dry,1,2.00,0.0
P438629,oily,1,5.00,100.0
P438630,all,7,4.14,85.7
P438630,dry,1,1.00,0.0
P438632,all,14,4.07,78.6
P438632,dry,3,4.00,66.7
P438632,oily,1,5.00,100.0
P438634,all,9,3.67,66.7
P438634,dry,1,5.00,100.0
P438634,oily,2,3.00,50.0
P438635,all,82,3.43,58.5
P438635,dry,13,2.92,46.2
P438635,oily,9,3.78,66.7
P438637,all,202,4.06,78.7
P438637,dry,35,4.11,80.0
P438637,oily,17,4.24,82.4
P438638,all,8,2.50,37.5
P438638,dry,3,2.67,33.3
P438638,oily,1,4.00,100.0
P438640,all,10,3.70,70.0
P438640,dry,3,3.33,66.7
P438642,all,18,3.56,66.7
P438642,dry,3,4.00,100.0
P438642,oily,4,3.25,25.0
P438643,all,87,4.47,85.1
P438643,dry,10,4.60,90.0
P438643,oily,10,4.20,80.0
P438648,all,39,3.85,64.1
P438648,dry,11,3.82,63.6
P438648,oily,3,3.67,66.7
P439055,all,1321,4.54,92.1
P439055,dry,281,4.59,92.2
P439055,oily,111,4.50,93.7
P439057,all,448,4.58,90.8
P439057,dry,88,4.51,89.8
P439057,oily,43,4.58,90.7
P439058,all,1610,4.21,80.7
P439058,dry,274,4.29,83.2
P439058,oily,215,4.07,75.8
P439061,all,2957,4.19,83.6
P439061,dry,440,4.18,83.0
P439061,oily,455,4.17,82.0
P439098,all,6,4.17,83.3
P439098,dry,1,5.00,100.0
P439098,oily,1,5.00,100.0
P439099,all,7,4.43,85.7
P439099,dry,2,3.00,50.0
P439626,all,63,3.76,63.5
P439626,dry,14,4.00,78.6
P439626,oily,6,3.67,50.0
P439643,all,271,3.63,66.1
P439643,dry,48,3.83,68.8
P439643,oily,40,3.55,62.5
P439648,all,26,3.15,46.2
P439648,dry,2,4.50,100.0
P439648,oily,7,3.57,57.1
P439672,all,136,3.70,69.1
P439672,dry,23,3.61,65.2
P439672,oily,12,3.75,66.7
P439926,all,1266,4.20,80.1
P439926,dry,220,4.18,77.7
P439926,oily,180,4.36,85.0
P439927,all,282,4.37,87.6
P439927,dry,60,4.37,85.0
P439927,oily,25,4.32,88.0
P439928,all,649,3.70,64.3
P439928,dry,144,4.06,73.6
P439928,oily,59,3.10,49.2
P440072,all,92,3.73,66.3
P440072,dry,15,4.53,80.0
P440072,oily,6,4.33,83.3
P440075,all,518,4.20,79.2
P440075,dry,96,4.36,85.4
P440075,oily,72,4.08,77.8
P440302,all,31,3.77,64.5
P440302,dry,2,3.00,50.0
P440302,oily,2,2.50,50.0
P440305,all,174,4.56,89.7
P440305,dry,60,4.70,91.7
P440305,oily,14,4.93,92.9
P440306,all,86,3.58,65.1
P440306,dry,17,3.18,58.8
P440306,oily,14,4.00,78.6
P440307,all,2355,4.32,82.4
P440307,dry,669,4.39,83.4
P440307,oily,199,4.36,82.9
P440309,all,53,4.38,83.0
P440309,dry,7,4.86,100.0
P440309,oily,5,3.20,40.0
P440312,all,1687,4.48,88.4
P440312,dry,313,4.51,89.5
P440312,oily,192,4.45,87.5
P440317,all,109,3.62,64.2
P440317,dry,30,3.97,73.3
P440317,oily,9,3.11,44.4
P440482,all,300,3.77,70.0
P440482,dry,57,3.68,66.7
P440482,oily,48,3.52,66.7
P440483,all,126,3.96,77.0
P440483,dry,25,3.84,68.0
P440483,oily,18,3.72,72.2
P440484,all,91,4.44,83.5
P440484,dry,17,4.47,82.4
P440484,oily,15,4.60,86.7
P440485,all,72,3.75,65.3
P440485,dry,8,4.12,75.0
P440485,oily,9,3.56,55.6
P440486,all,73,4.15,76.7
P440486,dry,9,4.11,77.8
P440486,oily,8,3.75,50.0
P440489,all,62,4.13,79.0
P440489,dry,8,4.38,87.5
P440489,oily,13,4.77,100.0
P440490,all,80,3.76,67.5
P440490,dry,8,4.50,87.5
P440490,oily,24,3.38,58.3
P440491,all,37,4.54,89.2
P440491,dry,6,5.00,100.0
P440491,oily,4,5.00,100.0
P440492,all,35,3.97,74.3
P440492,dry,9,4.00,77.8
P440492,oily,3,5.00,100.0
P440493,all,31,3.65,54.8
P440493,dry,11,4.18,63.6
P440493,oily,4,3.50,50.0
P440494,all,49,4.08,77.6
P440494,dry,9,4.33,88.9
P440494,oily,10,4.30,80.0
P440496,all,41,3.95,75.6
P440496,dry,9,4.11,77.8
P440496,oily,9,3.44,66.7
P440498,all,398,4.10,78.4
P440498,dry,46,4.22,87.0
P440498,oily,81,4.23,81.5
P440499,all,33,4.39,90.9
P440499,dry,2,4.50,100.0
P440499,oily,11,4.36,90.9
P440500,all,21,4.00,76.2
P440500,dry,6,4.83,100.0
P440500,oily,2,2.50,50.0
P440501,all,62,3.84,71.0
P440501,dry,17,4.12,76.5
P440501,oily,5,2.60,40.0
P440502,all,75,3.24,52.0
P440502,dry,21,3.71,66.7
P440502,oily,12,2.75,41.7
P440503,all,167,4.25,82.6
P440503,dry,22,3.82,63.6
P440503,oily,25,4.32,88.0
P440504,all,493,3.80,68.0
P440504,dry,111,3.94,73.0
P440504,oily,49,3.76,67.3
P440505,all,22,4.45,86.4
P440505,dry,4,5.00,100.0
P440650,all,987,4.61,94.0
P440650,dry,193,4.62,93.8
P440650,oily,87,4.56,92.0
P440651,all,2449,4.24,80.5
P440651,dry,119,4.15,81.2
P440651,oily,516,4.30,76.5
P440658,all,134,4.40,88.1
P440658,dry,23,4.70,95.7
P440658,oily,13,4.69,100.0
P440922,all,5,3.40,60.0
P440922,dry,1,1.00,0.0
P440922,oily,1,5.00,100.0
P440923,all,30,3.47,56.7
P440923,dry,5,3.00,40.0
P440923,oily,2,2.00,0.0
P440925,all,1644,4.50,85.3
P440925,dry,241,4.38,83.8
P440925,oily,64,4.48,89.1
P440926,all,105,4.11,77.1
P440926,dry,32,4.34,90.6
P440926,oily,5,4.20,80.0
P440929,all,105,4.48,89.5
P440929,dry,16,4.50,87.5
P440929,oily,15,4.47,93.3
P440933,all,127,3.98,72.4
P440933,dry,17,4.00,70.6
P440933,oily,20,3.90,70.0
P440934,all,807,3.64,63.6
P440934,dry,162,3.82,67.9
P440934,oily,97,3.53,62.9
P440937,all,222,4.14,79.3
P440937,dry,43,4.28,83.7
P440937,oily,27,4.15,77.8
P440949,all,915,4.51,92.1
P440949,dry,138,4.61,92.8
P440949,oily,127,4.50,92.9
P440981,all,177,4.62,88.1
P440981,dry,43,4.63,88.4
P440981,oily,17,4.71,88.2
P441045,all,68,3.90,70.6
P441045,dry,10,4.30,80.0
P441045,oily,8,4.25,87.5
P441101,all,3162,4.10,75.9
P441101,dry,1071,4.28,80.1
P441101,oily,180,4.04,75.6
P441220,all,440,4.35,84.1
P441220,dry,127,4.33,81.9
P441220,oily,40,4.42,82.5
P441323,all,318,3.70,65.7
P441323,dry,57,3.58,61.4
P441323,oily,52,3.65,61.5
P441644,all,5854,4.21,80.1
P441644,dry,1005,4.15,78.8
P441644,oily,792,4.19,79.4
P441645,all,40,4.25,85.0
P441645,dry,3,3.67,66.7
P441645,oily,5,4.20,80.0
P442001,all,46,3.83,71.7
P442001,dry,7,3.71,71.4
P442001,oily,5,3.60,60.0
P442003,all,528,4.08,79.2
P442003,dry,86,4.05,77.9
P442003,oily,85,4.22,82.4
P442263,all,38,2.89,50.0
P442263,dry,6,3.83,83.3
P442263,oily,5,2.80,40.0
P442267,all,27,4.00,70.4
P442267,dry,4,4.50,75.0
P442267,oily,4,5.00,100.0
P442535,all,452,4.00,76.1
P442535,dry,84,4.27,84.5
P442535,oily,41,3.76,65.9
P442537,all,17,3.88,70.6
P442537,dry,6,3.67,66.7
P442537,oily,3,3.67,66.7
P442539,all,84,4.26,88.1
P442539,dry,25,4.28,84.0
P442539,oily,8,4.62,87.5
P442540,all,95,4.36,87.4
P442540,dry,6,5.00,100.0
P442540,oily,18,4.50,94.4
P442542,all,15,4.60,93.3
P442542,dry,3,5.00,100.0
P442542,oily,1,1.00,0.0
P442545,all,12,4.25,83.3
P442545,dry,2,4.50,100.0
P442545,oily,3,3.67,66.7
P442546,all,77,4.55,93.5
P442546,dry,12,4.67,91.7
P442546,oily,16,4.38,93.8
P442548,all,34,4.00,70.6
P442548,dry,7,4.29,85.7
P442548,oily,3,3.00,33.3
P442563,all,3246,4.57,91.6
P442563,dry,456,4.54,91.0
P442563,oily,525,4.61,93.7
P442564,all,558,4.37,83.5
P442564,dry,144,4.46,83.3
P442564,oily,45,4.18,75.6
P442566,all,1528,3.78,65.7
P442566,dry,323,3.91,69.3
P442566,oily,175,3.50,60.6
P442589,all,455,3.52,63.3
P442589,dry,92,3.40,59.8
P442589,oily,71,3.46,62.0
P442594,all,1493,4.12,81.0
P442594,dry,280,4.00,74.3
P442594,oily,191,4.15,83.8
P442713,all,162,3.72,65.4
P442713,dry,33,3.64,63.6
P442713,oily,11,3.64,54.5
P442734,all,61,4.51,88.5
P442734,dry,13,4.46,84.6
P442734,oily,8,4.75,100.0
P442741,all,560,4.45,88.6
P442741,dry,96,4.29,87.5
P442741,oily,64,4.42,89.1
P442742,all,547,4.65,95.2
P442742,dry,97,4.60,95.9
P442742,oily,70,4.61,92.9
P442743,all,508,4.55,93.1
P442743,dry,82,4.54,97.6
P442743,oily,63,4.62,93.7
P442744,all,992,4.16,79.1
P442744,dry,212,4.15,79.2
P442744,oily,127,4.18,81.1
P442745,all,39,4.54,87.2
P442745,dry,2,5.00,100.0
P442745,oily,7,3.86,71.4
P442747,all,58,3.31,51.7
P442747,dry,16,3.06,43.8
P442747,oily,9,3.33,55.6
P442748,all,32,4.38,84.4
P442748,dry,11,4.55,81.8
P442748,oily,2,3.00,50.0
P442752,all,255,4.18,80.0
P442752,dry,57,3.98,77.2
P442752,oily,18,4.50,83.3
P442753,all,247,4.20,81.8
P442753,dry,44,4.30,79.5
P442753,oily,27,4.44,85.2
P442754,all,501,3.75,66.9
P442754,dry,82,3.93,72.0
P442754,oily,81,3.15,48.1
P442755,all,164,3.99,75.0
P442755,dry,32,4.25,84.4
P442755,oily,21,3.43,61.9
P442756,all,163,4.10,76.1
P442756,dry,20,4.50,80.0
P442756,oily,22,4.05,81.8
P442757,all,245,4.23,82.0
P442757,dry,93,4.08,75.3
P442757,oily,14,4.50,92.9
P442758,all,434,4.46,90.1
P442758,dry,70,4.54,92.9
P442758,oily,84,4.54,91.7
P442759,all,228,4.41,86.4
P442759,dry,63,4.24,81.0
P442759,oily,15,4.27,80.0
P442761,all,843,4.08,77.3
P442761,dry,171,4.14,77.8
P442761,oily,94,3.95,76.6
P442830,all,656,4.54,89.3
P442830,dry,175,4.49,88.6
P442830,oily,61,4.49,88.5
P442833,all,140,4.35,84.3
P442833,dry,25,3.88,80.0
P442833,oily,15,3.93,73.3
P442836,all,995,4.58,90.1
P442836,dry,263,4.48,88.2
P442836,oily,82,4.49,89.0
P442837,all,420,4.64,92.1
P442837,dry,80,4.59,87.5
P442837,oily,38,4.71,94.7
P442838,all,934,4.32,83.8
P442838,dry,216,4.39,87.0
P442838,oily,74,4.49,87.8
P442839,all,569,4.65,94.0
P442839,dry,136,4.68,97.1
P442839,oily,57,4.56,93.0
P442840,all,2466,4.29,81.8
P442840,dry,724,4.29,82.0
P442840,oily,167,4.34,83.8
P442841,all,65,3.05,46.2
P442841,dry,14,3.21,50.0
P442841,oily,8,3.25,50.0
P442843,all,462,4.21,81.6
P442843,dry,135,4.10,77.0
P442843,oily,34,4.35,88.2
P442850,all,242,4.16,80.6
P442850,dry,65,3.88,73.8
P442850,oily,27,4.37,88.9
P442853,all,95,3.97,73.7
P442853,dry,16,4.00,81.2
P442853,oily,10,3.40,50.0
P442854,all,122,3.63,71.3
P442854,dry,23,3.91,82.6
P442854,oily,13,3.92,92.3
P442857,all,579,3.04,50.4
P442857,dry,97,2.96,48.5
P442857,oily,81,3.06,51.9
P442858,all,1232,4.46,92.3
P442858,dry,251,4.51,92.4
P442858,oily,142,4.47,93.0
P442859,all,118,4.37,83.9
P442859,dry,20,4.65,95.0
P442859,oily,15,4.67,93.3
P442860,all,30,3.20,53.3
P442860,dry,6,2.83,50.0
P442860,oily,1,1.00,0.0
P442867,all,384,4.43,89.8
P442867,dry,74,4.22,86.5
P442867,oily,52,4.44,90.4
P442871,all,432,4.09,79.9
P442871,dry,40,4.10,77.5
P442871,oily,90,4.16,83.3
P442989,all,138,3.10,52.9
P442989,dry,24,2.62,37.5
P442989,oily,14,3.00,57.1
P442990,all,416,3.36,52.9
P442990,dry,62,3.31,56.5
P442990,oily,78,3.68,60.3
P443349,all,660,4.12,82.9
P443349,dry,89,4.03,80.9
P443349,oily,105,4.08,80.0
P443350,all,1230,4.54,91.4
P443350,dry,200,4.59,92.5
P443350,oily,163,4.36,85.3
P443351,all,317,4.40,88.6
P443351,dry,67,4.48,94.0
P443351,oily,25,4.28,88.0
P443352,all,4600,4.70,95.1
P443352,dry,767,4.67,94.5
P443352,oily,557,4.67,95.0
P443358,all,151,4.47,90.7
P443358,dry,39,4.46,92.3
P443358,oily,9,4.44,77.8
P443359,all,475,4.61,94.1
P443359,dry,119,4.49,89.9
P443359,oily,29,4.83,100.0
P443366,all,141,4.36,92.9
P443366,dry,25,4.48,88.0
P443366,oily,20,4.20,95.0
P443369,all,181,4.18,82.3
P443369,dry,31,4.16,77.4
P443369,oily,24,4.08,79.2
P443370,all,617,4.57,93.8
P443370,dry,107,4.71,97.2
P443370,oily,61,4.61,96.7
P443375,all,33,3.48,57.6
P443375,dry,6,4.33,83.3
P443375,oily,7,3.43,57.1
P443376,all,23,3.35,52.2
P443376,dry,4,4.25,75.0
P443376,oily,1,1.00,0.0
P443377,all,16,3.50,62.5
P443377,dry,2,4.00,100.0
P443377,oily,2,3.00,50.0
P443383,all,142,3.34,54.2
P443383,dry,27,3.00,44.4
P443383,oily,18,3.67,61.1
P443549,all,16,4.31,87.5
P443549,dry,5,4.20,80.0
P443550,all,29,4.03,72.4
P443550,dry,8,3.50,62.5
P443550,oily,4,4.00,75.0
P443563,all,3742,4.39,85.5
P443563,dry,675,4.38,84.0
P443563,oily,482,4.37,85.1
P443700,all,716,4.52,91.1
P443700,dry,125,4.58,94.4
P443700,oily,79,4.37,87.3
P443810,all,17,3.12,47.1
P443810,dry,5,3.60,60.0
P443810,oily,1,1.00,0.0
P443812,all,12,3.17,50.0
P443812,dry,4,3.50,50.0
P443829,all,394,3.43,61.9
P443829,dry,57,3.42,64.9
P443829,oily,34,3.68,64.7
P443830,all,962,4.39,90.0
P443830,dry,225,4.39,88.4
P443830,oily,77,4.29,89.6
P443833,all,1552,4.38,88.5
P443833,dry,194,4.46,91.2
P443833,oily,273,4.34,86.8
P443834,all,175,4.10,82.3
P443834,dry,44,4.09,79.5
P443834,oily,26,4.27,84.6
P443837,all,227,4.31,85.0
P443837,dry,24,4.29,79.2
P443837,oily,48,4.17,79.2
P443838,all,291,4.39,88.3
P443838,dry,34,4.24,85.3
P443838,oily,54,4.50,92.6
P443839,all,148,4.44,94.6
P443839,dry,36,4.42,94.4
P443839,oily,11,4.45,100.0
P443840,all,1600,3.90,75.3
P443840,dry,284,3.87,74.3
P443840,oily,195,3.86,71.8
P443841,all,518,3.03,50.8
P443841,dry,130,3.02,48.5
P443841,oily,53,2.91,47.2
P443842,all,1139,4.38,87.4
P443842,dry,205,4.45,89.3
P443842,oily,110,4.41,87.3
P443843,all,613,4.31,88.1
P443843,dry,138,4.40,90.6
P443843,oily,58,4.19,81.0
P443845,all,1970,4.41,88.1
P443845,dry,462,4.33,84.2
P443845,oily,199,4.53,92.0
P443846,all,580,4.31,87.1
P443846,dry,104,4.38,91.3
P443846,oily,37,4.03,78.4
P444013,all,85,4.12,81.2
P444013,dry,16,4.12,87.5
P444013,oily,9,4.44,100.0
P444057,all,684,4.29,87.0
P444057,dry,106,4.30,86.8
P444057,oily,75,4.40,93.3
P444216,all,177,4.44,86.4
P444216,dry,33,4.45,81.8
P444216,oily,14,4.50,92.9
P444222,all,355,4.40,84.5
P444222,dry,80,4.44,86.2
P444222,oily,29,3.83,65.5
P444225,all,104,4.22,82.7
P444225,dry,15,3.67,66.7
P444225,oily,16,4.00,75.0
P444226,all,312,4.23,79.5
P444226,dry,98,4.23,77.6
P444226,oily,23,4.13,78.3
P444237,all,10,4.30,80.0
P444237,dry,1,5.00,100.0
P444237,oily,1,3.00,100.0
P444470,all,29,4.72,93.1
P444470,dry,4,4.75,100.0
P444470,oily,5,5.00,100.0
P444614,all,120,3.78,70.0
P444614,dry,23,3.83,73.9
P444614,oily,17,3.76,64.7
P444615,all,34,4.09,76.5
P444615,dry,4,3.00,75.0
P444615,oily,6,4.17,66.7
P444718,all,891,4.01,75.4
P444718,dry,196,4.14,80.1
P444718,oily,95,3.77,71.6
P444964,all,56,3.55,62.5
P444964,dry,13,2.77,38.5
P444964,oily,3,4.33,66.7
P444967,all,124,4.10,78.2
P444967,dry,24,4.25,83.3
P444967,oily,12,3.83,66.7
P444968,all,68,3.84,72.1
P444968,dry,11,4.00,72.7
P444968,oily,12,4.33,75.0
P444969,all,48,3.79,66.7
P444969,dry,5,3.60,60.0
P444969,oily,9,4.11,77.8
P444970,all,357,4.61,91.6
P444970,dry,55,4.76,92.7
P444970,oily,42,4.33,88.1
P444980,all,396,4.18,79.3
P444980,dry,95,4.27,82.1
P444980,oily,31,3.97,74.2
P444987,all,7,4.43,85.7
P444987,dry,2,5.00,100.0
P444987,oily,1,5.00,100.0
P444990,all,26,2.38,34.6
P444990,dry,3,3.67,66.7
P444990,oily,3,2.33,33.3
P445726,all,46,4.02,71.7
P445726,dry,13,4.62,84.6
P445726,oily,5,4.20,80.0
P445822,all,11,4.00,72.7
P445822,dry,5,4.40,80.0
P445827,all,1260,4.16,80.8
P445827,dry,237,4.26,81.9
P445827,oily,183,4.15,82.5
P445832,all,541,4.63,95.9
P445832,dry,47,4.72,97.9
P445832,oily,109,4.63,95.4
P445833,all,343,4.35,89.5
P445833,dry,61,4.38,90.2
P445833,oily,37,4.14,75.7
P445951,all,1173,4.22,79.4
P445951,dry,234,4.29,81.5
P445951,oily,128,4.13,77.0
P446102,all,11,4.45,90.9
P446111,all,14,3.57,64.3
P446111,oily,2,5.00,100.0
P446419,all,389,4.23,83.5
P446419,dry,58,4.26,82.8
P446419,oily,54,4.09,79.6
P446421,all,1270,4.27,88.1
P446421,dry,130,4.11,82.3
P446421,oily,252,4.37,90.9
P446422,all,316,3.90,74.7
P446422,dry,92,4.08,80.4
P446422,oily,24,4.00,75.0
P446423,all,711,4.12,81.4
P446423,dry,95,4.28,85.3
P446423,oily,119,3.77,69.7
P446518,all,32,4.41,81.2
P446518,dry,10,4.90,100.0
P446518,oily,2,4.00,50.0
P446612,all,53,3.49,60.4
P446612,dry,13,3.31,53.8
P446612,oily,6,3.00,50.0
P446629,all,77,4.29,84.4
P446629,dry,9,4.44,88.9
P446629,oily,5,4.80,100.0
P446630,all,136,4.46,87.5
P446630,dry,20,4.05,75.0
P446630,oily,17,4.24,82.4
P446638,all,113,4.58,95.6
P446638,dry,25,4.52,92.0
P446638,oily,11,4.73,100.0
P446639,all,29,3.83,72.4
P446639,dry,3,3.67,66.7
P446639,oily,2,4.00,50.0
P446641,all,531,4.40,90.2
P446641,dry,106,4.46,87.7
P446641,oily,70,4.41,90.0
P446820,all,36,3.44,63.9
P446820,dry,7,3.43,57.1
P446820,oily,6,3.67,66.7
P446822,all,26,3.58,61.5
P446822,dry,3,3.67,66.7
P446822,oily,4,4.75,100.0
P446908,all,37,4.46,83.8
P446908,dry,10,4.70,90.0
P446908,oily,2,5.00,100.0
P446909,all,355,3.87,69.0
P446909,dry,54,3.78,66.7
P446909,oily,56,4.14,78.6
P446916,all,115,4.20,84.3
P446916,dry,28,3.71,78.6
P446916,oily,10,4.30,80.0
P446930,all,1865,4.45,89.2
P446930,dry,444,4.56,91.7
P446930,oily,203,4.26,85.2
P446934,all,544,3.94,75.4
P446934,dry,38,4.63,92.1
P446934,oily,146,3.14,52.7
P446938,all,2000,4.15,80.2
P446938,dry,505,4.12,77.6
P446938,oily,161,4.02,79.5
P446942,all,985,4.20,84.9
P446942,dry,115,4.17,87.0
P446942,oily,156,4.11,82.1
P447199,all,129,3.98,71.3
P447199,dry,27,3.81,70.4
P447199,oily,7,4.29,71.4
P447200,all,135,4.41,83.7
P447200,dry,61,4.49,86.9
P447200,oily,9,4.56,88.9
P447210,all,1013,4.14,79.6
P447210,dry,204,4.19,83.3
P447210,oily,95,4.27,81.1
P447212,all,879,3.94,73.1
P447212,dry,158,3.75,67.7
P447212,oily,77,4.03,77.9
P447213,all,148,4.45,89.9
P447213,dry,16,4.38,87.5
P447213,oily,20,4.55,95.0
P447409,all,36,4.11,75.0
P447409,dry,12,4.17,83.3
P447409,oily,1,3.00,100.0
P447504,all,100,3.97,74.0
P447504,dry,27,3.96,74.1
P447504,oily,11,3.64,63.6
P447592,all,1494,4.47,91.7
P447592,dry,203,4.52,93.1
P447592,oily,188,4.42,87.8
P447596,all,358,4.17,81.0
P447596,dry,78,4.13,80.8
P447596,oily,37,4.05,78.4
P447597,all,75,4.17,80.0
P447597,dry,15,3.93,80.0
P447597,oily,6,4.50,100.0
P447603,all,531,4.47,87.9
P447603,dry,156,4.49,87.8
P447603,oily,41,4.51,90.2
P447604,all,19,4.74,94.7
P447604,dry,4,4.75,100.0
P447604,oily,1,5.00,100.0
P447607,all,29,3.55,65.5
P447607,dry,6,3.67,66.7
P447607,oily,3,3.00,66.7
P447608,all,27,3.52,59.3
P447608,dry,4,4.25,75.0
P447608,oily,3,3.00,66.7
P447773,all,82,3.91,75.6
P447773,dry,15,4.13,86.7
P447773,oily,10,3.60,70.0
P447778,all,346,4.04,82.9
P447778,dry,72,4.07,80.6
P447778,oily,36,3.75,77.8
P447780,all,1558,4.16,80.4
P447780,dry,279,4.13,79.6
P447780,oily,171,4.13,81.9
P447781,all,810,4.24,81.1
P447781,dry,136,4.15,78.7
P447781,oily,71,4.21,85.9
P447782,all,815,4.06,78.2
P447782,dry,136,3.97,76.5
P447782,oily,69,4.14,79.7
P447783,all,70,4.20,78.6
P447783,dry,14,4.00,71.4
P447783,oily,4,4.50,100.0
P447785,all,253,3.82,72.3
P447785,dry,54,4.02,83.3
P447785,oily,24,3.58,62.5
P447787,all,38,3.37,63.2
P447787,dry,7,4.00,71.4
P447787,oily,1,5.00,100.0
P447788,all,18,3.78,61.1
P447788,dry,4,4.00,75.0
P447789,all,67,2.72,35.8
P447789,dry,12,3.50,58.3
P447789,oily,4,1.50,0.0
P447790,all,49,3.63,63.3
P447790,dry,9,4.22,77.8
P447790,oily,7,3.14,57.1
P447791,all,1890,4.10,78.2
P447791,dry,324,4.14,77.2
P447791,oily,231,4.13,80.5
P448181,all,281,3.62,64.1
P448181,dry,43,3.70,65.1
P448181,oily,45,3.62,64.4
P448184,all,554,4.43,90.3
P448184,dry,275,4.46,91.3
P448184,oily,16,4.25,81.2
P448185,all,645,4.50,90.7
P448185,dry,299,4.55,92.6
P448185,oily,31,4.35,80.6
P448192,all,183,3.89,71.6
P448192,dry,35,4.03,74.3
P448192,oily,23,3.57,60.9
P448200,all,164,4.60,93.9
P448200,dry,29,4.21,82.8
P448200,oily,14,4.71,100.0
P448201,all,207,4.51,88.4
P448201,dry,45,4.49,91.1
P448201,oily,17,4.53,82.4
P448202,all,947,4.58,93.8
P448202,dry,167,4.39,89.2
P448202,oily,99,4.69,97.0
P448203,all,1422,4.33,86.6
P448203,dry,295,4.38,87.8
P448203,oily,117,4.32,85.5
P448207,all,1785,4.39,90.6
P448207,dry,259,4.30,87.3
P448207,oily,230,4.39,90.4
P448530,all,638,4.37,89.2
P448530,dry,79,4.34,88.6
P448530,oily,118,4.23,84.7
P448537,all,116,4.22,85.3
P448537,dry,21,4.48,90.5
P448537,oily,11,3.64,63.6
P448542,all,16,4.12,68.8
P448542,dry,3,4.33,66.7
P448544,all,9,5.00,100.0
P448544,dry,2,5.00,100.0
P448545,all,10,3.70,60.0
P448545,dry,1,5.00,100.0
P448545,oily,5,3.00,40.0
P448546,all,9,4.78,88.9
P448546,dry,3,5.00,100.0
P448546,oily,3,4.33,66.7
P448547,all,3,4.67,100.0
P448548,all,11,4.36,90.9
P448548,dry,1,5.00,100.0
P448548,oily,2,4.50,100.0
P448549,all,9,3.56,66.7
P448549,dry,2,3.00,50.0
P448549,oily,1,5.00,100.0
P448550,all,5,5.00,100.0
P448550,dry,2,5.00,100.0
P448551,all,7,4.43,85.7
P448551,dry,2,3.00,50.0
P448551,oily,1,5.00,100.0
P448553,all,22,4.32,86.4
P448553,dry,10,4.20,90.0
P448553,oily,1,5.00,100.0
P448554,all,58,3.83,70.7
P448554,dry,13,3.31,53.8
P448554,oily,4,4.50,75.0
P448557,all,16,4.12,81.2
P448557,dry,3,4.67,100.0
P448557,oily,1,5.00,100.0
P448558,all,22,3.32,54.5
P448558,dry,1,5.00,100.0
P448558,oily,5,2.80,40.0
P448562,all,69,4.45,84.1
P448562,dry,10,4.70,90.0
P448562,oily,9,4.33,77.8
P448563,all,49,3.33,49.0
P448563,dry,8,3.62,62.5
P448563,oily,1,5.00,100.0
P448564,all,16,3.69,68.8
P448564,dry,5,5.00,100.0
P448564,oily,2,2.00,0.0
P448565,all,11,3.00,27.3
P448565,dry,2,3.00,0.0
P448565,oily,1,5.00,100.0
P448710,all,67,4.25,80.6
P448710,dry,14,4.50,85.7
P448710,oily,13,4.08,76.9
P448711,all,54,4.52,87.0
P448711,dry,10,4.60,90.0
P448711,oily,2,5.00,100.0
P448713,all,8,4.12,75.0
P448713,oily,1,5.00,100.0
P448715,all,30,4.50,96.7
P448715,dry,3,4.67,100.0
P448715,oily,5,4.20,80.0
P448719,all,443,4.58,93.5
P448719,dry,72,4.60,91.7
P448719,oily,66,4.64,97.0
P448802,all,1142,3.76,71.5
P448802,dry,212,3.73,70.8
P448802,oily,123,3.59,64.2
P448852,all,659,4.24,81.0
P448852,dry,149,4.35,85.9
P448852,oily,88,4.15,78.4
P448853,all,189,3.90,70.9
P448853,dry,36,3.94,72.2
P448853,oily,15,3.73,66.7
P448932,all,177,4.29,86.4
P448932,dry,28,4.18,82.1
P448932,oily,15,4.53,100.0
P448934,all,187,4.05,75.4
P448934,dry,18,4.17,77.8
P448934,oily,33,3.76,66.7
P448937,all,1178,4.08,80.3
P448937,dry,248,3.93,76.6
P448937,oily,121,4.26,84.3
P449102,all,112,4.38,89.3
P449102,dry,14,4.71,100.0
P449102,oily,16,4.31,87.5
P449150,all,27,4.56,88.9
P449150,dry,6,4.83,100.0
P449150,oily,3,5.00,100.0
P449156,all,67,4.43,86.6
P449156,dry,12,4.50,91.7
P449156,oily,9,4.11,77.8
P449158,all,155,3.99,67.7
P449158,dry,32,4.12,75.0
P449158,oily,12,4.42,75.0
P449164,all,18,3.89,72.2
P449164,dry,4,4.00,75.0
P449164,oily,1,5.00,100.0
P449175,all,1050,4.36,89.3
P449175,dry,176,4.31,87.5
P449175,oily,111,4.35,87.4
P449177,all,148,4.33,87.8
P449177,dry,38,4.37,86.8
P449177,oily,4,4.25,100.0
P449180,all,896,4.09,74.8
P449180,dry,175,4.15,78.3
P449180,oily,105,4.32,83.8
P449188,all,300,3.98,72.7
P449188,dry,68,3.66,67.6
P449188,oily,46,3.91,67.4
P449410,all,12,3.42,50.0
P449410,dry,4,3.00,50.0
P449410,oily,1,2.00,0.0
P449411,all,14,3.43,64.3
P449411,dry,2,3.50,100.0
P449411,oily,2,3.00,50.0
P449541,all,207,4.31,87.9
P449541,dry,34,4.41,91.2
P449541,oily,9,4.00,77.8
P449599,all,1603,4.37,84.2
P449599,dry,123,4.29,80.0
P449599,oily,194,4.49,91.1
P449601,all,15,3.93,73.3
P449601,dry,2,4.50,100.0
P449601,oily,2,4.50,100.0
P449835,all,50,3.84,72.0
P449835,dry,13,4.23,84.6
P449835,oily,6,4.50,83.3
P449836,all,45,4.29,84.4
P449836,dry,9,4.00,66.7
P449836,oily,1,5.00,100.0
P450210,all,70,3.97,71.4
P450210,dry,19,3.58,63.2
P450210,oily,8,5.00,100.0
P450211,all,137,3.97,71.5
P450211,dry,25,4.16,80.0
P450211,oily,19,4.11,73.7
P450244,all,308,4.29,87.3
P450244,dry,75,4.19,80.0
P450244,oily,18,4.00,72.2
P450262,all,443,4.26,85.8
P450262,dry,117,4.30,88.0
P450262,oily,45,4.11,80.0
P450271,all,6169,4.50,87.3
P450271,dry,1212,4.45,86.0
P450271,oily,719,4.53,88.7
P450290,all,174,4.40,84.5
P450290,dry,37,4.27,81.1
P450290,oily,15,4.20,73.3
P450583,all,171,3.95,72.5
P450583,dry,34,3.74,70.6
P450583,oily,29,4.48,89.7
P450587,all,88,4.67,96.6
P450587,dry,21,4.86,100.0
P450587,oily,6,4.50,100.0
P450614,all,511,3.93,78.3
P450614,dry,85,4.06,77.6
P450614,oily,87,3.94,78.2
P450632,all,278,4.56,92.1
P450632,dry,43,4.63,93.0
P450632,oily,28,4.54,92.9
P450633,all,406,4.45,87.7
P450633,dry,80,4.41,83.8
P450633,oily,39,4.49,92.3
P450917,all,1686,4.54,88.7
P450917,dry,175,4.70,94.3
P450917,oily,126,4.40,87.3
P450934,all,14,4.29,85.7
P450934,dry,2,5.00,100.0
P450935,all,3,3.67,33.3
P450935,dry,2,3.00,0.0
P450947,all,84,4.00,79.8
P450947,dry,13,4.15,92.3
P450947,oily,9,3.22,55.6
P451727,all,8,2.88,25.0
P451727,dry,3,3.67,33.3
P451728,all,12,3.08,41.7
P451728,dry,2,3.00,0.0
P451737,all,8,3.88,75.0
P451745,all,24,4.12,75.0
P451745,dry,2,5.00,100.0
P451745,oily,8,4.75,87.5
P451748,all,132,4.16,85.6
P451748,dry,11,3.36,72.7
P451748,oily,28,4.25,85.7
P451750,all,6,4.50,83.3
P451750,dry,2,3.50,50.0
P451750,oily,1,5.00,100.0
P452002,all,47,3.91,68.1
P452002,dry,9,4.44,77.8
P452002,oily,1,2.00,0.0
P452004,all,68,4.06,76.5
P452004,dry,17,3.88,70.6
P452004,oily,3,4.33,66.7
P453224,all,966,4.40,86.4
P453224,dry,175,4.42,86.3
P453224,oily,113,4.37,85.0
P453225,all,1232,3.77,65.5
P453225,dry,254,3.82,68.1
P453225,oily,147,3.87,69.4
P453226,all,445,3.60,64.3
P453226,dry,83,3.60,62.7
P453226,oily,54,3.76,68.5
P453227,all,528,4.24,78.4
P453227,dry,107,4.31,79.4
P453227,oily,54,4.48,87.0
P453253,all,1674,4.22,83.6
P453253,dry,408,4.25,82.4
P453253,oily,136,4.22,86.0
P453713,all,220,4.35,88.2
P453713,dry,45,4.04,84.4
P453713,oily,24,4.21,83.3
P453816,all,4376,4.53,86.7
P453816,dry,640,4.55,87.8
P453816,oily,491,4.55,86.9
P453818,all,125,4.46,91.2
P453818,dry,34,4.47,91.2
P453818,oily,14,4.64,92.9
P453822,all,82,3.96,75.6
P453822,dry,12,3.83,75.0
P453822,oily,16,3.94,81.2
P453823,all,599,4.33,87.3
P453823,dry,113,4.31,90.3
P453823,oily,46,4.22,84.8
P453824,all,676,4.41,90.4
P453824,dry,136,4.27,91.9
P453824,oily,50,4.40,84.0
P453825,all,1511,4.41,91.4
P453825,dry,261,4.43,92.0
P453825,oily,192,4.40,91.1
P453826,all,317,4.69,95.6
P453826,dry,60,4.85,98.3
P453826,oily,13,4.15,84.6
P453928,all,360,4.53,91.7
P453928,dry,63,4.59,93.7
P453928,oily,34,4.56,94.1
P453929,all,334,4.61,92.5
P453929,dry,56,4.62,92.9
P453929,oily,37,4.32,86.5
P453930,all,945,4.52,93.0
P453930,dry,211,4.47,90.5
P453930,oily,78,4.44,96.2
P454018,all,1348,4.38,88.4
P454018,dry,283,4.38,88.3
P454018,oily,145,4.40,88.3
P454019,all,621,4.24,87.8
P454019,dry,112,4.08,82.1
P454019,oily,84,4.33,89.3
P454029,all,18,4.72,94.4
P454029,dry,3,5.00,100.0
P454029,oily,1,5.00,100.0
P454084,all,760,4.41,90.3
P454084,dry,161,4.55,95.0
P454084,oily,86,4.15,86.0
P454085,all,470,4.26,87.0
P454085,dry,89,4.15,88.8
P454085,oily,66,4.29,87.9
P454086,all,504,4.14,82.5
P454086,dry,86,3.92,80.2
P454086,oily,71,4.03,70.4
P454090,all,75,3.47,57.3
P454090,dry,18,4.00,72.2
P454090,oily,6,3.00,50.0
P454095,all,266,4.03,74.8
P454095,dry,39,3.92,71.8
P454095,oily,26,3.92,73.1
P454100,all,302,4.26,81.8
P454100,dry,50,4.12,82.0
P454100,oily,44,4.34,81.8
P454102,all,367,4.16,79.6
P454102,dry,68,4.16,82.4
P454102,oily,55,4.02,74.5
P454120,all,1105,4.17,80.0
P454120,dry,249,4.04,73.5
P454120,oily,112,4.35,86.6
P454313,all,977,4.64,92.0
P454313,dry,239,4.65,91.6
P454313,oily,101,4.71,96.0
P454315,all,48,4.40,89.6
P454315,dry,17,4.53,94.1
P454315,oily,1,4.00,100.0
P454375,all,14,3.50,64.3
P454375,dry,2,3.00,50.0
P454375,oily,1,2.00,0.0
P454376,all,59,3.90,74.6
P454376,dry,5,5.00,100.0
P454376,oily,5,3.60,60.0
P454377,all,19,3.79,73.7
P454377,dry,2,5.00,100.0
P454377,oily,2,5.00,100.0
P454378,all,1070,4.40,88.6
P454378,dry,205,4.30,87.8
P454378,oily,137,4.35,89.8
P454380,all,3268,4.26,81.1
P454380,dry,564,4.27,82.3
P454380,oily,479,4.20,79.7
P454383,all,1061,4.09,77.0
P454383,dry,212,4.23,81.0
P454383,oily,118,4.01,77.2
P454384,all,1061,4.09,77.0
P454384,dry,212,4.23,81.0
P454384,oily,118,4.01,77.2
P454385,all,57,4.33,84.2
P454385,dry,15,4.40,86.7
P454385,oily,5,3.60,60.0
P454387,all,397,3.94,72.4
P454387,dry,65,3.83,73.3
P454387,oily,27,3.74,72.2
P454388,all,397,3.94,72.4
P454388,dry,65,3.83,73.3
P454388,oily,27,3.74,72.2
P454389,all,294,3.90,59.3
P454389,dry,49,3.88,48.1
P454389,oily,15,3.73,70.0
P454391,all,19,3.37,63.2
P454391,dry,4,2.75,25.0
P454391,oily,4,3.50,50.0
P454395,all,75,3.77,73.3
P454395,dry,22,3.50,63.6
P454395,oily,6,4.17,83.3
P454396,all,763,4.40,91.0
P454396,dry,147,4.50,92.5
P454396,oily,99,4.41,93.9
P454514,all,33,3.79,69.7
P454514,dry,8,3.12,50.0
P454514,oily,5,3.40,60.0
P454771,all,86,4.53,88.4
P454771,dry,19,4.26,84.2
P454771,oily,8,4.38,87.5
P454794,all,4170,4.02,73.4
P454794,dry,469,3.85,70.2
P454794,oily,762,4.02,74.5
P454795,all,6,4.00,66.7
P454795,dry,2,4.50,100.0
P454799,all,499,4.58,91.8
P454799,dry,81,4.51,91.4
P454799,oily,50,4.74,96.0
P454800,all,8,4.50,87.5
P454800,dry,4,4.00,75.0
P454800,oily,1,5.00,100.0
P454806,all,654,4.52,92.5
P454806,dry,107,4.59,95.3
P454806,oily,97,4.53,89.7
P454807,all,18,4.39,83.3
P454807,dry,4,4.00,75.0
P454807,oily,3,3.00,33.3
P454821,all,107,3.88,74.8
P454821,dry,25,4.28,88.0
P454821,oily,12,4.42,91.7
P454822,all,21,3.67,66.7
P454822,dry,4,3.25,50.0
P454822,oily,2,4.50,100.0
P454837,all,412,4.46,88.1
P454837,dry,84,4.24,83.3
P454837,oily,38,4.13,86.8
P454838,all,1043,3.86,74.6
P454838,dry,168,3.94,76.8
P454838,oily,126,3.72,72.2
P454935,all,815,4.06,78.2
P454935,dry,136,3.97,76.5
P454935,oily,69,4.14,79.7
P454936,all,879,3.94,73.1
P454936,dry,158,3.75,67.7
P454936,oily,77,4.03,77.9
P454937,all,38,3.37,63.2
P454937,dry,7,4.00,71.4
P454937,oily,1,5.00,100.0
P454939,all,23,4.13,82.6
P454939,dry,4,4.25,75.0
P454939,oily,3,5.00,100.0
P455010,all,21,3.24,57.1
P455010,dry,2,1.00,0.0
P455191,all,17,3.59,52.9
P455191,dry,4,3.00,25.0
P455212,all,121,3.51,64.5
P455212,dry,17,3.59,58.8
P455212,oily,15,3.60,66.7
P455215,all,46,3.33,52.2
P455215,dry,9,3.89,66.7
P455215,oily,1,3.00,0.0
P455217,all,65,3.83,70.8
P455217,dry,14,3.50,50.0
P455217,oily,5,4.00,80.0
P455227,all,29,3.93,72.4
P455227,dry,4,4.25,75.0
P455229,all,2,3.00,50.0
P455229,dry,1,5.00,100.0
P455235,all,26,4.08,69.2
P455235,dry,2,4.50,50.0
P455235,oily,4,4.75,100.0
P455236,all,1049,4.57,91.6
P455236,dry,222,4.63,91.0
P455236,oily,109,4.56,89.9
P455237,all,465,4.51,89.5
P455237,dry,105,4.42,84.8
P455237,oily,42,4.48,92.9
P455241,all,555,4.39,90.1
P455241,dry,98,4.30,87.8
P455241,oily,56,4.32,85.7
P455242,all,313,4.09,75.4
P455242,dry,66,4.35,80.3
P455242,oily,36,3.78,63.9
P455332,all,18,4.33,83.3
P455332,dry,3,4.67,100.0
P455332,oily,2,2.00,0.0
P455338,all,202,4.33,85.1
P455338,dry,35,4.40,85.7
P455338,oily,30,4.13,86.7
P455339,all,172,4.31,83.1
P455339,dry,34,4.00,73.5
P455339,oily,17,4.82,100.0
P455341,all,52,4.27,80.8
P455341,dry,9,4.33,77.8
P455341,oily,5,4.00,80.0
P455364,all,3000,3.60,64.1
P455364,dry,655,3.66,65.0
P455364,oily,391,3.56,62.1
P455365,all,296,4.14,79.4
P455365,dry,56,3.96,75.0
P455365,oily,43,4.23,86.0
P455366,all,662,3.95,77.5
P455366,dry,113,3.93,76.1
P455366,oily,82,4.06,78.0
P455368,all,671,3.94,74.4
P455368,dry,119,3.71,68.1
P455368,oily,80,4.09,78.8
P455369,all,788,3.79,70.3
P455369,dry,211,3.84,69.7
P455369,oily,79,3.84,77.2
P455421,all,23,4.09,82.6
P455421,dry,7,4.29,85.7
P455421,oily,2,5.00,100.0
P455610,all,48,3.54,58.3
P455610,dry,5,4.00,80.0
P455611,all,913,3.85,73.8
P455611,dry,127,3.57,65.4
P455611,oily,122,3.93,75.2
P455612,all,167,4.50,88.0
P455612,dry,35,4.23,80.0
P455612,oily,18,4.56,88.9
P455613,all,262,4.32,81.7
P455613,dry,47,4.04,70.2
P455613,oily,19,4.47,84.2
P455614,all,167,4.38,85.0
P455614,dry,21,4.67,85.7
P455614,oily,18,4.22,83.3
P455618,all,100,4.37,87.0
P455618,dry,15,4.13,86.7
P455618,oily,13,4.62,92.3
P455622,all,91,3.58,63.7
P455622,dry,15,3.80,66.7
P455622,oily,18,3.28,50.0
P455623,all,193,4.40,88.1
P455623,dry,28,4.21,82.1
P455623,oily,23,4.13,78.3
P455676,all,2212,4.24,82.5
P455676,dry,423,4.29,83.7
P455676,oily,284,4.36,86.3
P455894,all,289,4.24,82.0
P455894,dry,12,4.50,91.7
P455894,oily,120,4.22,80.0
P455897,all,42,4.00,73.8
P455897,dry,10,4.50,90.0
P455898,all,206,4.52,89.8
P455898,dry,45,4.56,91.1
P455898,oily,19,4.53,89.5
P455899,all,244,4.21,79.1
P455899,dry,65,4.20,75.4
P455899,oily,30,3.87,73.3
P455900,all,296,4.40,86.8
P455900,dry,80,4.46,88.8
P455900,oily,30,4.47,93.3
P455909,all,32,4.44,87.5
P455909,dry,8,4.38,75.0
P455909,oily,2,5.00,100.0
P455915,all,2,5.00,50.0
P455919,all,58,4.05,67.2
P455919,dry,17,4.06,64.7
P455919,oily,2,5.00,100.0
P455924,all,318,4.05,77.4
P455924,dry,63,4.22,81.0
P455924,oily,35,4.17,82.9
P455926,all,1012,4.26,83.0
P455926,dry,146,4.25,82.2
P455926,oily,104,3.98,75.0
P455927,all,1012,4.26,83.0
P455927,dry,146,4.25,82.2
P455927,oily,104,3.98,75.0
P455929,all,340,4.59,92.4
P455929,dry,60,4.62,93.3
P455929,oily,39,4.54,92.3
P455930,all,140,4.26,80.0
P455930,dry,18,4.56,88.9
P455930,oily,25,4.12,72.0
P455931,all,99,4.44,89.9
P455931,dry,12,4.67,100.0
P455931,oily,13,4.31,84.6
P455934,all,622,4.47,88.9
P455934,dry,106,4.37,87.7
P455934,oily,79,4.56,93.7
P455936,all,1200,4.32,83.2
P455936,dry,304,4.42,84.2
P455936,oily,112,4.34,84.8
P456126,all,789,4.43,90.1
P456126,dry,203,4.34,86.7
P456126,oily,53,4.25,88.7
P456192,all,410,4.35,91.5
P456192,dry,80,4.45,95.0
P456192,oily,34,4.41,85.3
P456193,all,381,4.53,95.0
P456193,dry,73,4.48,94.5
P456193,oily,29,4.76,93.1
P456194,all,193,4.65,95.3
P456194,dry,40,4.65,95.0
P456194,oily,14,4.64,100.0
P456203,all,19,3.53,57.9
P456203,dry,4,3.25,50.0
P456203,oily,2,4.50,100.0
P456204,all,30,3.20,53.3
P456204,dry,6,3.67,66.7
P456204,oily,2,1.50,0.0
P456206,all,402,4.39,90.5
P456206,dry,67,4.28,88.1
P456206,oily,54,4.30,88.9
P456207,all,3112,4.35,89.8
P456207,dry,517,4.36,90.1
P456207,oily,412,4.28,88.8
P456208,all,1196,4.26,85.5
P456208,dry,171,4.02,78.4
P456208,oily,144,4.40,90.3
P456210,all,28,3.54,60.7
P456210,dry,7,2.43,28.6
P456210,oily,3,5.00,100.0
P456211,all,1110,3.99,76.1
P456211,dry,163,4.16,81.6
P456211,oily,130,3.78,69.2
P456213,all,2128,4.48,90.1
P456213,dry,338,4.43,87.9
P456213,oily,250,4.46,90.4
P456218,all,2065,4.15,78.0
P456218,dry,490,4.12,77.1
P456218,oily,161,4.07,76.4
P456392,all,1464,4.54,89.8
P456392,dry,297,4.53,89.6
P456392,oily,195,4.51,89.2
P456395,all,143,4.57,89.5
P456395,dry,19,4.74,94.7
P456395,oily,33,4.48,84.8
P456398,all,2937,4.49,92.1
P456398,dry,480,4.38,89.2
P456398,oily,346,4.45,91.9
P456399,all,605,4.28,87.4
P456399,dry,98,4.13,85.7
P456399,oily,67,4.40,91.0
P456400,all,378,4.56,90.5
P456400,dry,54,4.39,88.9
P456400,oily,45,4.64,91.1
P456401,all,23,3.48,60.9
P456401,dry,5,4.20,80.0
P456401,oily,1,5.00,100.0
P456407,all,24,3.96,70.8
P456407,dry,3,5.00,100.0
P456407,oily,3,5.00,100.0
P456410,all,653,3.87,68.5
P456410,dry,156,4.15,75.0
P456410,oily,87,3.69,66.7
P456412,all,4186,4.57,93.0
P456412,dry,788,4.54,93.3
P456412,oily,476,4.58,93.3
P456413,all,85,4.25,81.2
P456413,dry,20,4.35,85.0
P456413,oily,13,4.77,100.0
P456414,all,509,4.50,91.4
P456414,dry,87,4.60,93.1
P456414,oily,59,4.46,93.2
P456417,all,622,4.36,79.8
P456417,dry,49,4.22,77.6
P456417,oily,33,4.09,78.8
P456418,all,1424,4.36,78.9
P456418,dry,75,4.24,73.2
P456418,oily,71,4.61,90.0
P456421,all,159,4.01,70.1
P456421,dry,34,4.06,69.7
P456421,oily,12,3.83,75.0
P456434,all,8,4.25,75.0
P456434,oily,1,3.00,0.0
P456566,all,1041,3.94,73.8
P456566,dry,200,3.83,69.0
P456566,oily,122,3.92,70.5
P456569,all,23,4.61,91.3
P456569,dry,1,5.00,100.0
P456569,oily,8,4.88,100.0
P456571,all,351,4.26,86.0
P456571,dry,61,4.36,86.9
P456571,oily,47,4.38,87.2
P456572,all,291,4.07,80.1
P456572,dry,46,3.89,73.9
P456572,oily,42,4.07,78.6
P456582,all,386,4.37,88.1
P456582,dry,51,4.18,80.4
P456582,oily,54,4.39,88.9
P456957,all,63,4.22,81.0
P456957,dry,4,4.25,75.0
P456957,oily,11,4.27,81.8
P456988,all,280,3.77,71.4
P456988,dry,50,3.80,70.0
P456988,oily,30,3.23,53.3
P456989,all,47,3.68,68.1
P456989,dry,11,4.00,90.9
P456989,oily,4,2.50,25.0
P456990,all,35,3.40,54.3
P456990,dry,6,3.83,83.3
P456990,oily,8,3.25,50.0
P456991,all,88,3.69,68.2
P456991,dry,26,4.04,76.9
P456991,oily,8,4.38,87.5
P456992,all,17,3.88,64.7
P456992,dry,5,3.60,60.0
P456992,oily,1,4.00,100.0
P456994,all,392,3.67,67.1
P456994,dry,85,3.80,70.6
P456994,oily,49,3.88,69.4
P456997,all,47,4.70,93.6
P456997,dry,5,5.00,100.0
P456997,oily,3,5.00,100.0
P457002,all,69,4.87,95.7
P457002,dry,16,5.00,100.0
P457002,oily,6,4.50,83.3
P457005,all,979,4.58,93.4
P457005,dry,213,4.57,92.5
P457005,oily,119,4.49,90.8
P457008,all,566,4.31,85.3
P457008,dry,94,4.29,85.1
P457008,oily,57,4.39,82.5
P457009,all,6,4.00,83.3
P457009,oily,2,4.00,100.0
P457010,all,9,4.56,100.0
P457010,dry,2,4.00,100.0
P457011,all,13,4.85,100.0
P457011,dry,3,5.00,100.0
P457012,all,12,3.83,66.7
P457012,oily,1,5.00,100.0
P457272,all,14,3.79,64.3
P457272,oily,2,5.00,100.0
P457273,all,10,3.60,60.0
P457273,dry,2,1.50,0.0
P457273,oily,1,5.00,100.0
P457274,all,7,4.14,71.4
P457274,dry,2,5.00,100.0
P457279,all,3,4.67,100.0
P457439,all,29,3.62,62.1
P457439,dry,9,3.56,66.7
P457439,oily,5,3.20,60.0
P457441,all,33,4.67,93.9
P457441,dry,2,5.00,100.0
P457441,oily,9,4.78,100.0
P457442,all,238,3.32,59.7
P457442,dry,44,3.39,61.4
P457442,oily,26,3.58,73.1
P457468,all,24,3.04,45.8
P457468,dry,5,3.80,80.0
P457468,oily,2,1.50,0.0
P457510,all,278,4.67,96.0
P457510,dry,50,4.80,100.0
P457510,oily,28,4.54,92.9
P457512,all,476,4.14,81.5
P457512,dry,92,4.18,82.6
P457512,oily,64,3.94,76.6
P457517,all,699,4.39,86.3
P457517,dry,132,4.39,85.6
P457517,oily,82,4.55,89.0
P457519,all,37,3.46,56.8
P457519,dry,13,3.54,61.5
P457519,oily,2,4.00,100.0
P457520,all,31,3.39,61.3
P457520,dry,8,3.75,62.5
P457520,oily,3,4.00,66.7
P457521,all,484,4.43,88.2
P457521,dry,80,4.35,85.0
P457521,oily,75,4.61,93.3
P457522,all,325,4.42,90.8
P457522,dry,69,4.39,87.0
P457522,oily,47,4.32,87.2
P457694,all,108,4.21,82.4
P457694,dry,22,4.64,90.9
P457694,oily,11,3.82,90.9
P457695,all,350,4.50,89.7
P457695,dry,77,4.47,88.3
P457695,oily,43,4.42,86.0
P457696,all,144,4.19,82.6
P457696,dry,32,4.09,78.1
P457696,oily,13,3.77,76.9
P457697,all,156,4.64,93.6
P457697,dry,37,4.51,91.9
P457697,oily,20,4.65,100.0
P457854,all,19,4.53,89.5
P457854,dry,8,4.88,100.0
P457854,oily,1,3.00,100.0
P457864,all,597,4.22,85.9
P457864,dry,79,4.29,84.8
P457864,oily,72,4.06,83.3
P458209,all,1356,4.06,74.1
P458209,dry,123,4.02,72.4
P458209,oily,269,3.89,69.1
P458216,all,2212,4.24,82.5
P458216,dry,423,4.29,83.7
P458216,oily,284,4.36,86.3
P458219,all,3321,4.37,85.7
P458219,dry,519,4.35,84.2
P458219,oily,465,4.26,82.8
P458546,all,251,4.60,92.4
P458546,dry,43,4.47,88.4
P458546,oily,27,4.41,92.6
P458573,all,18,4.72,94.4
P458573,oily,4,5.00,100.0
P458576,all,844,4.28,84.8
P458576,dry,154,4.21,81.8
P458576,oily,103,4.28,86.4
P458724,all,238,4.47,89.1
P458724,dry,52,4.40,86.5
P458724,oily,22,4.77,95.5
P458733,all,40,3.70,67.5
P458733,dry,4,2.75,50.0
P458733,oily,3,3.67,66.7
P458755,all,954,4.16,80.4
P458755,dry,182,3.96,78.0
P458755,oily,106,4.11,79.2
P458900,all,678,4.24,86.3
P458900,dry,115,4.31,87.0
P458900,oily,72,4.11,79.2
P458917,all,344,4.44,86.0
P458917,dry,56,4.14,76.8
P458917,oily,36,4.25,83.3
P458958,all,12,4.08,75.0
P458958,dry,2,4.00,50.0
P458961,all,18,4.39,83.3
P458961,dry,2,5.00,100.0
P458961,oily,3,5.00,100.0
P458962,all,15,3.93,80.0
P458962,dry,1,5.00,100.0
P458962,oily,1,5.00,100.0
P458963,all,5,1.80,20.0
P458963,dry,1,1.00,0.0
P458963,oily,1,3.00,0.0
P458964,all,54,3.98,72.2
P458964,dry,13,4.15,76.9
P458964,oily,6,3.83,66.7
P459116,all,52,4.31,84.6
P459116,dry,16,4.44,87.5
P459116,oily,4,5.00,100.0
P459127,all,514,4.57,88.9
P459127,dry,81,4.53,88.9
P459127,oily,40,4.15,77.5
P459128,all,307,4.82,95.8
P459128,dry,39,4.95,97.4
P459128,oily,24,4.58,91.7
P459129,all,268,4.82,96.3
P459129,dry,39,4.82,94.9
P459129,oily,19,4.95,100.0
P459130,all,321,4.79,94.1
P459130,dry,49,4.71,91.8
P459130,oily,25,4.36,84.0
P459131,all,81,4.23,79.0
P459131,dry,8,4.75,100.0
P459131,oily,6,3.33,66.7
P459133,all,528,4.24,78.4
P459133,dry,107,4.31,79.4
P459133,oily,54,4.48,87.0
P459140,all,42,3.62,64.3
P459140,dry,10,4.10,80.0
P459140,oily,4,3.75,75.0
P459141,all,821,4.48,87.1
P459141,dry,80,4.39,86.2
P459141,oily,136,4.47,87.5
P459299,all,2128,4.48,90.1
P459299,dry,338,4.43,87.9
P459299,oily,250,4.46,90.4
P459300,all,1110,3.99,76.1
P459300,dry,163,4.16,81.6
P459300,oily,130,3.78,69.2
P459301,all,1196,4.26,85.5
P459301,dry,171,4.02,78.4
P459301,oily,144,4.40,90.3
P459835,all,41,3.15,46.3
P459835,dry,5,3.20,40.0
P459835,oily,5,3.60,60.0
P460010,all,38,2.71,42.1
P460010,dry,9,2.44,33.3
P460010,oily,4,2.25,25.0
P460511,all,18,4.17,72.2
P460511,dry,3,3.67,66.7
P460511,oily,2,3.00,50.0
P460512,all,1835,4.40,86.7
P460512,dry,352,4.47,88.4
P460512,oily,238,4.28,84.5
P460513,all,292,4.58,89.0
P460513,dry,73,4.62,89.0
P460513,oily,36,4.61,88.9
P460514,all,304,4.38,85.5
P460514,dry,67,4.21,79.1
P460514,oily,36,4.31,86.1
P460515,all,1018,4.28,84.5
P460515,dry,193,4.27,83.4
P460515,oily,119,4.26,83.2
P460516,all,1428,4.20,80.9
P460516,dry,253,4.22,83.4
P460516,oily,194,4.16,79.9
P460554,all,117,4.61,94.0
P460554,dry,14,4.64,100.0
P460554,oily,19,4.74,100.0
P460578,all,738,4.28,85.2
P460578,dry,136,4.26,86.0
P460578,oily,48,4.25,85.4
P460622,all,2,3.00,50.0
P460622,oily,1,1.00,0.0
P460624,all,416,4.63,94.7
P460624,dry,71,4.68,93.0
P460624,oily,52,4.48,94.2
P460627,all,99,3.15,51.5
P460627,dry,17,2.71,35.3
P460627,oily,13,2.54,46.2
P460701,all,386,4.14,81.1
P460701,dry,70,4.06,80.0
P460701,oily,35,3.94,77.1
P460704,all,18,4.33,94.4
P460704,dry,6,3.83,83.3
P460723,all,524,2.56,37.8
P460723,dry,84,2.85,47.6
P460723,oily,55,2.40,32.7
P460746,all,54,4.41,90.7
P460746,dry,5,4.00,100.0
P460746,oily,17,4.24,88.2
P460747,all,631,4.35,84.2
P460747,dry,115,4.24,78.3
P460747,oily,62,4.21,82.3
P460756,all,15,3.20,46.7
P460756,dry,1,1.00,0.0
P460756,oily,3,3.67,66.7
P460757,all,4,3.50,50.0
P460757,dry,1,2.00,0.0
P460757,oily,2,3.50,50.0
P460758,all,109,4.15,72.5
P460758,dry,30,3.77,60.0
P460758,oily,12,4.00,75.0
P460779,all,3727,4.43,93.1
P460779,dry,616,4.40,91.9
P460779,oily,361,4.43,93.4
P460855,all,611,2.28,30.1
P460855,dry,111,2.53,35.1
P460855,oily,50,2.74,40.0
P460856,all,373,4.17,83.1
P460856,dry,68,3.93,75.0
P460856,oily,63,4.29,88.9
P461159,all,2412,4.05,79.2
P461159,dry,390,4.08,80.5
P461159,oily,270,4.09,81.1
P461160,all,2412,4.05,79.2
P461160,dry,390,4.08,80.5
P461160,oily,270,4.09,81.1
P461161,all,77,4.29,81.8
P461161,dry,14,4.36,78.6
P461161,oily,13,4.31,84.6
P461162,all,65,4.57,90.8
P461162,dry,12,4.67,91.7
P461162,oily,11,4.64,90.9
P461165,all,627,4.20,83.4
P461165,dry,112,4.12,81.2
P461165,oily,38,4.11,84.2
P461177,all,493,4.16,78.7
P461177,dry,96,4.47,87.5
P461177,oily,63,4.27,82.5
P461195,all,36,3.89,66.7
P461195,dry,7,4.29,71.4
P461195,oily,5,3.80,80.0
P461199,all,22,4.45,90.9
P461199,dry,5,4.20,80.0
P461199,oily,3,5.00,100.0
P461200,all,27,4.67,88.9
P461200,dry,3,5.00,100.0
P461200,oily,5,4.20,60.0
P461213,all,657,4.19,79.9
P461213,dry,128,4.09,78.1
P461213,oily,89,4.40,87.6
P461439,all,595,4.46,89.1
P461439,dry,120,4.42,88.3
P461439,oily,52,4.46,92.3
P461451,all,834,4.26,87.9
P461451,dry,149,4.25,88.6
P461451,oily,78,4.22,88.5
P461491,all,174,4.28,80.5
P461491,dry,38,4.34,89.5
P461491,oily,12,4.00,75.0
P461520,all,157,4.27,83.4
P461520,dry,29,4.41,86.2
P461520,oily,17,4.59,88.2
P461521,all,67,3.64,64.2
P461521,dry,11,3.18,45.5
P461521,oily,9,4.00,66.7
P461522,all,186,2.99,47.8
P461522,dry,24,3.42,58.3
P461522,oily,26,2.62,38.5
P461535,all,25,4.20,84.0
P461535,dry,3,4.33,100.0
P461535,oily,5,5.00,100.0
P461537,all,2453,4.50,89.6
P461537,dry,520,4.42,86.3
P461537,oily,294,4.53,91.8
P461555,all,2355,4.32,82.4
P461555,dry,669,4.39,83.4
P461555,oily,199,4.36,82.9
P461667,all,257,4.17,80.5
P461667,dry,37,4.11,78.4
P461667,oily,44,4.20,84.1
P461933,all,2412,4.05,79.2
P461933,dry,390,4.08,80.5
P461933,oily,270,4.09,81.1
P461935,all,229,4.42,91.7
P461935,dry,45,4.47,93.3
P461935,oily,19,4.37,89.5
P461936,all,114,4.12,84.2
P461936,dry,32,4.34,93.8
P461936,oily,8,3.88,75.0
P461937,all,13,1.85,15.4
P461937,dry,3,2.67,66.7
P461937,oily,4,2.00,0.0
P461947,all,45,4.51,88.9
P461947,dry,8,5.00,100.0
P461947,oily,7,4.71,100.0
P461948,all,171,4.26,87.7
P461948,dry,38,4.26,92.1
P461948,oily,15,4.27,86.7
P461949,all,563,4.52,88.3
P461949,dry,106,4.56,89.6
P461949,oily,36,4.53,86.1
P461950,all,18,4.44,83.3
P461950,dry,1,5.00,100.0
P461950,oily,2,5.00,100.0
P462336,all,1331,4.46,91.6
P462336,dry,231,4.45,91.3
P462336,oily,160,4.46,91.2
P462339,all,241,4.64,90.9
P462339,dry,25,4.32,80.0
P462339,oily,51,4.67,96.1
P462344,all,320,4.44,89.4
P462344,dry,33,4.24,81.8
P462344,oily,43,4.35,83.7
P462347,all,1018,4.28,84.5
P462347,dry,193,4.27,83.4
P462347,oily,119,4.26,83.2
P462375,all,6,3.50,50.0
P462378,all,10,4.30,90.0
P462378,oily,1,5.00,100.0
P462379,all,6,4.00,66.7
P462379,dry,1,3.00,0.0
P462381,all,9,4.11,77.8
P462381,dry,2,5.00,100.0
P462381,oily,2,3.00,50.0
P462383,all,4,4.50,100.0
P462384,all,5,3.00,60.0
P462384,dry,1,5.00,100.0
P462384,oily,1,4.00,100.0
P462386,all,4,3.75,75.0
P462386,oily,1,4.00,100.0
P462390,all,438,4.38,91.3
P462390,dry,24,4.25,83.3
P462390,oily,82,4.49,95.1
P462666,all,398,4.59,92.2
P462666,dry,85,4.65,95.3
P462666,oily,40,4.60,92.5
P462699,all,1921,4.43,87.5
P462699,dry,394,4.40,86.5
P462699,oily,226,4.50,90.3
P462747,all,267,3.95,73.8
P462747,dry,23,3.83,69.6
P462747,oily,67,4.01,74.6
P462748,all,170,4.21,77.8
P462748,dry,10,4.80,90.0
P462748,oily,29,4.45,82.6
P462829,all,237,3.64,62.4
P462829,dry,55,3.53,58.2
P462829,oily,30,4.03,70.0
P462891,all,259,4.53,90.7
P462891,dry,37,4.49,86.5
P462891,oily,29,4.45,86.2
P463036,all,1341,4.44,86.4
P463036,dry,376,4.36,84.6
P463036,oily,85,4.36,83.5
P463105,all,937,4.58,94.6
P463105,dry,142,4.44,93.0
P463105,oily,112,4.65,94.6
P463106,all,5,4.00,80.0
P463106,dry,1,5.00,100.0
P463109,all,4,3.25,50.0
P463109,dry,1,1.00,0.0
P463110,all,10,4.50,80.0
P463110,dry,1,5.00,100.0
P463110,oily,1,5.00,100.0
P463144,all,547,3.86,70.2
P463144,dry,112,3.59,60.7
P463144,oily,61,3.97,77.0
P463353,all,528,3.40,59.1
P463353,dry,94,3.53,59.6
P463353,oily,65,3.38,56.9
P463371,all,2073,4.36,83.3
P463371,dry,568,4.25,79.6
P463371,oily,187,4.39,83.4
P463613,all,96,3.47,64.6
P463613,dry,32,3.28,62.5
P463613,oily,9,3.89,77.8
P463665,all,379,4.40,89.7
P463665,dry,62,4.52,91.9
P463665,oily,61,4.34,88.5
P463791,all,11,4.27,90.9
P463791,dry,2,5.00,100.0
P463792,all,13,3.54,69.2
P463792,oily,3,3.33,66.7
P463951,all,7,3.71,71.4
P463951,dry,3,4.00,66.7
P463951,oily,1,4.00,100.0
P463964,all,95,3.82,64.2
P463964,dry,22,3.36,40.9
P463964,oily,10,2.60,30.0
P464233,all,810,4.24,81.1
P464233,dry,136,4.15,78.7
P464233,oily,71,4.21,85.9
P464234,all,267,4.50,92.5
P464234,dry,39,4.62,97.4
P464234,oily,32,4.66,96.9
P464235,all,260,4.48,94.6
P464235,dry,31,4.32,90.3
P464235,oily,22,4.14,90.9
P464237,all,101,3.88,74.3
P464237,dry,13,4.00,69.2
P464237,oily,13,3.77,69.2
P464238,all,519,4.67,96.1
P464238,dry,112,4.76,97.3
P464238,oily,49,4.57,93.9
P464239,all,377,4.58,94.4
P464239,dry,42,4.74,97.6
P464239,oily,57,4.53,91.2
P464240,all,105,4.41,90.5
P464240,dry,11,4.82,100.0
P464240,oily,19,4.42,94.7
P464241,all,287,4.40,91.6
P464241,dry,33,4.55,97.0
P464241,oily,43,4.30,88.4
P464242,all,122,4.51,95.1
P464242,dry,16,4.50,100.0
P464242,oily,15,4.33,86.7
P464243,all,434,4.49,92.6
P464243,dry,55,4.36,92.7
P464243,oily,74,4.54,91.9
P464244,all,107,4.60,94.4
P464244,dry,15,4.53,93.3
P464244,oily,12,4.75,91.7
P464245,all,301,4.50,92.0
P464245,dry,55,4.40,92.7
P464245,oily,24,4.50,91.7
P464250,all,23,3.83,65.2
P464250,dry,8,3.75,62.5
P464250,oily,2,4.50,100.0
P464288,all,17,2.94,41.2
P464288,dry,4,3.25,50.0
P464288,oily,1,3.00,0.0
P464799,all,28,2.64,39.3
P464799,dry,2,1.00,0.0
P464799,oily,6,2.50,33.3
P465365,all,179,4.27,84.9
P465365,dry,38,4.00,78.9
P465365,oily,19,4.21,89.5
P465368,all,1238,4.14,78.5
P465368,dry,257,4.24,81.3
P465368,oily,172,4.36,85.5
P465741,all,349,4.68,94.0
P465741,dry,75,4.80,94.7
P465741,oily,30,4.57,93.3
P465752,all,162,3.83,69.8
P465752,dry,36,3.61,66.7
P465752,oily,19,3.63,57.9
P465803,all,150,4.89,98.7
P465803,dry,31,4.81,96.8
P465803,oily,17,5.00,100.0
P465808,all,75,3.44,58.7
P465808,dry,19,3.95,73.7
P465808,oily,7,3.00,57.1
P466114,all,358,4.58,92.2
P466114,dry,58,4.64,93.1
P466114,oily,25,4.52,92.0
P466117,all,677,3.88,75.5
P466117,dry,197,4.02,81.7
P466117,oily,35,3.77,71.4
P466122,all,716,4.43,92.5
P466122,dry,112,4.55,93.8
P466122,oily,95,4.36,89.5
P466123,all,2200,4.41,86.6
P466123,dry,478,4.44,87.4
P466123,oily,231,4.39,88.7
P466134,all,632,4.49,88.4
P466134,dry,128,4.60,91.4
P466134,oily,64,4.52,87.5
P466142,all,1277,4.58,93.8
P466142,dry,182,4.50,91.8
P466142,oily,161,4.61,95.0
P466153,all,700,4.48,88.3
P466153,dry,149,4.42,85.9
P466153,oily,65,4.26,84.6
P466154,all,574,3.67,63.8
P466154,dry,113,3.84,69.9
P466154,oily,48,3.21,45.8
P466155,all,1391,4.64,94.1
P466155,dry,290,4.63,93.8
P466155,oily,142,4.63,92.3
P466163,all,434,4.61,92.2
P466163,dry,85,4.53,91.8
P466163,oily,71,4.70,93.0
P466164,all,993,4.39,85.1
P466164,dry,189,4.25,81.0
P466164,oily,93,4.54,90.3
P466661,all,485,4.57,89.3
P466661,dry,46,4.50,87.0
P466661,oily,68,4.49,91.2
P466673,all,663,4.39,90.2
P466673,dry,112,4.36,91.1
P466673,oily,81,4.41,88.9
P466878,all,17,2.88,47.1
P466878,dry,6,3.33,50.0
P466878,oily,1,2.00,0.0
P467028,all,75,4.91,98.7
P467028,dry,6,4.67,100.0
P467028,oily,4,5.00,100.0
P467038,all,1331,4.21,80.2
P467038,dry,243,4.28,83.5
P467038,oily,124,4.30,80.6
P467106,all,21,4.48,81.0
P467106,dry,6,5.00,100.0
P467106,oily,2,4.00,50.0
P467107,all,10,4.50,90.0
P467107,dry,2,4.50,100.0
P467107,oily,2,3.50,50.0
P467110,all,636,4.34,86.9
P467110,dry,117,4.39,87.2
P467110,oily,75,4.27,85.3
P467111,all,314,4.40,90.1
P467111,dry,13,4.23,84.6
P467111,oily,68,4.40,91.2
P467112,all,17,4.88,100.0
P467112,dry,2,5.00,100.0
P467112,oily,4,4.75,100.0
P467115,all,186,3.66,62.4
P467115,dry,31,3.71,74.2
P467115,oily,30,3.13,43.3
P467118,all,307,4.01,76.5
P467118,dry,38,3.95,73.7
P467118,oily,40,4.17,77.5
P467120,all,363,4.10,80.2
P467120,dry,56,4.43,91.1
P467120,oily,34,3.88,70.6
P467122,all,449,4.16,81.7
P467122,dry,60,4.18,80.0
P467122,oily,58,4.33,89.7
P467123,all,467,4.14,80.3
P467123,dry,83,4.01,79.5
P467123,oily,57,4.28,82.5
P467124,all,553,4.16,80.3
P467124,dry,119,4.33,84.9
P467124,oily,74,4.08,77.0
P467126,all,604,3.94,72.0
P467126,dry,109,4.12,76.1
P467126,oily,76,3.88,67.1
P467129,all,15,3.53,60.0
P467129,dry,1,5.00,100.0
P467129,oily,3,5.00,100.0
P467137,all,484,4.43,89.5
P467137,dry,101,4.48,91.1
P467137,oily,38,4.32,86.8
P467247,all,427,4.10,77.3
P467247,dry,56,4.27,87.5
P467247,oily,83,4.11,79.5
P467248,all,486,4.10,76.3
P467248,dry,72,4.15,76.4
P467248,oily,89,3.91,71.9
P467249,all,786,4.01,75.7
P467249,dry,131,4.12,80.9
P467249,oily,124,3.77,71.8
P467250,all,168,4.21,82.1
P467250,dry,26,3.85,69.2
P467250,oily,32,4.47,93.8
P467251,all,278,4.06,79.9
P467251,dry,44,3.98,75.0
P467251,oily,54,3.94,75.9
P467602,all,1142,4.53,93.9
P467602,dry,201,4.53,94.0
P467602,oily,130,4.48,96.2
P467608,all,8,4.75,87.5
P467608,dry,3,5.00,100.0
P467614,all,148,4.70,91.2
P467614,dry,25,4.76,92.0
P467614,oily,19,4.89,94.7
P467615,all,744,4.55,91.8
P467615,dry,165,4.53,89.7
P467615,oily,59,4.47,94.9
P467617,all,297,4.51,92.3
P467617,dry,28,4.68,96.4
P467617,oily,39,4.56,94.9
P467628,all,23,3.00,47.8
P467628,dry,3,3.33,33.3
P467628,oily,4,3.75,75.0
P467630,all,298,4.64,92.6
P467630,dry,53,4.72,94.3
P467630,oily,32,4.16,78.1
P467635,all,22,4.09,77.3
P467635,dry,2,4.50,100.0
P467635,oily,2,3.00,50.0
P467647,all,331,3.63,64.7
P467647,dry,63,3.86,73.0
P467647,oily,36,3.56,61.1
P467649,all,7,1.86,14.3
P467649,dry,1,1.00,0.0
P467650,all,31,3.48,61.3
P467650,dry,4,3.75,75.0
P467650,oily,5,2.60,40.0
P467651,all,56,4.20,76.8
P467651,dry,5,4.60,80.0
P467651,oily,12,4.75,91.7
P467652,all,320,3.56,63.8
P467652,dry,65,3.52,66.2
P467652,oily,37,3.70,67.6
P467655,all,920,3.85,71.7
P467655,dry,138,3.83,69.6
P467655,oily,177,3.82,70.6
P467748,all,174,4.33,83.3
P467748,dry,28,4.36,85.7
P467748,oily,17,3.88,76.5
P467749,all,172,4.41,89.0
P467749,dry,27,4.33,88.9
P467749,oily,17,4.35,88.2
P467750,all,336,4.65,93.2
P467750,dry,47,4.60,93.6
P467750,oily,27,4.59,96.3
P467755,all,13,3.85,61.5
P467755,dry,2,3.50,50.0
P467756,all,8,3.38,62.5
P467756,dry,3,3.67,66.7
P467757,all,4,3.25,50.0
P467762,all,3321,4.37,85.7
P467762,dry,519,4.35,84.2
P467762,oily,465,4.26,82.8
P467945,all,678,4.55,94.2
P467945,dry,113,4.64,93.8
P467945,oily,57,4.61,96.5
P467969,all,60,4.67,91.7
P467969,dry,7,4.29,71.4
P467969,oily,13,4.92,100.0
P467970,all,58,4.71,93.1
P467970,dry,6,5.00,100.0
P467970,oily,13,4.92,100.0
P467971,all,370,4.30,87.0
P467971,dry,62,4.13,77.4
P467971,oily,46,4.39,93.5
P467972,all,100,4.75,96.0
P467972,dry,19,5.00,100.0
P467972,oily,8,4.12,87.5
P467973,all,254,4.21,80.7
P467973,dry,50,4.20,82.0
P467973,oily,20,4.15,80.0
P467976,all,377,4.04,78.2
P467976,dry,58,4.19,82.8
P467976,oily,62,4.03,79.0
P468143,all,37,3.57,62.2
P468143,dry,7,3.43,57.1
P468149,all,107,4.21,81.3
P468149,dry,18,4.28,77.8
P468149,oily,18,3.89,66.7
P468196,all,4,2.50,25.0
P468196,oily,1,5.00,100.0
P468211,all,183,4.10,74.9
P468211,dry,55,3.95,69.1
P468211,oily,12,4.33,83.3
P468229,all,20,4.15,75.0
P468229,dry,5,4.60,100.0
P468229,oily,2,1.50,0.0
P468351,all,1730,4.25,87.7
P468351,dry,340,4.22,89.1
P468351,oily,164,4.24,86.6
P468354,all,13,4.62,100.0
P468354,dry,2,5.00,100.0
P468354,oily,2,4.50,100.0
P468369,all,172,4.44,93.6
P468369,dry,38,4.24,84.2
P468369,oily,10,4.30,100.0
P468390,all,3,5.00,100.0
P468396,all,226,4.44,89.8
P468396,dry,33,4.58,93.9
P468396,oily,29,4.52,93.1
P468408,all,747,4.32,84.6
P468408,dry,132,4.08,76.5
P468408,oily,68,4.35,83.8
P468409,all,831,4.26,81.5
P468409,dry,132,4.11,79.5
P468409,oily,88,4.30,84.1
P468410,all,6,4.00,83.3
P468411,all,442,4.19,82.1
P468411,dry,69,3.94,79.7
P468411,oily,46,4.35,89.1
P468412,all,17,4.06,76.5
P468412,dry,4,4.00,75.0
P468412,oily,1,5.00,100.0
P468634,all,26,4.85,100.0
P468634,dry,10,5.00,100.0
P468634,oily,4,5.00,100.0
P468637,all,439,4.31,79.3
P468637,dry,77,4.45,85.1
P468637,oily,51,4.20,77.6
P468640,all,267,4.58,93.6
P468640,dry,42,4.69,95.2
P468640,oily,31,4.58,87.1
P468652,all,38,4.39,86.8
P468652,dry,7,3.43,57.1
P468652,oily,5,4.40,100.0
P468658,all,1200,4.62,92.8
P468658,dry,194,4.64,93.3
P468658,oily,185,4.58,93.0
P468671,all,37,4.22,73.0
P468671,dry,5,3.60,60.0
P468671,oily,5,3.40,40.0
P468672,all,102,4.54,94.1
P468672,dry,12,4.42,100.0
P468672,oily,16,4.44,93.8
P468684,all,459,4.46,88.9
P468684,dry,101,4.40,85.1
P468684,oily,61,4.49,90.2
P468709,all,91,4.32,86.8
P468709,dry,9,3.67,88.9
P468709,oily,20,4.45,95.0
P468813,all,176,4.34,84.7
P468813,dry,29,4.14,79.3
P468813,oily,22,4.27,86.4
P468818,all,55,4.22,85.5
P468818,dry,8,4.25,87.5
P468818,oily,8,3.62,62.5
P468821,all,535,4.54,89.5
P468821,dry,151,4.44,85.4
P468821,oily,53,4.64,94.3
P468850,all,120,4.70,94.2
P468850,dry,32,4.75,96.9
P468850,oily,13,4.85,92.3
P469028,all,20,3.30,50.0
P469028,dry,5,2.20,20.0
P469028,oily,3,3.67,66.7
P469085,all,39,4.33,82.1
P469085,dry,7,5.00,100.0
P469085,oily,5,4.00,80.0
P469086,all,100,4.73,94.0
P469086,dry,19,4.68,94.7
P469086,oily,7,5.00,100.0
P469087,all,70,3.51,61.4
P469087,dry,12,3.42,58.3
P469087,oily,15,3.00,40.0
P469088,all,347,4.42,88.8
P469088,dry,77,4.38,88.3
P469088,oily,45,4.56,93.3
P469110,all,81,4.88,100.0
P469110,dry,17,4.88,100.0
P469110,oily,9,4.78,100.0
P469111,all,96,4.64,92.7
P469111,dry,17,4.71,94.1
P469111,oily,10,4.60,90.0
P469112,all,91,4.71,94.5
P469112,dry,15,4.80,93.3
P469112,oily,10,4.50,90.0
P469118,all,299,4.69,96.0
P469118,dry,92,4.74,95.7
P469118,oily,11,4.82,100.0
P469121,all,10,4.20,70.0
P469121,dry,2,5.00,100.0
P469121,oily,1,1.00,0.0
P469193,all,4,1.25,0.0
P469196,all,111,3.76,67.6
P469196,dry,16,3.69,62.5
P469196,oily,15,3.60,66.7
P469200,all,24,3.50,58.3
P469200,dry,8,3.75,50.0
P469200,oily,1,3.00,100.0
P469213,all,886,4.39,90.2
P469213,dry,124,4.45,91.1
P469213,oily,92,4.45,92.4
P469439,all,278,3.87,69.1
P469439,dry,52,4.27,82.7
P469439,oily,29,3.59,58.6
P469444,all,176,4.35,87.5
P469444,dry,30,4.20,83.3
P469444,oily,20,4.35,85.0
P469448,all,17,2.53,41.2
P469448,dry,1,1.00,100.0
P469448,oily,3,1.33,0.0
P469449,all,24,3.33,54.2
P469449,dry,7,3.86,71.4
P469451,all,23,4.57,95.7
P469451,dry,3,5.00,100.0
P469451,oily,5,4.00,80.0
P469452,all,8,3.75,62.5
P469452,dry,1,5.00,100.0
P469452,oily,2,3.00,50.0
P469454,all,67,4.63,88.1
P469454,dry,12,4.33,83.3
P469454,oily,11,4.45,81.8
P469478,all,76,3.68,63.2
P469478,dry,13,4.08,76.9
P469478,oily,7,3.71,57.1
P469482,all,557,3.74,67.9
P469482,dry,128,3.62,63.3
P469482,oily,57,4.11,80.7
P469490,all,719,4.21,78.3
P469490,dry,154,4.18,77.3
P469490,oily,84,4.30,76.2
P469502,all,1200,4.44,87.1
P469502,dry,219,4.42,87.7
P469502,oily,202,4.49,88.6
P469503,all,412,4.22,83.0
P469503,dry,64,4.12,81.2
P469503,oily,62,4.24,85.5
P469504,all,47,4.62,91.5
P469504,dry,8,4.62,100.0
P469504,oily,9,4.33,77.8
P469505,all,146,4.71,95.2
P469505,dry,15,4.47,86.7
P469505,oily,15,4.93,100.0
P469506,all,435,4.21,80.9
P469506,dry,94,4.37,83.0
P469506,oily,47,4.34,87.2
P469507,all,216,4.75,95.8
P469507,dry,46,4.63,93.5
P469507,oily,26,4.62,92.3
P469508,all,47,4.43,87.2
P469508,dry,13,4.46,84.6
P469508,oily,6,4.33,83.3
P469510,all,264,4.55,90.2
P469510,dry,49,4.65,91.8
P469510,oily,38,4.32,89.5
P469511,all,220,4.53,88.6
P469511,dry,32,4.66,90.6
P469511,oily,30,4.53,90.0
P469512,all,43,4.12,81.4
P469512,dry,9,4.56,100.0
P469512,oily,6,2.83,50.0
P469513,all,74,4.15,77.0
P469513,dry,6,4.17,83.3
P469513,oily,14,4.57,85.7
P469514,all,55,4.71,94.5
P469514,dry,9,4.78,100.0
P469514,oily,6,5.00,100.0
P469515,all,66,4.83,95.5
P469515,dry,10,5.00,100.0
P469515,oily,13,4.69,92.3
P469516,all,59,4.49,88.1
P469516,dry,9,4.22,77.8
P469516,oily,10,4.30,90.0
P469517,all,90,4.53,91.1
P469517,dry,14,4.64,92.9
P469517,oily,17,4.59,100.0
P469518,all,37,4.32,81.1
P469518,dry,13,4.08,69.2
P469518,oily,4,4.25,75.0
P469519,all,238,4.73,95.0
P469519,dry,64,4.77,95.3
P469519,oily,15,4.87,100.0
P469520,all,200,4.73,94.5
P469520,dry,37,4.62,91.9
P469520,oily,24,4.54,87.5
P469521,all,25,3.80,76.0
P469521,oily,7,3.29,71.4
P469522,all,407,4.27,82.6
P469522,dry,55,4.20,72.7
P469522,oily,64,4.19,81.2
P469523,all,25,3.40,56.0
P469523,dry,3,3.33,66.7
P469523,oily,3,3.33,66.7
P469524,all,133,4.26,79.7
P469524,dry,18,3.67,77.8
P469524,oily,33,4.61,90.9
P469525,all,55,4.05,74.5
P469525,dry,20,4.00,75.0
P469525,oily,6,3.17,50.0
P469526,all,44,3.73,61.4
P469526,dry,10,3.70,50.0
P469526,oily,6,3.33,50.0
P469527,all,62,4.55,91.9
P469527,dry,12,4.50,91.7
P469527,oily,12,4.33,83.3
P469528,all,137,4.50,89.1
P469528,dry,25,4.48,84.0
P469528,oily,11,4.64,100.0
P469530,all,245,4.56,91.4
P469530,dry,34,4.74,94.1
P469530,oily,35,4.29,85.7
P469537,all,302,4.70,94.4
P469537,dry,67,4.64,92.5
P469537,oily,15,4.73,93.3
P469538,all,977,4.57,91.8
P469538,dry,217,4.53,90.8
P469538,oily,67,4.31,82.1
P469544,all,59,4.19,79.7
P469544,dry,7,4.43,71.4
P469544,oily,10,4.50,90.0
P469801,all,1,5.00,100.0
P469806,all,15,3.73,60.0
P469806,dry,4,4.00,75.0
P469818,all,209,4.53,92.3
P469818,dry,24,4.42,91.7
P469818,oily,36,4.50,91.7
P469829,all,1,5.00,100.0
P469829,dry,1,5.00,100.0
P469830,all,16,4.06,68.8
P469830,dry,2,5.00,100.0
P469830,oily,3,4.67,100.0
P469831,all,66,4.53,89.4
P469831,dry,19,4.26,78.9
P469831,oily,6,4.83,100.0
P469832,all,55,4.40,89.1
P469832,dry,6,4.00,66.7
P469832,oily,6,4.33,100.0
P469833,all,52,4.77,96.2
P469833,dry,13,4.77,92.3
P469833,oily,6,4.17,83.3
P469862,all,223,4.38,87.0
P469862,dry,54,4.50,92.6
P469862,oily,18,4.28,83.3
P470007,all,154,4.18,78.6
P470007,dry,30,4.27,83.3
P470007,oily,13,3.92,84.6
P470024,all,713,4.36,86.4
P470024,dry,121,4.31,84.3
P470024,oily,80,4.34,83.8
P470040,all,201,4.49,89.6
P470040,dry,7,3.29,57.1
P470040,oily,98,4.45,87.8
P470041,all,1045,4.24,85.8
P470041,dry,184,4.03,78.8
P470041,oily,162,4.25,86.4
P470048,all,42,3.88,69.0
P470048,dry,2,5.00,100.0
P470048,oily,1,3.00,100.0
P470049,all,40,4.60,90.0
P470049,dry,10,4.50,90.0
P470049,oily,6,5.00,100.0
P470057,all,455,3.95,74.1
P470057,dry,72,4.00,75.0
P470057,oily,69,3.83,71.0
P470058,all,262,4.44,87.8
P470058,dry,47,4.23,83.0
P470058,oily,26,4.50,88.5
P470065,all,349,4.44,88.3
P470065,dry,58,4.47,89.7
P470065,oily,41,4.39,90.2
P470217,all,193,4.26,82.9
P470217,dry,46,4.20,76.1
P470217,oily,24,4.46,91.7
P470221,all,305,4.68,94.1
P470221,dry,63,4.60,95.2
P470221,oily,40,4.60,87.5
P470227,all,362,4.73,96.4
P470227,dry,50,4.64,96.0
P470227,oily,51,4.73,98.0
P470240,all,129,4.19,76.0
P470240,dry,27,4.19,77.8
P470240,oily,14,4.29,78.6
P470243,all,466,4.49,94.2
P470243,dry,49,4.63,98.0
P470243,oily,82,4.46,96.3
P470245,all,34,4.50,91.2
P470245,dry,6,4.83,100.0
P470245,oily,4,4.75,100.0
P470246,all,21,4.71,90.5
P470246,dry,2,3.50,50.0
P470246,oily,4,4.75,100.0
P470247,all,33,4.82,97.0
P470247,dry,2,5.00,100.0
P470247,oily,9,4.89,100.0
P470248,all,18,4.56,94.4
P470248,dry,5,4.60,100.0
P470248,oily,2,3.00,50.0
P470255,all,3266,4.26,81.1
P470255,dry,564,4.27,82.3
P470255,oily,479,4.20,79.7
P470259,all,919,3.66,68.6
P470259,dry,156,3.78,72.4
P470259,oily,172,3.73,70.9
P470506,all,661,4.48,91.1
P470506,dry,143,4.35,88.1
P470506,oily,64,4.39,85.9
P470507,all,430,4.36,86.0
P470507,dry,39,4.31,87.2
P470507,oily,64,4.41,85.9
P470508,all,17,3.76,70.6
P470508,dry,2,5.00,100.0
P470508,oily,1,5.00,100.0
P470509,all,493,4.23,82.2
P470509,dry,174,4.18,78.2
P470509,oily,28,4.11,75.0
P470510,all,32,3.69,59.4
P470510,dry,9,3.44,44.4
P470510,oily,2,3.00,50.0
P470529,all,1417,4.47,87.4
P470529,dry,289,4.37,82.4
P470529,oily,151,4.32,84.8
P470533,all,36,4.81,94.4
P470533,dry,5,4.60,80.0
P470533,oily,6,5.00,100.0
P470535,all,122,4.74,95.1
P470535,dry,23,4.74,91.3
P470535,oily,12,4.58,91.7
P470536,all,847,4.64,95.7
P470536,dry,142,4.67,95.8
P470536,oily,102,4.62,94.1
P470538,all,1,5.00,100.0
P470545,all,24,4.38,79.2
P470545,dry,6,4.50,83.3
P470545,oily,4,4.25,75.0
P470548,all,3,5.00,100.0
P470548,dry,1,5.00,100.0
P471000,all,169,4.70,93.5
P471000,dry,24,4.75,95.8
P471000,oily,15,4.60,93.3
P471003,all,610,4.43,90.2
P471003,dry,94,4.61,94.7
P471003,oily,78,4.31,85.9
P471009,all,192,4.54,90.6
P471009,dry,27,4.26,81.5
P471009,oily,16,4.44,81.2
P471011,all,18,4.78,94.4
P471011,dry,7,5.00,100.0
P471011,oily,4,4.00,75.0
P471017,all,9,3.22,55.6
P471017,dry,4,3.25,50.0
P471017,oily,1,4.00,100.0
P471025,all,912,4.32,85.5
P471025,dry,231,4.35,88.3
P471025,oily,83,4.36,85.5
P471029,all,815,4.06,78.7
P471029,dry,173,4.06,80.3
P471029,oily,98,4.11,77.6
P471033,all,209,4.39,84.7
P471033,dry,93,4.47,87.1
P471033,oily,13,4.15,76.9
P471037,all,388,4.60,90.2
P471037,dry,68,4.49,88.2
P471037,oily,44,4.73,95.5
P471038,all,206,4.42,84.5
P471038,dry,39,4.18,76.9
P471038,oily,22,4.09,81.8
P471039,all,252,4.17,82.5
P471039,dry,45,4.24,82.2
P471039,oily,35,4.06,80.0
P471040,all,87,4.39,85.1
P471040,dry,5,4.80,100.0
P471040,oily,10,4.20,80.0
P471041,all,123,4.33,84.6
P471041,dry,18,3.89,72.2
P471041,oily,15,4.60,93.3
P471042,all,93,4.49,84.9
P471042,dry,14,4.14,71.4
P471042,oily,9,4.11,77.8
P471043,all,642,4.48,89.1
P471043,dry,136,4.46,89.0
P471043,oily,60,4.38,86.7
P471045,all,94,4.41,89.4
P471045,dry,11,4.36,81.8
P471045,oily,13,4.38,92.3
P471046,all,1018,4.50,91.4
P471046,dry,197,4.50,90.9
P471046,oily,108,4.45,89.8
P471062,all,40,4.60,90.0
P471062,dry,5,5.00,100.0
P471064,all,37,2.49,32.4
P471064,dry,1,5.00,100.0
P471064,oily,13,2.00,15.4
P471065,all,795,4.31,85.9
P471065,dry,145,4.27,82.8
P471065,oily,98,4.30,86.7
P471085,all,36,3.61,72.2
P471085,dry,3,3.67,66.7
P471085,oily,3,3.67,100.0
P471086,all,28,4.36,85.7
P471086,dry,8,4.25,87.5
P471086,oily,1,5.00,100.0
P471097,all,130,4.55,90.0
P471097,dry,27,4.67,96.3
P471097,oily,10,4.60,90.0
P471101,all,503,4.36,88.3
P471101,dry,94,4.27,87.2
P471101,oily,62,4.16,83.9
P471111,all,462,4.76,97.2
P471111,dry,77,4.77,97.4
P471111,oily,79,4.68,97.5
P471226,all,703,4.40,87.1
P471226,dry,117,4.48,89.7
P471226,oily,80,4.34,88.8
P471227,all,240,4.47,86.7
P471227,dry,46,4.52,91.3
P471227,oily,17,3.71,64.7
P471237,all,1809,4.59,91.2
P471237,dry,374,4.52,87.7
P471237,oily,184,4.65,94.0
P471535,all,1242,4.50,92.8
P471535,dry,204,4.45,89.7
P471535,oily,163,4.50,93.3
P471541,all,185,4.24,79.5
P471541,dry,32,4.00,75.0
P471541,oily,21,4.57,90.5
P471545,all,4,4.25,75.0
P471545,dry,1,5.00,100.0
P471546,all,5035,4.02,75.4
P471546,dry,1062,4.04,77.1
P471546,oily,524,3.83,71.6
P471547,all,35,4.14,77.1
P471547,dry,8,3.75,62.5
P471547,oily,2,5.00,100.0
P471566,all,52,4.19,80.8
P471566,dry,10,3.90,70.0
P471566,oily,9,4.00,77.8
P471567,all,93,4.46,87.1
P471567,dry,14,4.29,78.6
P471567,oily,8,4.75,87.5
P471761,all,112,4.37,86.6
P471761,dry,18,4.33,88.9
P471761,oily,7,4.00,71.4
P471784,all,3,4.00,66.7
P471784,dry,1,5.00,100.0
P471788,all,733,4.49,85.1
P471788,dry,83,4.51,86.8
P471788,oily,102,4.41,79.5
P471793,all,166,4.66,92.2
P471793,dry,41,4.61,92.7
P471793,oily,9,4.67,88.9
P472021,all,336,4.67,93.5
P472021,dry,82,4.65,91.5
P472021,oily,31,4.65,96.8
P472022,all,40,4.50,95.0
P472022,dry,3,5.00,100.0
P472022,oily,5,5.00,100.0
P472023,all,198,4.79,97.0
P472023,dry,36,4.83,97.2
P472023,oily,13,4.54,92.3
P472024,all,62,4.74,96.8
P472024,dry,18,4.67,100.0
P472024,oily,4,5.00,100.0
P472025,all,196,4.76,94.9
P472025,dry,78,4.86,97.4
P472025,oily,11,4.82,100.0
P472028,all,1092,4.38,89.5
P472028,dry,195,4.41,91.3
P472028,oily,105,4.33,88.6
P472031,all,41,4.54,85.4
P472031,dry,7,4.71,85.7
P472031,oily,7,4.57,85.7
P472050,all,1035,4.39,92.1
P472050,dry,97,4.51,94.8
P472050,oily,152,4.24,84.9
P472052,all,365,4.04,80.5
P472052,dry,55,3.98,80.0
P472052,oily,35,4.20,82.9
P472057,all,241,4.37,85.9
P472057,dry,51,4.45,84.3
P472057,oily,34,4.50,88.2
P472058,all,2,4.00,100.0
P472067,all,22,4.41,86.4
P472067,dry,6,5.00,100.0
P472067,oily,1,5.00,100.0
P472068,all,13,4.08,69.2
P472068,dry,2,4.50,100.0
P472180,all,23,3.70,60.9
P472180,dry,2,3.50,50.0
P472180,oily,11,3.64,54.5
P472302,all,288,4.76,95.8
P472302,dry,64,4.78,98.4
P472302,oily,22,4.45,90.9
P472311,all,23,3.78,69.6
P472311,dry,1,5.00,100.0
P472311,oily,2,3.00,50.0
P472341,all,50,4.58,88.0
P472341,dry,13,4.54,84.6
P472341,oily,5,5.00,100.0
P472342,all,4,4.75,100.0
P472342,dry,2,4.50,100.0
P472342,oily,1,5.00,100.0
P472343,all,48,4.54,87.5
P472343,dry,11,3.64,54.5
P472343,oily,6,4.50,83.3
P472448,all,181,4.64,96.1
P472448,dry,33,4.52,90.9
P472448,oily,22,4.77,100.0
P472451,all,161,4.76,96.3
P472451,dry,27,4.78,96.3
P472451,oily,19,4.68,94.7
P472453,all,502,4.07,74.3
P472453,dry,180,4.01,72.2
P472453,oily,29,3.93,72.4
P472454,all,1962,4.22,83.8
P472454,dry,305,4.10,82.7
P472454,oily,168,4.30,84.3
P472455,all,189,4.66,92.6
P472455,dry,46,4.59,89.1
P472455,oily,17,4.82,100.0
P472466,all,52,3.98,71.2
P472466,dry,11,3.91,63.6
P472466,oily,2,5.00,100.0
P472467,all,90,4.49,88.9
P472467,dry,16,4.12,75.0
P472467,oily,11,4.73,100.0
P472468,all,982,4.59,93.9
P472468,dry,157,4.53,92.4
P472468,oily,132,4.56,93.2
P472469,all,376,4.40,85.4
P472469,dry,77,4.30,84.4
P472469,oily,35,4.20,77.1
P472471,all,7,4.14,85.7
P472471,dry,1,5.00,100.0
P472471,oily,1,5.00,100.0
P472472,all,514,4.56,91.4
P472472,dry,83,4.65,92.8
P472472,oily,54,4.41,83.3
P472810,all,354,4.78,98.0
P472810,dry,63,4.81,100.0
P472810,oily,31,4.68,96.8
P472981,all,708,4.61,94.2
P472981,dry,110,4.63,94.5
P472981,oily,86,4.58,95.3
P473126,all,138,4.65,94.2
P473126,dry,29,4.31,86.2
P473126,oily,15,4.73,93.3
P473133,all,196,4.60,93.9
P473133,dry,34,4.68,91.2
P473133,oily,24,4.38,83.3
P473148,all,126,4.38,87.3
P473148,dry,29,4.34,86.2
P473148,oily,9,4.22,77.8
P473160,all,2483,4.44,88.8
P473160,dry,434,4.36,86.9
P473160,oily,268,4.40,87.3
P473172,all,194,4.58,93.8
P473172,dry,97,4.48,91.8
P473172,oily,7,4.29,85.7
P473185,all,14,4.00,71.4
P473185,dry,4,3.50,75.0
P473185,oily,1,5.00,100.0
P473267,all,1670,4.19,89.5
P473267,dry,324,4.17,87.3
P473267,oily,105,4.13,90.5
P473268,all,28,3.86,75.0
P473268,dry,3,5.00,100.0
P473268,oily,3,4.67,100.0
P473304,all,159,3.69,64.8
P473304,dry,31,3.71,58.1
P473304,oily,14,4.14,71.4
P473322,all,1466,4.56,93.8
P473322,dry,198,4.62,95.5
P473322,oily,173,4.53,93.1
P473336,all,77,4.51,89.6
P473336,dry,14,4.21,85.7
P473336,oily,10,4.90,100.0
P473723,all,76,4.54,86.8
P473723,dry,20,4.50,85.0
P473723,oily,2,5.00,100.0
P473724,all,48,4.69,97.9
P473724,dry,4,4.75,100.0
P473724,oily,8,5.00,100.0
P473725,all,243,4.81,97.5
P473725,dry,47,4.81,95.7
P473725,oily,27,4.96,100.0
P473726,all,164,4.63,92.1
P473726,dry,30,4.70,93.3
P473726,oily,20,4.85,100.0
P473728,all,57,3.82,68.4
P473728,dry,11,3.73,63.6
P473728,oily,5,4.00,80.0
P473729,all,201,4.48,86.1
P473729,dry,32,4.62,93.8
P473729,oily,28,4.39,85.7
P473820,all,1096,4.31,89.0
P473820,dry,169,4.35,88.8
P473820,oily,92,4.17,85.9
P473828,all,433,4.55,93.8
P473828,dry,105,4.58,94.3
P473828,oily,45,4.53,93.3
P474036,all,9,3.33,55.6
P474036,dry,2,3.00,50.0
P474036,oily,1,5.00,100.0
P474057,all,19,4.89,94.7
P474057,dry,1,5.00,100.0
P474057,oily,1,5.00,100.0
P474060,all,524,4.54,88.3
P474060,dry,52,4.27,78.8
P474060,oily,103,4.71,92.2
P474068,all,184,4.51,92.9
P474068,dry,46,4.33,89.1
P474068,oily,22,4.27,90.9
P474075,all,341,4.74,97.1
P474075,dry,58,4.79,100.0
P474075,oily,49,4.61,91.8
P474078,all,625,4.28,79.0
P474078,dry,26,4.08,63.6
P474078,oily,146,4.21,78.8
P474079,all,459,4.27,90.8
P474079,dry,75,4.41,96.0
P474079,oily,63,4.13,85.7
P474080,all,12,4.25,75.0
P474080,dry,2,5.00,100.0
P474080,oily,2,5.00,100.0
P474090,all,2,3.50,50.0
P474107,all,45,4.69,84.4
P474107,dry,9,5.00,100.0
P474107,oily,4,5.00,100.0
P474109,all,64,4.75,95.3
P474109,dry,14,4.93,100.0
P474109,oily,8,4.75,100.0
P474110,all,114,4.65,93.0
P474110,dry,29,4.83,96.6
P474110,oily,3,4.67,100.0
P474111,all,52,4.65,96.2
P474111,dry,11,4.45,90.9
P474111,oily,3,4.33,100.0
P474113,all,153,4.04,77.1
P474113,dry,29,4.38,86.2
P474113,oily,11,3.82,72.7
P474114,all,19,4.53,94.7
P474114,dry,2,5.00,100.0
P474115,all,47,4.81,100.0
P474115,dry,13,4.92,100.0
P474115,oily,3,5.00,100.0
P474116,all,47,4.49,91.5
P474116,dry,13,4.54,92.3
P474116,oily,4,3.50,75.0
P474117,all,153,4.04,77.1
P474117,dry,29,4.38,86.2
P474117,oily,11,3.82,72.7
P474118,all,40,4.42,87.5
P474118,dry,8,4.75,100.0
P474118,oily,2,4.50,100.0
P474121,all,92,4.68,95.7
P474121,dry,14,4.93,100.0
P474121,oily,5,5.00,100.0
P474122,all,65,4.78,98.5
P474122,dry,11,4.82,100.0
P474122,oily,7,4.86,100.0
P474125,all,25,4.68,92.0
P474125,dry,2,5.00,100.0
P474125,oily,3,4.67,100.0
P474304,all,529,4.41,89.8
P474304,dry,98,4.41,89.8
P474304,oily,72,4.53,90.3
P474323,all,2,4.50,100.0
P474325,all,216,4.29,82.4
P474325,dry,22,4.50,90.9
P474325,oily,33,4.27,81.8
P474326,all,229,3.79,65.5
P474326,dry,61,3.61,63.9
P474326,oily,11,4.00,72.7
P474329,all,194,4.62,92.3
P474329,dry,48,4.52,89.6
P474329,oily,17,4.88,100.0
P474330,all,287,4.25,86.1
P474330,dry,58,4.21,87.9
P474330,oily,32,4.12,81.2
P474332,all,300,4.40,91.7
P474332,dry,53,4.43,90.6
P474332,oily,31,4.52,93.5
P474333,all,288,4.31,88.5
P474333,dry,41,4.02,78.0
P474333,oily,40,4.40,92.5
P474340,all,430,4.59,93.7
P474340,dry,63,4.65,92.1
P474340,oily,54,4.59,98.1
P474369,all,8,3.50,50.0
P474369,dry,2,2.50,0.0
P474369,oily,1,2.00,0.0
P474371,all,160,4.33,88.8
P474371,dry,49,4.22,83.7
P474371,oily,7,4.29,100.0
P474376,all,39,3.69,66.7
P474376,dry,9,3.22,55.6
P474376,oily,4,3.75,75.0
P474377,all,1099,4.55,89.9
P474377,dry,217,4.53,88.5
P474377,oily,129,4.61,93.0
P474809,all,207,4.61,91.8
P474809,dry,50,4.52,90.0
P474809,oily,29,4.34,79.3
P474822,all,357,4.78,98.0
P474822,dry,33,4.82,100.0
P474822,oily,43,4.84,100.0
P474823,all,147,4.74,95.9
P474823,dry,25,4.84,96.0
P474823,oily,11,4.91,100.0
P474824,all,247,4.73,96.8
P474824,dry,39,4.82,100.0
P474824,oily,21,4.67,100.0
P474825,all,304,4.50,89.1
P474825,dry,50,4.38,84.0
P474825,oily,28,4.75,96.4
P474826,all,286,4.46,89.9
P474826,dry,41,4.44,87.8
P474826,oily,38,4.37,92.1
P474830,all,21,3.62,61.9
P474830,dry,2,3.50,50.0
P474830,oily,3,3.67,66.7
P474832,all,600,4.69,94.5
P474832,dry,162,4.67,93.8
P474832,oily,48,4.60,93.8
P474838,all,88,4.86,97.7
P474838,dry,17,4.94,100.0
P474838,oily,13,4.69,100.0
P474839,all,91,4.41,90.1
P474839,dry,20,4.60,95.0
P474839,oily,8,4.00,75.0
P474840,all,598,4.49,91.5
P474840,dry,101,4.44,89.1
P474840,oily,71,4.44,85.9
P474843,all,139,4.68,95.7
P474843,dry,21,4.81,100.0
P474843,oily,17,4.35,88.2
P474844,all,128,4.61,92.2
P474844,dry,30,4.67,90.0
P474844,oily,11,4.73,100.0
P474936,all,139,4.39,84.2
P474936,dry,8,4.38,87.5
P474936,oily,62,4.48,85.5
P474937,all,949,4.46,89.1
P474937,dry,112,4.29,87.5
P474937,oily,184,4.45,87.5
P474938,all,1361,4.34,85.4
P474938,dry,123,4.23,80.5
P474938,oily,292,4.39,87.3
P474939,all,461,4.03,76.6
P474939,dry,41,4.07,73.2
P474939,oily,84,3.90,75.0
P474940,all,91,3.58,63.7
P474940,dry,15,3.80,66.7
P474940,oily,18,3.28,50.0
P474941,all,2,2.00,50.0
P474942,all,9,4.67,88.9
P474942,dry,2,5.00,100.0
P474943,all,12,3.75,66.7
P474943,dry,5,3.60,60.0
P474953,all,1235,4.34,88.3
P474953,dry,277,4.35,89.9
P474953,oily,41,4.34,92.7
P474956,all,53,4.19,84.9
P474956,dry,18,4.50,88.9
P474956,oily,4,4.50,100.0
P474957,all,71,3.76,69.0
P474957,dry,15,3.73,73.3
P474957,oily,13,4.31,84.6
P474964,all,14,4.29,78.6
P474964,dry,6,3.83,66.7
P474967,all,16,4.56,100.0
P474967,dry,3,4.67,100.0
P474968,all,22,4.32,81.8
P474968,dry,4,4.50,100.0
P474970,all,52,4.15,73.1
P474970,dry,11,4.18,81.8
P474970,oily,6,3.83,66.7
P474971,all,221,4.26,86.0
P474971,dry,27,3.96,81.5
P474971,oily,33,4.00,72.7
P474972,all,75,3.35,57.3
P474972,dry,19,3.37,57.9
P474972,oily,9,3.22,44.4
P475083,all,2,3.00,100.0
P475083,dry,1,4.00,100.0
P475084,all,205,4.34,88.3
P475084,dry,28,4.64,100.0
P475084,oily,23,4.22,87.0
P475086,all,271,4.64,94.8
P475086,dry,54,4.70,94.4
P475086,oily,25,4.80,96.0
P475112,all,102,4.54,89.2
P475112,dry,7,4.86,100.0
P475112,oily,31,4.35,80.6
P475124,all,360,4.62,92.2
P475124,dry,90,4.58,90.0
P475124,oily,18,4.67,94.4
P475135,all,351,4.26,86.0
P475135,dry,61,4.36,86.9
P475135,oily,47,4.38,87.2
P475143,all,73,3.75,82.2
P475143,dry,10,3.70,80.0
P475143,oily,8,3.25,75.0
P475159,all,271,4.40,89.7
P475159,dry,28,4.54,89.3
P475159,oily,25,4.28,88.0
P475172,all,106,4.72,92.5
P475172,dry,28,4.64,92.9
P475172,oily,5,5.00,100.0
P475180,all,93,4.24,87.1
P475180,dry,11,4.27,100.0
P475180,oily,12,4.25,91.7
P475181,all,334,3.95,79.0
P475181,dry,59,4.03,81.4
P475181,oily,35,3.91,71.4
P475182,all,410,3.91,73.7
P475182,dry,47,3.85,68.1
P475182,oily,47,4.00,76.6
P475183,all,51,4.33,92.2
P475183,dry,6,5.00,100.0
P475183,oily,5,4.00,100.0
P475184,all,55,4.22,80.0
P475184,dry,8,4.62,100.0
P475184,oily,8,3.62,50.0
P475185,all,400,4.19,84.9
P475185,dry,76,4.13,88.2
P475185,oily,37,4.30,86.5
P475186,all,46,4.24,87.0
P475186,dry,10,4.60,80.0
P475186,oily,3,4.67,100.0
P475187,all,38,4.16,84.2
P475187,dry,8,4.25,100.0
P475188,all,76,4.21,82.9
P475188,dry,13,3.92,76.9
P475188,oily,9,4.78,100.0
P475189,all,67,4.13,80.6
P475189,dry,12,4.50,91.7
P475189,oily,12,3.92,75.0
P475190,all,371,4.08,83.0
P475190,dry,55,3.96,78.2
P475190,oily,40,3.92,72.5
P475192,all,52,3.90,76.9
P475192,dry,10,3.10,50.0
P475192,oily,5,3.80,60.0
P475193,all,47,4.30,87.2
P475193,dry,11,4.36,81.8
P475193,oily,2,4.50,100.0
P475194,all,277,4.25,85.9
P475194,dry,41,4.17,92.7
P475194,oily,32,4.06,75.0
P475195,all,54,3.96,83.3
P475195,dry,15,3.87,73.3
P475195,oily,3,4.33,100.0
P475196,all,44,4.25,93.2
P475196,dry,7,4.71,100.0
P475196,oily,10,4.40,90.0
P475197,all,55,4.05,81.8
P475197,dry,2,3.00,50.0
P475197,oily,16,4.31,81.2
P475200,all,41,3.83,70.7
P475200,dry,3,4.33,100.0
P475200,oily,1,4.00,100.0
P475201,all,185,4.26,89.7
P475201,dry,37,4.41,94.6
P475201,oily,14,4.50,92.9
P475203,all,400,4.19,84.9
P475203,dry,76,4.13,88.2
P475203,oily,37,4.30,86.5
P475204,all,48,4.10,83.3
P475204,dry,7,3.14,42.9
P475204,oily,4,4.50,100.0
P475540,all,100,4.73,95.0
P475540,dry,34,4.82,97.1
P475540,oily,8,4.62,87.5
P475543,all,750,4.26,81.5
P475543,dry,154,4.30,82.5
P475543,oily,93,4.15,78.5
P475589,all,965,4.46,90.9
P475589,dry,136,4.42,89.7
P475589,oily,132,4.43,91.7
P475590,all,42,3.43,57.1
P475590,dry,3,3.00,33.3
P475590,oily,5,4.20,80.0
P475629,all,331,4.57,90.0
P475629,dry,62,4.47,87.1
P475629,oily,43,4.42,88.4
P475630,all,585,4.67,94.0
P475630,dry,100,4.50,90.0
P475630,oily,66,4.71,97.0
P475906,all,75,4.23,81.3
P475906,dry,17,4.18,82.4
P475906,oily,6,4.33,83.3
P475907,all,82,3.96,74.4
P475907,dry,13,4.08,76.9
P475907,oily,9,3.67,66.7
P475908,all,1965,4.41,88.4
P475908,dry,311,4.35,86.5
P475908,oily,234,4.50,89.3
P475921,all,923,4.23,85.5
P475921,dry,179,4.35,88.8
P475921,oily,92,4.10,82.6
P475926,all,10,2.90,60.0
P475926,dry,3,2.00,100.0
P475932,all,221,4.43,86.4
P475932,dry,41,4.10,78.0
P475932,oily,27,4.63,92.6
P475951,all,400,4.60,92.5
P475951,dry,107,4.61,94.4
P475951,oily,24,4.50,83.3
P475961,all,13,4.46,92.3
P475961,dry,4,3.75,75.0
P475961,oily,1,5.00,100.0
P476009,all,166,4.67,96.4
P476009,dry,37,4.76,94.6
P476009,oily,15,4.53,100.0
P476010,all,184,4.68,93.5
P476010,dry,30,4.73,93.3
P476010,oily,22,4.73,95.5
P476028,all,214,4.45,85.5
P476028,dry,49,4.51,87.8
P476028,oily,23,4.09,78.3
P476414,all,1721,4.64,94.2
P476414,dry,327,4.62,94.5
P476414,oily,192,4.51,91.7
P476415,all,433,4.57,91.7
P476415,dry,47,4.62,93.6
P476415,oily,71,4.31,83.1
P476428,all,143,4.57,93.0
P476428,dry,10,4.30,80.0
P476428,oily,23,4.48,91.3
P476432,all,11,4.45,90.9
P476432,dry,1,5.00,100.0
P476432,oily,5,4.80,100.0
P476436,all,40,4.83,97.5
P476436,dry,4,4.00,75.0
P476436,oily,3,5.00,100.0
P476447,all,172,4.29,86.6
P476447,dry,19,4.21,84.2
P476447,oily,15,4.13,80.0
P476459,all,199,4.24,80.4
P476459,dry,23,4.26,73.9
P476459,oily,19,4.16,78.9
P476485,all,37,4.49,86.5
P476485,dry,5,4.00,60.0
P476485,oily,2,5.00,100.0
P476496,all,9,5.00,100.0
P476496,dry,4,5.00,100.0
P476496,oily,1,5.00,100.0
P476513,all,1235,4.34,88.3
P476513,dry,277,4.35,89.9
P476513,oily,41,4.34,92.7
P476515,all,14,3.14,57.1
P476515,dry,3,3.67,100.0
P476515,oily,1,5.00,100.0
P476538,all,167,4.45,89.8
P476538,dry,20,4.60,100.0
P476538,oily,12,4.42,83.3
P476540,all,74,4.09,78.4
P476540,dry,19,3.68,68.4
P476540,oily,8,4.62,87.5
P476553,all,158,4.19,82.3
P476553,dry,21,4.38,85.7
P476553,oily,17,4.00,82.4
P476554,all,159,4.21,79.2
P476554,dry,20,4.55,90.0
P476554,oily,17,3.88,82.4
P476570,all,11,3.73,81.8
P476570,dry,3,4.67,100.0
P476570,oily,2,4.50,100.0
P476571,all,1,5.00,100.0
P476674,all,71,4.79,95.8
P476674,dry,10,5.00,100.0
P476674,oily,2,4.50,50.0
P476675,all,69,4.64,97.1
P476675,dry,10,4.70,100.0
P476675,oily,3,4.67,100.0
P476676,all,53,4.96,98.1
P476676,dry,13,4.92,92.3
P476676,oily,3,5.00,100.0
P476677,all,25,4.44,88.0
P476677,dry,5,4.60,100.0
P476677,oily,1,5.00,100.0
P476678,all,76,4.61,96.1
P476678,dry,15,4.60,100.0
P476678,oily,3,4.33,100.0
P476679,all,84,4.88,98.8
P476679,dry,9,4.89,100.0
P476679,oily,7,4.86,100.0
P476680,all,48,4.52,91.7
P476680,dry,8,3.75,75.0
P476680,oily,7,4.71,100.0
P476681,all,37,4.68,91.9
P476681,dry,1,5.00,100.0
P476681,oily,4,4.50,100.0
P476683,all,131,4.47,93.1
P476683,dry,30,4.57,93.3
P476683,oily,13,4.46,92.3
P476686,all,3,5.00,100.0
P476726,all,125,4.36,91.2
P476726,dry,6,4.67,100.0
P476726,oily,55,4.27,87.3
P476729,all,977,4.57,91.8
P476729,dry,217,4.53,90.8
P476729,oily,67,4.31,82.1
P476730,all,406,4.45,87.7
P476730,dry,80,4.41,83.8
P476730,oily,39,4.49,92.3
P476731,all,278,4.56,92.1
P476731,dry,43,4.63,93.0
P476731,oily,28,4.54,92.9
P476733,all,131,4.02,75.6
P476733,dry,13,3.77,76.9
P476733,oily,39,4.03,74.4
P476736,all,44,4.73,97.7
P476736,dry,12,4.58,100.0
P476736,oily,5,4.60,100.0
P476842,all,26,2.81,42.3
P476842,dry,5,3.00,40.0
P476842,oily,1,3.00,100.0
P476843,all,511,4.32,84.5
P476843,dry,85,4.42,88.2
P476843,oily,70,4.39,88.6
P476860,all,19,4.47,84.2
P476860,dry,2,5.00,100.0
P476860,oily,2,5.00,100.0
P476876,all,408,4.62,92.2
P476876,dry,78,4.65,94.9
P476876,oily,46,4.57,93.5
P476893,all,73,4.26,89.0
P476893,dry,13,4.38,92.3
P476893,oily,8,4.00,75.0
P476894,all,81,4.47,92.6
P476894,dry,13,4.69,100.0
P476894,oily,6,4.33,83.3
P477150,all,7,4.43,85.7
P477150,dry,2,3.00,50.0
P477157,all,625,4.64,90.7
P477157,dry,137,4.72,93.4
P477157,oily,62,4.69,93.5
P477202,all,59,4.59,89.8
P477202,dry,10,4.50,90.0
P477202,oily,6,4.67,83.3
P477413,all,49,4.65,93.9
P477413,dry,10,4.40,90.0
P477413,oily,4,5.00,100.0
P477492,all,225,4.54,92.4
P477492,dry,52,4.58,94.2
P477492,oily,25,4.28,92.0
P477706,all,3,5.00,100.0
P477706,dry,1,5.00,100.0
P477714,all,41,4.02,75.6
P477714,dry,16,4.25,81.2
P477714,oily,4,5.00,100.0
P477734,all,10,3.60,60.0
P477734,dry,4,3.75,75.0
P477761,all,8,4.00,75.0
P477761,dry,1,5.00,100.0
P477761,oily,1,5.00,100.0
P477812,all,4,3.75,50.0
P477812,dry,1,4.00,0.0
P477812,oily,1,1.00,0.0
P477830,all,628,4.39,84.2
P477830,dry,121,4.44,84.3
P477830,oily,65,4.29,83.1
P477961,all,166,4.72,94.6
P477961,dry,31,4.74,93.5
P477961,oily,15,4.80,93.3
P477985,all,489,4.55,92.8
P477985,dry,94,4.50,88.3
P477985,oily,63,4.52,96.8
P478020,all,67,4.55,88.1
P478020,dry,13,4.38,84.6
P478020,oily,2,3.00,50.0
P478021,all,64,4.77,96.9
P478021,dry,12,4.33,83.3
P478021,oily,4,4.75,100.0
P478029,all,347,4.42,88.8
P478029,dry,77,4.38,88.3
P478029,oily,45,4.56,93.3
P478030,all,3000,3.60,64.1
P478030,dry,655,3.66,65.0
P478030,oily,391,3.56,62.1
P478239,all,144,4.63,94.4
P478239,dry,9,4.78,100.0
P478239,oily,29,4.48,93.1
P478260,all,1,5.00,100.0
P478260,oily,1,5.00,100.0
P478270,all,1,5.00,100.0
P478270,dry,1,5.00,100.0
P478274,all,27,3.56,48.1
P478274,dry,6,3.67,50.0
P478731,all,255,4.63,94.5
P478731,dry,45,4.53,91.1
P478731,oily,23,4.78,95.7
P479125,all,700,4.48,88.3
P479125,dry,149,4.42,85.9
P479125,oily,65,4.26,84.6
P479304,all,520,4.47,87.5
P479304,dry,119,4.35,83.2
P479304,oily,55,4.47,85.5
P479313,all,141,4.70,93.6
P479313,dry,34,4.74,94.1
P479313,oily,9,4.44,88.9
P479318,all,906,4.68,94.9
P479318,dry,159,4.69,96.9
P479318,oily,96,4.60,94.8
P479319,all,184,4.43,90.8
P479319,dry,29,4.24,89.7
P479319,oily,34,4.41,88.2
P479327,all,1458,4.46,87.6
P479327,dry,373,4.43,86.6
P479327,oily,96,4.47,88.5
P479329,all,434,4.55,92.6
P479329,dry,141,4.48,90.8
P479329,oily,20,4.65,95.0
P479330,all,473,4.36,86.3
P479330,dry,102,4.24,80.4
P479330,oily,58,4.36,87.9
P479339,all,867,4.55,91.5
P479339,dry,167,4.50,90.4
P479339,oily,77,4.61,92.2
P479340,all,274,4.52,90.9
P479340,dry,43,4.65,95.3
P479340,oily,25,4.44,92.0
P479348,all,427,4.63,94.1
P479348,dry,69,4.68,98.6
P479348,oily,58,4.59,91.4
P479351,all,267,4.38,86.1
P479351,dry,92,4.42,88.0
P479351,oily,12,4.33,91.7
P479352,all,219,4.65,93.6
P479352,dry,21,4.62,95.2
P479352,oily,44,4.57,90.9
P479353,all,220,4.16,82.7
P479353,dry,74,4.28,89.2
P479353,oily,12,4.00,75.0
P479354,all,600,4.08,77.8
P479354,dry,84,4.06,77.4
P479354,oily,119,4.08,79.0
P479362,all,462,4.51,89.2
P479362,dry,95,4.46,89.5
P479362,oily,57,4.42,87.7
P479478,all,7,4.86,85.7
P479478,dry,1,5.00,100.0
P479632,all,431,4.17,86.1
P479632,dry,75,3.97,84.0
P479632,oily,52,4.12,78.8
P479633,all,321,4.18,84.1
P479633,dry,49,3.90,77.6
P479633,oily,38,4.39,81.6
P479645,all,485,4.72,96.5
P479645,dry,119,4.67,95.8
P479645,oily,43,4.77,100.0
P479646,all,3,4.33,66.7
P479646,dry,1,5.00,100.0
P479688,all,39,3.69,69.2
P479688,dry,3,4.67,100.0
P479688,oily,5,3.80,60.0
P479692,all,273,4.70,95.2
P479692,dry,58,4.71,94.8
P479692,oily,29,4.72,96.6
P479696,all,2,5.00,100.0
P479696,dry,1,5.00,100.0
P479701,all,87,4.70,95.4
P479701,dry,17,4.88,100.0
P479701,oily,11,4.82,100.0
P479703,all,79,4.67,97.5
P479703,dry,6,4.50,100.0
P479703,oily,10,3.80,80.0
P479705,all,441,4.60,95.0
P479705,dry,77,4.49,89.6
P479705,oily,51,4.69,98.0
P479706,all,467,4.58,94.2
P479706,dry,82,4.54,93.9
P479706,oily,54,4.59,94.4
P479722,all,197,4.46,90.4
P479722,dry,38,4.34,86.8
P479722,oily,25,4.48,92.0
P479732,all,331,3.85,73.7
P479732,dry,56,4.20,80.4
P479732,oily,56,3.64,67.9
P479734,all,2017,4.24,91.0
P479734,dry,376,4.25,91.0
P479734,oily,136,4.26,91.2
P479839,all,2783,4.32,88.6
P479839,dry,469,4.31,89.3
P479839,oily,248,4.35,88.3
P479840,all,70,3.84,72.9
P479840,dry,11,4.18,81.8
P479840,oily,4,3.75,75.0
P479841,all,1128,4.80,97.5
P479841,dry,243,4.73,95.1
P479841,oily,112,4.80,98.2
P479860,all,2466,4.29,81.8
P479860,dry,724,4.29,82.0
P479860,oily,167,4.34,83.8
P479861,all,17,4.12,76.5
P479861,dry,2,3.50,50.0
P479861,oily,4,4.50,100.0
P479903,all,343,4.42,82.6
P479903,dry,90,4.23,77.8
P479903,oily,15,3.93,73.3
P479904,all,960,4.24,78.4
P479904,dry,76,4.36,85.5
P479904,oily,157,3.93,70.7
P479946,all,4,5.00,100.0
P479947,all,3,3.67,66.7
P479971,all,603,4.44,91.2
P479971,dry,106,4.47,93.4
P479971,oily,55,4.51,92.7
P479973,all,10,3.60,60.0
P479973,dry,3,4.00,66.7
P479973,oily,3,3.67,66.7
P479974,all,7,3.29,42.9
P479974,dry,5,3.80,60.0
P480150,all,16,5.00,100.0
P480150,dry,3,5.00,100.0
P480160,all,245,4.64,93.1
P480160,dry,46,4.52,89.1
P480160,oily,21,4.67,95.2
P480162,all,611,4.64,94.8
P480162,dry,120,4.73,96.7
P480162,oily,38,4.58,97.4
P480165,all,98,4.77,96.9
P480165,dry,22,4.91,100.0
P480165,oily,10,4.40,90.0
P480166,all,14,3.79,71.4
P480166,dry,2,5.00,100.0
P480166,oily,5,4.20,100.0
P480174,all,6,4.50,83.3
P480176,all,3,5.00,100.0
P480176,oily,1,5.00,100.0
P480177,all,582,4.57,93.1
P480177,dry,92,4.74,96.7
P480177,oily,49,4.53,89.8
P480191,all,48,4.77,97.9
P480191,dry,15,4.93,100.0
P480191,oily,1,3.00,0.0
P480192,all,381,4.36,85.0
P480192,dry,81,4.25,81.5
P480192,oily,43,4.16,83.7
P480274,all,165,4.79,98.8
P480274,dry,30,4.73,96.7
P480274,oily,18,4.72,100.0
P480278,all,138,4.12,76.8
P480278,dry,31,4.16,71.0
P480278,oily,9,4.33,88.9
P480279,all,10,3.70,80.0
P480279,dry,1,3.00,0.0
P480280,all,31,3.26,58.1
P480280,dry,11,2.82,36.4
P480280,oily,3,3.67,66.7
P480284,all,212,4.75,98.1
P480284,dry,33,4.61,93.9
P480284,oily,20,4.80,100.0
P480285,all,404,4.61,94.6
P480285,dry,72,4.54,94.4
P480285,oily,34,4.68,100.0
P480289,all,5,4.00,60.0
P480289,dry,1,5.00,100.0
P480289,oily,1,5.00,100.0
P480300,all,37,4.54,91.9
P480300,dry,11,4.55,90.9
P480300,oily,3,4.33,100.0
P480301,all,821,4.48,87.1
P480301,dry,80,4.39,86.2
P480301,oily,136,4.47,87.5
P480346,all,14,4.71,92.9
P480346,dry,3,4.67,100.0
P480354,all,1,3.00,0.0
P480355,all,3,5.00,100.0
P480355,dry,1,5.00,100.0
P480358,all,31,4.68,90.3
P480358,dry,10,5.00,100.0
P480358,oily,5,3.80,60.0
P480441,all,1,3.00,0.0
P480444,all,73,3.96,69.9
P480444,dry,15,3.53,60.0
P480444,oily,4,5.00,100.0
P480445,all,1,5.00,100.0
P480445,oily,1,5.00,100.0
P480447,all,295,4.57,90.8
P480447,dry,66,4.45,87.9
P480447,oily,25,4.04,76.0
P480461,all,368,4.62,93.8
P480461,dry,56,4.59,94.6
P480461,oily,35,4.63,91.4
P480600,all,30,3.40,50.0
P480600,dry,4,2.50,25.0
P480600,oily,1,2.00,0.0
P480603,all,74,3.61,62.2
P480603,dry,25,3.56,60.0
P480603,oily,4,4.25,75.0
P480604,all,4,4.00,75.0
P480604,dry,2,5.00,100.0
P480604,oily,1,1.00,0.0
P480606,all,414,4.02,80.9
P480606,dry,66,4.15,83.3
P480606,oily,42,3.81,78.6
P480607,all,18,4.00,77.8
P480607,dry,6,3.67,83.3
P480607,oily,2,4.00,100.0
P480608,all,90,4.48,90.0
P480608,dry,18,4.56,100.0
P480608,oily,12,4.00,66.7
P480610,all,6,4.50,83.3
P480610,dry,2,5.00,100.0
P480612,all,3167,4.40,91.9
P480612,dry,511,4.35,91.8
P480612,oily,322,4.43,93.2
P480613,all,424,4.64,93.2
P480613,dry,82,4.65,92.7
P480613,oily,47,4.68,95.7
P480628,all,194,4.75,96.4
P480628,dry,40,4.62,92.5
P480628,oily,21,4.86,100.0
P480629,all,257,4.22,84.4
P480629,dry,40,3.80,72.5
P480629,oily,35,4.34,91.4
P480630,all,4430,4.03,75.4
P480630,dry,961,4.00,74.2
P480630,oily,417,4.08,77.7
P480986,all,44,4.14,79.5
P480986,dry,7,4.14,71.4
P480986,oily,5,4.40,80.0
P481058,all,31,4.58,90.3
P481058,dry,4,5.00,100.0
P481058,oily,1,5.00,100.0
P481060,all,55,4.69,94.5
P481060,dry,14,4.57,85.7
P481060,oily,4,4.00,75.0
P481062,all,4,3.00,50.0
P481062,dry,1,1.00,0.0
P481062,oily,1,5.00,100.0
P481077,all,3,4.00,66.7
P481077,oily,1,4.00,100.0
P481081,all,4,3.75,75.0
P481081,dry,1,4.00,100.0
P481082,all,4,3.50,50.0
P481082,dry,2,2.00,0.0
P481084,all,2783,4.32,88.6
P481084,dry,469,4.31,89.3
P481084,oily,248,4.35,88.3
P481086,all,77,4.68,92.2
P481086,dry,13,4.00,61.5
P481086,oily,4,4.75,100.0
P481096,all,253,4.49,87.7
P481096,dry,59,4.58,89.8
P481096,oily,20,4.10,85.0
P481138,all,12,2.00,25.0
P481138,dry,4,2.25,25.0
P481138,oily,2,1.00,0.0
P481142,all,178,4.74,97.8
P481142,dry,35,4.74,97.1
P481142,oily,19,4.74,100.0
P481145,all,189,4.66,94.2
P481145,dry,52,4.50,90.4
P481145,oily,19,4.74,100.0
P481161,all,871,4.55,92.1
P481161,dry,123,4.54,91.1
P481161,oily,107,4.64,94.4
P481162,all,452,4.55,93.8
P481162,dry,111,4.50,89.2
P481162,oily,43,4.56,95.3
P481164,all,926,4.55,94.2
P481164,dry,232,4.59,94.4
P481164,oily,72,4.54,94.4
P481169,all,485,3.40,56.3
P481169,dry,121,3.41,56.2
P481169,oily,34,3.47,64.7
P481334,all,12,3.42,66.7
P481334,dry,5,3.40,60.0
P481335,all,216,4.78,94.0
P481335,dry,35,4.54,88.6
P481335,oily,19,4.74,89.5
P481336,all,181,4.63,92.8
P481336,dry,32,4.69,96.9
P481336,oily,13,4.54,92.3
P481339,all,26,4.46,88.5
P481339,dry,4,5.00,100.0
P481339,oily,4,3.75,75.0
P481340,all,439,4.32,80.9
P481340,dry,54,4.28,79.6
P481340,oily,73,4.44,82.2
P481341,all,83,4.57,92.8
P481341,dry,19,4.74,100.0
P481341,oily,8,4.38,75.0
P481342,all,2,5.00,100.0
P481347,all,16,3.44,62.5
P481347,oily,2,3.00,50.0
P481348,all,170,4.82,98.8
P481348,dry,39,4.72,94.9
P481348,oily,14,4.86,100.0
P481350,all,9,4.44,88.9
P481350,oily,2,4.50,100.0
P481354,all,204,4.37,87.7
P481354,dry,36,4.64,97.2
P481354,oily,15,4.40,100.0
P481363,all,176,4.64,95.5
P481363,dry,32,4.59,96.9
P481363,oily,13,4.46,92.3
P481366,all,445,4.27,83.8
P481366,dry,95,4.19,81.1
P481366,oily,38,4.42,86.8
P481367,all,228,4.07,76.3
P481367,dry,46,4.41,87.0
P481367,oily,28,4.18,85.7
P481368,all,22,4.64,90.9
P481368,dry,4,5.00,100.0
P481368,oily,2,4.50,100.0
P481371,all,173,4.47,90.8
P481371,dry,30,4.67,96.7
P481371,oily,12,4.42,91.7
P481376,all,14,3.71,57.1
P481376,dry,2,2.50,0.0
P481376,oily,3,5.00,100.0
P481390,all,64,4.33,82.8
P481390,dry,14,4.29,85.7
P481390,oily,6,3.17,50.0
P481397,all,1,5.00,100.0
P481401,all,35,4.46,88.6
P481401,dry,7,4.86,100.0
P481401,oily,1,5.00,100.0
P481408,all,69,4.45,85.5
P481408,dry,22,4.23,77.3
P481408,oily,6,4.67,100.0
P481668,all,5,3.00,40.0
P481668,dry,1,2.00,0.0
P481668,oily,1,4.00,100.0
P481697,all,372,4.77,98.1
P481697,dry,107,4.77,98.1
P481697,oily,15,4.87,100.0
P481699,all,25,4.36,84.0
P481699,dry,5,5.00,100.0
P481699,oily,2,3.50,50.0
P481700,all,148,4.28,87.8
P481700,dry,31,4.19,83.9
P481700,oily,17,4.06,82.4
P481701,all,151,4.75,96.0
P481701,dry,41,4.73,95.1
P481701,oily,14,4.64,92.9
P481703,all,153,4.01,69.2
P481703,dry,31,4.19,66.7
P481703,oily,13,3.23,70.0
P481704,all,5,3.80,80.0
P481704,dry,1,3.00,100.0
P481710,all,63,4.48,88.9
P481710,dry,16,4.75,93.8
P481710,oily,8,3.75,62.5
P481712,all,18,4.56,94.4
P481712,dry,2,5.00,100.0
P481712,oily,3,4.33,100.0
P481732,all,412,4.68,96.4
P481732,dry,73,4.55,94.5
P481732,oily,42,4.69,95.2
P481739,all,771,4.52,88.3
P481739,dry,139,4.52,87.8
P481739,oily,87,4.24,79.3
P481742,all,42,4.71,95.2
P481742,dry,3,4.67,100.0
P481742,oily,5,4.80,100.0
P481743,all,44,4.80,97.7
P481743,dry,3,5.00,100.0
P481743,oily,2,4.50,100.0
P481748,all,229,4.41,92.6
P481748,dry,42,4.45,95.2
P481748,oily,24,4.17,87.5
P481817,all,3408,4.24,78.3
P481817,dry,326,4.21,75.0
P481817,oily,236,4.21,68.7
P481825,all,152,4.26,81.6
P481825,dry,39,4.08,79.5
P481825,oily,22,4.23,81.8
P481828,all,153,4.06,83.7
P481828,dry,33,4.15,84.8
P481828,oily,17,4.06,82.4
P481830,all,502,4.63,94.6
P481830,dry,99,4.58,94.9
P481830,oily,42,4.60,90.5
P481831,all,1053,4.67,93.9
P481831,dry,191,4.67,92.1
P481831,oily,106,4.76,96.2
P481832,all,388,4.32,89.4
P481832,dry,72,4.46,94.4
P481832,oily,52,4.33,86.5
P481833,all,343,4.48,93.0
P481833,dry,70,4.53,94.3
P481833,oily,19,4.32,89.5
P481834,all,74,4.82,97.3
P481834,dry,18,5.00,100.0
P481834,oily,1,4.00,100.0
P481837,all,18,4.44,83.3
P481837,dry,6,4.83,100.0
P481837,oily,3,2.67,33.3
P481970,all,6,3.50,66.7
P481970,dry,1,4.00,100.0
P481971,all,3,5.00,100.0
P481972,all,561,4.42,89.3
P481972,dry,106,4.36,88.7
P481972,oily,76,4.55,96.1
P481973,all,30,4.87,96.7
P481973,dry,3,5.00,100.0
P481973,oily,1,4.00,100.0
P481975,all,27,4.63,96.3
P481975,dry,4,5.00,100.0
P481975,oily,2,5.00,100.0
P481989,all,1295,3.76,65.4
P481989,dry,249,3.69,61.0
P481989,oily,166,3.64,62.0
P481993,all,1,3.00,0.0
P482005,all,83,4.82,100.0
P482005,dry,14,4.86,100.0
P482005,oily,8,4.62,100.0
P482006,all,271,4.38,85.6
P482006,dry,29,3.83,72.4
P482006,oily,36,4.64,86.1
P482007,all,42,4.31,88.1
P482007,dry,15,4.60,93.3
P482007,oily,2,3.50,50.0
P482008,all,320,4.39,86.9
P482008,dry,61,4.49,90.2
P482008,oily,26,3.92,73.1
P482009,all,6,3.67,66.7
P482009,dry,1,5.00,100.0
P482021,all,6,4.33,83.3
P482024,all,424,4.64,93.2
P482024,dry,82,4.65,92.7
P482024,oily,47,4.68,95.7
P482025,all,127,4.80,98.4
P482025,dry,32,4.78,96.9
P482025,oily,11,4.73,100.0
P482058,all,10,4.10,80.0
P482058,dry,1,2.00,0.0
P482061,all,276,4.47,87.7
P482061,dry,63,4.46,85.7
P482061,oily,29,4.34,82.8
P482068,all,57,4.75,94.7
P482068,dry,13,4.85,100.0
P482068,oily,3,5.00,100.0
P482074,all,487,4.74,93.8
P482074,dry,122,4.79,95.1
P482074,oily,41,4.88,100.0
P482256,all,6,3.67,66.7
P482256,dry,1,1.00,0.0
P482256,oily,1,1.00,0.0
P482258,all,6,3.50,50.0
P482259,all,9,4.56,88.9
P482259,dry,1,5.00,100.0
P482259,oily,1,5.00,100.0
P482260,all,186,4.85,97.8
P482260,dry,31,4.77,93.5
P482260,oily,11,4.91,100.0
P482264,all,392,4.68,95.7
P482264,dry,46,4.74,93.5
P482264,oily,75,4.76,96.0
P482269,all,300,4.70,95.0
P482269,dry,77,4.65,93.5
P482269,oily,20,4.25,85.0
P482298,all,571,4.40,89.3
P482298,dry,93,4.24,83.9
P482298,oily,81,4.35,82.7
P482309,all,4,4.00,75.0
P482309,dry,3,3.67,66.7
P482309,oily,1,5.00,100.0
P482311,all,11,4.00,72.7
P482311,dry,3,4.67,100.0
P482312,all,41,4.41,85.4
P482312,dry,11,4.27,81.8
P482312,oily,5,4.20,80.0
P482313,all,7,4.14,85.7
P482313,dry,3,4.33,100.0
P482314,all,15,2.87,53.3
P482314,dry,1,5.00,100.0
P482314,oily,3,3.67,66.7
P482318,all,16,2.75,50.0
P482318,dry,5,2.40,40.0
P482320,all,1455,3.97,72.3
P482320,dry,363,3.87,69.7
P482320,oily,120,3.99,74.2
P482321,all,455,3.95,74.1
P482321,dry,72,4.00,75.0
P482321,oily,69,3.83,71.0
P482322,all,24,4.12,79.2
P482322,dry,3,4.67,100.0
P482322,oily,5,3.40,60.0
P482323,all,382,3.64,69.6
P482323,dry,46,2.93,50.0
P482323,oily,61,3.67,63.9
P482325,all,356,4.28,81.2
P482325,dry,64,4.30,79.7
P482325,oily,41,4.05,75.6
P482327,all,108,3.95,73.1
P482327,dry,28,4.00,71.4
P482327,oily,8,4.00,62.5
P482328,all,92,3.96,78.3
P482328,dry,19,4.26,84.2
P482328,oily,6,3.33,33.3
P482329,all,317,4.59,94.0
P482329,dry,46,4.43,91.3
P482329,oily,31,4.45,90.3
P482510,all,100,4.67,94.0
P482510,dry,12,4.58,83.3
P482510,oily,9,4.56,88.9
P482529,all,216,4.06,77.8
P482529,dry,31,4.16,74.2
P482529,oily,24,4.00,79.2
P482535,all,1027,4.54,90.7
P482535,dry,203,4.60,90.6
P482535,oily,156,4.46,87.2
P482540,all,467,4.74,96.4
P482540,dry,86,4.81,97.7
P482540,oily,52,4.52,90.4
P482551,all,533,4.65,94.9
P482551,dry,114,4.72,97.4
P482551,oily,43,4.67,100.0
P482552,all,209,4.63,92.8
P482552,dry,20,4.20,80.0
P482552,oily,26,4.62,92.3
P482661,all,4,4.50,75.0
P482661,dry,1,5.00,100.0
P482675,all,101,4.68,94.1
P482675,dry,20,4.70,95.0
P482675,oily,4,4.75,100.0
P482676,all,828,4.43,87.8
P482676,dry,188,4.33,84.6
P482676,oily,104,4.36,88.5
P482681,all,359,4.67,93.6
P482681,dry,62,4.74,91.9
P482681,oily,32,4.56,90.6
P482692,all,311,4.74,94.5
P482692,dry,72,4.79,94.4
P482692,oily,24,4.42,87.5
P482693,all,700,3.99,73.4
P482693,dry,183,4.08,74.3
P482693,oily,46,3.67,65.2
P482694,all,37,3.51,67.6
P482694,dry,11,3.45,54.5
P482694,oily,4,4.25,100.0
P482695,all,191,4.14,81.7
P482695,dry,31,4.29,90.3
P482695,oily,30,3.77,66.7
P482696,all,131,4.53,91.6
P482696,dry,28,4.46,96.4
P482696,oily,10,4.60,80.0
P482697,all,17,4.00,76.5
P482697,dry,5,3.40,60.0
P482697,oily,1,5.00,100.0
P482698,all,17,4.41,94.1
P482698,dry,3,4.67,100.0
P482698,oily,5,4.80,100.0
P482739,all,1343,4.45,90.8
P482739,dry,203,4.24,84.7
P482739,oily,127,4.43,91.3
P482740,all,46,4.43,87.0
P482740,dry,5,4.00,60.0
P482740,oily,5,4.40,80.0
P482741,all,485,4.31,87.6
P482741,dry,78,4.27,85.9
P482741,oily,47,4.23,83.0
P482742,all,1190,4.63,95.5
P482742,dry,185,4.68,95.7
P482742,oily,103,4.50,93.2
P482746,all,11,4.09,72.7
P482746,dry,3,4.00,66.7
P482746,oily,3,4.67,100.0
P482747,all,2,2.50,50.0
P482747,dry,1,4.00,100.0
P482753,all,197,4.43,88.3
P482753,dry,20,4.15,75.0
P482753,oily,17,4.24,88.2
P482754,all,62,4.35,87.1
P482754,dry,9,4.00,88.9
P482754,oily,8,4.12,87.5
P482755,all,36,4.33,91.7
P482755,dry,4,4.50,100.0
P482755,oily,1,5.00,100.0
P482757,all,410,3.91,73.7
P482757,dry,47,3.85,68.1
P482757,oily,47,4.00,76.6
P483057,all,20,2.50,30.0
P483057,dry,3,4.33,100.0
P483057,oily,5,3.20,20.0
P483058,all,7,4.71,85.7
P483058,dry,1,5.00,100.0
P483058,oily,1,5.00,100.0
P483060,all,63,4.30,82.5
P483060,dry,12,4.25,83.3
P483060,oily,7,4.71,85.7
P483075,all,25,4.16,84.0
P483075,dry,8,4.25,87.5
P483075,oily,1,4.00,100.0
P483076,all,533,4.65,94.9
P483076,dry,114,4.72,97.4
P483076,oily,43,4.67,100.0
P483078,all,8,3.50,62.5
P483078,dry,2,3.00,50.0
P483078,oily,2,3.00,50.0
P483086,all,1,4.00,0.0
P483089,all,2,3.50,50.0
P483090,all,16,2.94,43.8
P483090,dry,3,3.33,33.3
P483090,oily,1,2.00,0.0
P483092,all,30,4.60,90.0
P483092,dry,2,5.00,100.0
P483092,oily,5,4.60,80.0
P483127,all,225,4.76,96.4
P483127,dry,39,4.82,100.0
P483127,oily,29,4.86,100.0
P483128,all,137,4.33,89.1
P483128,dry,15,4.07,86.7
P483128,oily,22,4.41,90.9
P483136,all,206,4.60,94.2
P483136,dry,47,4.55,95.7
P483136,oily,17,4.76,100.0
P483137,all,318,4.64,96.2
P483137,dry,49,4.61,98.0
P483137,oily,35,4.54,91.4
P483138,all,340,4.69,95.9
P483138,dry,42,4.71,97.6
P483138,oily,44,4.77,97.7
P483141,all,6,3.50,50.0
P483141,dry,1,2.00,0.0
P483141,oily,1,3.00,0.0
P483145,all,6,4.50,100.0
P483146,all,104,4.59,91.3
P483146,dry,26,4.65,92.3
P483146,oily,10,4.60,90.0
P483151,all,35,3.94,74.3
P483151,dry,5,4.80,100.0
P483151,oily,6,3.83,66.7
P483453,all,181,4.55,90.1
P483453,dry,31,4.58,90.3
P483453,oily,14,4.71,92.9
P483455,all,155,4.65,94.2
P483455,dry,32,4.38,84.4
P483455,oily,22,4.86,100.0
P483457,all,152,4.70,95.4
P483457,dry,34,4.74,97.1
P483457,oily,17,4.71,94.1
P483458,all,3,3.67,66.7
P483458,oily,1,5.00,100.0
P483460,all,2,5.00,100.0
P483460,oily,1,5.00,100.0
P483494,all,12,4.08,83.3
P483494,dry,5,4.40,100.0
P483494,oily,2,4.50,100.0
P483495,all,16,3.94,81.2
P483495,dry,4,3.75,75.0
P483495,oily,2,5.00,100.0
P483496,all,77,4.18,81.8
P483496,dry,10,3.10,60.0
P483496,oily,13,4.31,84.6
P483643,all,148,4.54,88.5
P483643,dry,35,4.29,80.0
P483643,oily,17,4.41,82.4
P483658,all,246,4.49,91.1
P483658,dry,57,4.67,96.5
P483658,oily,27,4.59,96.3
P483661,all,111,4.51,90.1
P483661,dry,19,4.84,100.0
P483661,oily,7,3.00,42.9
P483664,all,300,4.51,90.0
P483664,dry,58,4.60,94.8
P483664,oily,16,4.62,87.5
P483679,all,602,4.81,97.3
P483679,dry,112,4.87,98.2
P483679,oily,56,4.80,98.2
P483691,all,2,3.00,50.0
P483692,all,257,4.50,88.3
P483692,dry,62,4.37,80.6
P483692,oily,15,4.13,73.3
P483693,all,3,5.00,100.0
P483694,all,4,5.00,100.0
P483694,dry,1,5.00,100.0
P483696,all,112,4.66,92.9
P483696,dry,27,4.59,88.9
P483696,oily,8,4.62,100.0
P483697,all,188,4.69,96.3
P483697,dry,46,4.76,100.0
P483697,oily,19,4.74,100.0
P483698,all,112,4.59,90.2
P483698,dry,29,4.76,96.6
P483698,oily,11,4.82,100.0
P483699,all,152,4.61,91.4
P483699,dry,44,4.50,90.9
P483699,oily,10,4.40,80.0
P483700,all,124,4.38,87.9
P483700,dry,33,4.45,87.9
P483700,oily,4,4.25,75.0
P483701,all,108,4.57,86.1
P483701,dry,27,4.59,88.9
P483701,oily,8,4.88,100.0
P483708,all,257,4.50,88.3
P483708,dry,62,4.37,80.6
P483708,oily,15,4.13,73.3
P484033,all,40,4.15,77.5
P484033,dry,8,5.00,100.0
P484033,oily,1,5.00,100.0
P484055,all,52,4.02,71.2
P484055,dry,14,4.36,85.7
P484055,oily,6,4.50,83.3
P484067,all,262,4.84,98.5
P484067,dry,52,4.88,100.0
P484067,oily,23,4.87,100.0
P484076,all,10,4.40,80.0
P484076,dry,1,5.00,100.0
P484080,all,919,3.66,68.6
P484080,dry,156,3.78,72.4
P484080,oily,172,3.73,70.9
P484081,all,127,4.52,92.9
P484081,dry,21,4.43,95.2
P484081,oily,21,4.67,95.2
P500002,all,134,4.28,90.3
P500002,dry,3,5.00,100.0
P500002,oily,11,4.00,81.8
P500012,all,17,4.47,82.4
P500012,dry,3,3.00,33.3
P500016,all,13,4.69,92.3
P500016,dry,4,4.25,75.0
P500016,oily,2,5.00,100.0
P500019,all,423,4.52,94.6
P500019,dry,74,4.57,100.0
P500019,oily,45,4.53,91.1
P500039,all,226,4.69,94.7
P500039,dry,51,4.67,96.1
P500039,oily,17,4.59,94.1
P500055,all,209,4.68,91.9
P500055,dry,41,4.54,85.4
P500055,oily,18,4.72,94.4
P500060,all,5,3.20,40.0
P500060,dry,1,2.00,0.0
P500060,oily,1,4.00,100.0
P500094,all,241,4.12,81.7
P500094,dry,27,4.04,81.5
P500094,oily,52,4.23,86.5
P500096,all,20,3.75,70.0
P500096,oily,15,3.60,66.7
P500098,all,248,3.40,58.9
P500098,dry,28,3.71,78.6
P500098,oily,55,3.58,63.6
P500101,all,139,4.65,92.8
P500101,dry,24,4.71,95.8
P500101,oily,12,4.75,100.0
P500102,all,164,4.68,93.9
P500102,dry,35,4.66,88.6
P500102,oily,19,4.63,89.5
P500106,all,13,4.00,69.2
P500106,dry,5,3.80,60.0
P500109,all,116,4.14,80.2
P500109,dry,21,4.10,76.2
P500109,oily,11,4.27,72.7
P500111,all,81,4.81,98.8
P500111,dry,17,4.94,100.0
P500111,oily,15,4.73,100.0
P500112,all,209,4.49,86.6
P500112,dry,41,4.46,85.4
P500112,oily,23,4.48,82.6
P500113,all,119,4.05,86.6
P500113,dry,7,3.86,85.7
P500113,oily,43,4.09,90.7
P500114,all,243,4.07,81.1
P500114,dry,26,4.04,80.8
P500114,oily,53,4.09,79.2
P500116,all,8,4.75,87.5
P500116,dry,3,4.67,66.7
P500116,oily,1,5.00,100.0
P500117,all,111,4.34,82.0
P500117,dry,26,4.50,84.6
P500117,oily,8,4.12,75.0
P500120,all,10,3.50,60.0
P500120,dry,3,4.00,66.7
P500121,all,167,4.20,85.0
P500121,dry,45,4.31,91.1
P500121,oily,12,3.75,66.7
P500124,all,4,4.00,75.0
P500124,dry,1,1.00,0.0
P500124,oily,2,5.00,100.0
P500138,all,381,4.45,89.8
P500138,dry,67,4.52,89.6
P500138,oily,35,4.40,88.6
P500139,all,10,4.50,90.0
P500139,dry,1,5.00,100.0
P500139,oily,1,5.00,100.0
P500151,all,2,4.50,100.0
P500151,oily,1,4.00,100.0
P500155,all,1,5.00,100.0
P500160,all,77,4.38,90.9
P500160,dry,23,4.57,95.7
P500160,oily,8,4.12,87.5
P500238,all,7,4.71,100.0
P500238,dry,1,5.00,100.0
P500240,all,561,4.79,97.1
P500240,dry,131,4.85,96.9
P500240,oily,29,4.59,96.6
P500244,all,218,4.69,94.0
P500244,dry,44,4.68,93.2
P500244,oily,15,4.40,80.0
P500245,all,635,3.66,67.6
P500245,dry,102,3.58,61.8
P500245,oily,67,3.82,74.6
P500248,all,12,4.58,83.3
P500248,dry,5,4.40,80.0
P500248,oily,2,5.00,100.0
P500256,all,2,5.00,100.0
P500256,dry,2,5.00,100.0
P500287,all,10,4.60,90.0
P500287,dry,2,5.00,100.0
P500287,oily,1,5.00,100.0
P500288,all,453,4.77,97.4
P500288,dry,95,4.71,96.8
P500288,oily,44,4.64,95.5
P500307,all,549,4.45,86.2
P500307,dry,100,4.56,91.0
P500307,oily,73,4.47,83.6
P500318,all,127,4.44,89.8
P500318,dry,1,5.00,100.0
P500318,oily,10,3.90,70.0
P500329,all,194,4.29,83.0
P500329,dry,40,4.40,82.5
P500329,oily,17,3.88,70.6
P500399,all,47,4.62,91.5
P500399,dry,7,4.71,100.0
P500399,oily,5,4.20,80.0
P500412,all,28,4.82,96.4
P500412,dry,3,3.67,66.7
P500412,oily,2,5.00,100.0
P500420,all,195,4.32,89.2
P500420,dry,27,4.30,88.9
P500420,oily,28,4.39,89.3
P500428,all,26,4.00,69.2
P500428,dry,4,3.75,75.0
P500428,oily,4,4.25,75.0
P500445,all,38,4.29,81.6
P500445,dry,6,3.50,66.7
P500445,oily,3,3.67,66.7
P500464,all,2,1.00,0.0
P500471,all,451,4.67,94.2
P500471,dry,74,4.72,95.9
P500471,oily,47,4.55,91.5
P500472,all,1458,4.46,87.6
P500472,dry,373,4.43,86.6
P500472,oily,96,4.47,88.5
P500482,all,3,4.00,66.7
P500482,dry,1,5.00,100.0
P500502,all,7,4.86,100.0
P500502,oily,1,5.00,100.0
P500613,all,579,4.19,84.5
P500613,dry,97,4.29,86.6
P500613,oily,52,4.04,80.8
P500614,all,97,4.70,92.8
P500614,dry,9,4.67,88.9
P500614,oily,11,4.55,81.8
P500618,all,290,4.61,92.1
P500618,dry,57,4.67,93.0
P500618,oily,28,4.54,85.7
P500626,all,161,3.98,72.7
P500626,dry,33,3.97,69.7
P500626,oily,22,3.50,59.1
P500633,all,1872,4.77,97.2
P500633,dry,392,4.77,97.4
P500633,oily,187,4.70,95.2
P500687,all,155,4.52,92.9
P500687,dry,32,4.31,84.4
P500687,oily,14,4.50,92.9
P500696,all,188,4.69,96.3
P500696,dry,54,4.76,98.1
P500696,oily,7,4.71,100.0
P500701,all,1795,4.35,89.5
P500701,dry,279,4.29,89.6
P500701,oily,188,4.36,91.0
P500705,all,69,4.77,97.1
P500705,dry,7,4.71,100.0
P500705,oily,6,5.00,100.0
P500716,all,258,4.80,98.1
P500716,dry,56,4.64,94.6
P500716,oily,23,4.87,100.0
P500718,all,1900,4.18,89.3
P500718,dry,360,4.15,87.5
P500718,oily,105,3.93,81.9
P500729,all,6,4.33,83.3
P500729,dry,1,5.00,100.0
P500743,all,17,4.35,82.4
P500743,oily,1,5.00,100.0
P500744,all,473,4.51,90.9
P500744,dry,81,4.32,81.5
P500744,oily,53,4.42,86.8
P500746,all,112,4.54,92.0
P500746,dry,31,4.29,80.6
P500746,oily,10,4.40,100.0
P500753,all,84,4.38,85.7
P500753,dry,13,4.15,84.6
P500753,oily,9,4.78,100.0
P500756,all,351,4.68,95.7
P500756,dry,85,4.76,95.3
P500756,oily,29,4.52,96.6
P500757,all,1131,4.00,77.0
P500757,dry,186,3.81,71.0
P500757,oily,114,4.09,80.7
P500763,all,3,3.67,66.7
P500763,dry,3,3.67,66.7
P500771,all,17,4.41,94.1
P500771,dry,2,4.50,100.0
P500774,all,19,4.47,94.7
P500774,dry,4,4.50,100.0
P500774,oily,3,3.67,100.0
P500775,all,4,3.75,100.0
P500775,dry,1,4.00,100.0
P500777,all,1150,4.52,90.0
P500777,dry,242,4.64,93.0
P500777,oily,106,4.52,89.6
P500778,all,137,4.71,94.2
P500778,dry,30,4.80,96.7
P500778,oily,20,4.35,85.0
P500782,all,5,1.80,20.0
P500782,dry,1,1.00,0.0
P500785,all,12,4.58,91.7
P500785,dry,4,4.75,100.0
P500856,all,19,4.11,78.9
P500856,dry,4,4.50,100.0
P500857,all,517,4.71,95.7
P500857,dry,77,4.64,93.5
P500857,oily,73,4.67,91.8
P500880,all,4,5.00,100.0
P500880,dry,1,5.00,100.0
P500894,all,299,4.64,96.0
P500894,dry,65,4.54,95.4
P500894,oily,31,4.74,96.8
P500982,all,29,3.97,69.0
P500982,dry,8,4.25,75.0
P500983,all,8,5.00,100.0
P500983,dry,4,5.00,100.0
P500988,all,149,4.22,79.2
P500988,dry,30,4.23,80.0
P500988,oily,9,4.89,100.0
P500993,all,452,4.53,90.7
P500993,dry,101,4.54,91.1
P500993,oily,17,4.47,82.4
P500998,all,3,5.00,100.0
P500998,dry,1,5.00,100.0
P500998,oily,2,5.00,100.0
P501003,all,8,3.00,50.0
P501003,dry,2,3.00,50.0
P501004,all,38,4.63,89.5
P501004,dry,14,4.50,85.7
P501004,oily,5,5.00,100.0
P501005,all,611,4.32,87.6
P501005,dry,102,4.45,92.2
P501005,oily,70,4.17,85.7
P501017,all,67,4.76,97.0
P501017,dry,17,4.47,88.2
P501017,oily,9,5.00,100.0
P501024,all,30,4.30,83.3
P501024,dry,11,4.27,81.8
P501024,oily,4,4.75,100.0
P501028,all,430,4.39,87.4
P501028,dry,67,4.39,88.1
P501028,oily,41,4.59,92.7
P501029,all,614,4.52,93.3
P501029,dry,100,4.51,95.0
P501029,oily,55,4.40,89.1
P501030,all,203,4.70,99.5
P501030,dry,43,4.72,100.0
P501030,oily,18,4.44,100.0
P501031,all,108,4.57,98.1
P501031,dry,9,4.22,88.9
P501031,oily,16,4.81,100.0
P501153,all,1,4.00,100.0
P501157,all,185,4.75,96.2
P501157,dry,37,4.81,97.3
P501157,oily,11,4.91,100.0
P501165,all,540,4.66,95.7
P501165,dry,99,4.65,94.9
P501165,oily,71,4.54,97.2
P501166,all,111,4.66,94.6
P501166,dry,13,4.62,92.3
P501166,oily,18,4.83,100.0
P501169,all,234,4.53,87.6
P501169,dry,43,4.44,88.4
P501169,oily,20,4.10,75.0
P501170,all,490,4.18,84.5
P501170,dry,78,4.01,76.9
P501170,oily,69,4.28,82.6
P501171,all,484,4.60,94.4
P501171,dry,79,4.73,93.7
P501171,oily,67,4.55,92.5
P501175,all,1,5.00,100.0
P501175,dry,1,5.00,100.0
P501176,all,456,3.83,71.9
P501176,dry,82,3.77,70.7
P501176,oily,48,3.69,64.6
P501178,all,361,4.42,89.8
P501178,dry,60,4.40,91.7
P501178,oily,44,4.41,90.9
P501185,all,29,4.66,89.7
P501185,dry,6,4.67,83.3
P501185,oily,4,3.75,50.0
P501187,all,506,4.42,90.5
P501187,dry,92,4.59,94.6
P501187,oily,64,4.38,85.9
P501188,all,494,4.57,93.3
P501188,dry,81,4.62,96.3
P501188,oily,65,4.35,86.2
P501189,all,443,4.22,85.3
P501189,dry,74,4.16,81.1
P501189,oily,67,4.49,88.1
P501190,all,252,4.79,95.6
P501190,dry,158,4.79,95.6
P501190,oily,3,4.67,100.0
P501199,all,368,4.43,91.6
P501199,dry,59,4.34,86.4
P501199,oily,54,4.59,94.4
P501213,all,216,4.47,94.0
P501213,dry,31,4.48,96.8
P501213,oily,19,4.37,84.2
P501236,all,419,4.62,94.3
P501236,dry,70,4.47,92.9
P501236,oily,52,4.65,98.1
P501243,all,251,4.06,80.5
P501243,dry,30,4.20,83.3
P501243,oily,25,4.08,76.0
P501254,all,734,4.68,93.7
P501254,dry,158,4.61,91.8
P501254,oily,72,4.58,90.3
P501264,all,2,3.00,50.0
P501264,dry,1,5.00,100.0
P501264,oily,1,1.00,0.0
P501282,all,293,4.70,96.9
P501282,dry,56,4.48,92.9
P501282,oily,33,4.73,97.0
P501288,all,341,4.50,90.3
P501288,dry,68,4.53,89.7
P501288,oily,35,4.60,91.4
P501316,all,72,4.04,84.7
P501316,dry,15,4.07,86.7
P501316,oily,7,4.29,100.0
P501321,all,293,4.83,97.3
P501321,dry,59,4.88,98.3
P501321,oily,33,4.82,93.9
P501323,all,10,4.20,90.0
P501323,dry,3,3.67,100.0
P501323,oily,1,5.00,100.0
P501421,all,109,4.69,97.2
P501421,dry,20,4.85,100.0
P501421,oily,13,4.77,100.0
P501474,all,8,4.88,100.0
P501474,dry,1,5.00,100.0
P501474,oily,1,5.00,100.0
P501518,all,160,4.09,83.8
P501518,dry,28,4.11,85.7
P501518,oily,17,3.94,76.5
P501550,all,4,2.75,25.0
P501566,all,3,4.67,100.0
P501566,dry,1,5.00,100.0
P501581,all,300,4.18,83.7
P501581,dry,20,3.80,75.0
P501581,oily,77,4.10,81.8
P501585,all,2,5.00,100.0
P501585,dry,1,5.00,100.0
P501587,all,55,4.58,89.1
P501587,dry,10,4.80,90.0
P501587,oily,5,4.60,80.0
P501591,all,10,4.10,80.0
P501591,dry,1,5.00,100.0
P501591,oily,3,2.33,33.3
P501760,all,923,4.49,88.2
P501760,dry,191,4.58,93.2
P501760,oily,110,4.31,81.8
P501781,all,260,4.58,90.8
P501781,dry,46,4.54,91.3
P501781,oily,29,4.24,86.2
P501790,all,66,4.42,90.9
P501790,dry,13,4.69,92.3
P501790,oily,10,4.40,90.0
P501886,all,1,5.00,100.0
P502046,all,119,4.60,94.1
P502046,dry,24,4.67,100.0
P502046,oily,8,4.25,87.5
P502047,all,2,4.50,100.0
P502169,all,76,4.72,96.1
P502169,dry,16,4.50,87.5
P502169,oily,2,4.50,100.0
P502186,all,2,3.00,50.0
P502192,all,2,3.50,100.0
P502195,all,3,5.00,100.0
P502195,dry,3,5.00,100.0
P502197,all,86,4.83,97.7
P502197,dry,24,4.75,95.8
P502197,oily,4,5.00,100.0
P502200,all,89,4.76,96.6
P502200,dry,26,4.58,92.3
P502200,oily,2,5.00,100.0
P502216,all,4,3.75,75.0
P502216,dry,1,1.00,0.0
P502216,oily,1,5.00,100.0
P502235,all,3,4.00,66.7
P502235,dry,2,3.50,50.0
P502237,all,6,4.33,83.3
P502237,dry,1,5.00,100.0
P502237,oily,1,5.00,100.0
P502322,all,93,4.78,98.9
P502322,dry,20,4.80,100.0
P502322,oily,5,4.80,100.0
P502326,all,266,4.81,97.7
P502326,dry,59,4.73,93.2
P502326,oily,19,4.84,100.0
P502365,all,6,3.50,66.7
P502365,dry,1,3.00,100.0
P502365,oily,1,5.00,100.0
P502395,all,142,4.70,97.9
P502395,dry,30,4.70,96.7
P502395,oily,11,4.27,100.0
P502448,all,3,4.33,66.7
P502479,all,82,4.60,92.7
P502479,dry,11,4.27,81.8
P502479,oily,8,4.50,100.0
P502640,all,61,4.85,98.4
P502640,dry,10,5.00,100.0
P502640,oily,6,4.83,100.0
P502656,all,921,4.09,78.3
P502656,dry,211,4.18,81.0
P502656,oily,67,4.03,79.1
P502691,all,78,4.13,82.1
P502691,dry,8,4.50,87.5
P502691,oily,12,4.50,91.7
P502709,all,2,4.50,50.0
P502710,all,69,3.86,75.4
P502710,dry,4,3.50,50.0
P502710,oily,13,3.77,69.2
P502725,all,6,3.83,66.7
P502740,all,8,4.00,87.5
P502740,dry,3,3.67,66.7
P502740,oily,1,5.00,100.0
P502741,all,74,3.88,70.3
P502741,dry,9,3.56,66.7
P502741,oily,7,3.57,71.4
P502745,all,141,4.38,87.2
P502745,dry,32,4.41,87.5
P502745,oily,12,4.00,75.0
P502749,all,79,3.77,74.7
P502749,dry,7,4.00,85.7
P502749,oily,15,3.60,66.7
P502756,all,62,4.19,83.9
P502756,dry,22,4.41,90.9
P502756,oily,3,3.67,66.7
P502758,all,40,4.55,92.5
P502758,dry,10,4.50,90.0
P502758,oily,1,5.00,100.0
P502761,all,463,4.71,96.5
P502761,dry,86,4.77,98.8
P502761,oily,50,4.58,96.0
P502771,all,7,3.14,57.1
P502771,dry,1,5.00,100.0
P502771,oily,2,5.00,100.0
P502818,all,16,5.00,100.0
P502818,dry,4,5.00,100.0
P502818,oily,2,5.00,100.0
P502823,all,2,3.50,50.0
P502823,dry,1,2.00,0.0
P502827,all,15,4.80,100.0
P502827,dry,6,4.83,100.0
P502831,all,13,4.92,100.0
P502831,dry,1,5.00,100.0
P502831,oily,1,5.00,100.0
P502842,all,4,4.00,75.0
P502842,dry,1,5.00,100.0
P502842,oily,1,1.00,0.0
P502848,all,53,4.81,94.3
P502848,dry,13,4.85,92.3
P502848,oily,5,5.00,100.0
P502852,all,175,4.53,94.8
P502852,dry,24,4.54,95.8
P502852,oily,15,4.60,100.0
P502966,all,488,4.64,92.8
P502966,dry,117,4.51,89.7
P502966,oily,42,4.88,100.0
P502977,all,4,4.25,100.0
P502978,all,3,3.00,33.3
P502978,oily,1,4.00,100.0
P502986,all,129,4.89,99.2
P502986,dry,17,4.94,100.0
P502986,oily,14,4.93,100.0
P502996,all,8,3.12,50.0
P502996,dry,1,1.00,0.0
P502997,all,123,3.63,67.2
P502997,dry,21,4.00,76.2
P502997,oily,19,3.05,47.4
P502998,all,7,4.14,100.0
P502998,dry,2,4.00,100.0
P502998,oily,1,5.00,100.0
P503000,all,3,5.00,100.0
P503052,all,401,4.26,85.8
P503052,dry,71,4.44,88.4
P503052,oily,45,3.96,83.7
P503123,all,10,4.50,80.0
P503123,dry,3,4.00,66.7
P503123,oily,1,5.00,100.0
P503191,all,1099,4.55,89.9
P503191,dry,217,4.53,88.5
P503191,oily,129,4.61,93.0
P503197,all,240,4.88,97.1
P503197,dry,51,4.84,96.1
P503197,oily,23,4.91,95.7
P503216,all,15,4.67,100.0
P503216,oily,1,5.00,100.0
P503226,all,7,3.86,71.4
P503226,dry,2,3.00,50.0
P503226,oily,2,3.00,50.0
P503250,all,199,4.58,93.5
P503250,dry,30,4.60,93.3
P503250,oily,24,4.75,95.8
P503262,all,18,4.89,94.4
P503262,dry,5,5.00,100.0
P503262,oily,2,5.00,100.0
P503294,all,24,2.71,45.8
P503294,dry,2,1.00,0.0
P503294,oily,1,5.00,100.0
P503552,all,8,5.00,100.0
P503552,dry,1,5.00,100.0
P503560,all,7,5.00,100.0
P503560,dry,1,5.00,100.0
P503562,all,34,4.03,79.4
P503562,dry,3,5.00,100.0
P503562,oily,2,1.00,0.0
P503572,all,10,3.50,70.0
P503572,oily,1,1.00,0.0
P503634,all,630,4.43,88.9
P503634,dry,120,4.21,80.0
P503634,oily,51,4.25,86.3
P503635,all,4,4.25,100.0
P503635,dry,1,5.00,100.0
P503642,all,335,4.41,91.9
P503642,dry,58,4.48,87.9
P503642,oily,27,4.11,88.9
P503651,all,339,4.83,97.6
P503651,dry,82,4.77,96.3
P503651,oily,31,4.81,100.0
P503652,all,110,4.42,90.9
P503652,dry,23,4.35,87.0
P503652,oily,8,3.88,75.0
P503655,all,10,4.00,80.0
P503655,dry,3,4.67,100.0
P503655,oily,1,3.00,0.0
P503657,all,176,4.57,91.5
P503657,dry,27,4.48,88.9
P503657,oily,15,4.73,100.0
P503668,all,456,4.82,98.2
P503668,dry,117,4.89,98.3
P503668,oily,31,4.58,96.8
P503683,all,89,4.70,93.3
P503683,dry,19,4.89,100.0
P503683,oily,8,4.75,87.5
P503690,all,222,4.75,95.5
P503690,dry,117,4.84,99.1
P503690,oily,5,4.60,100.0
P503692,all,384,4.12,77.6
P503692,dry,61,4.23,80.3
P503692,oily,49,4.35,85.7
P503693,all,428,4.48,90.4
P503693,dry,49,4.49,93.9
P503693,oily,50,4.58,94.0
P503721,all,400,4.37,88.8
P503721,dry,50,4.24,86.0
P503721,oily,46,4.35,89.1
P503726,all,627,4.73,96.2
P503726,dry,140,4.76,97.9
P503726,oily,68,4.51,92.6
P503747,all,259,4.55,94.6
P503747,dry,34,4.47,91.2
P503747,oily,21,4.62,100.0
P503809,all,88,4.73,95.5
P503809,dry,19,4.68,94.7
P503809,oily,9,4.67,100.0
P503814,all,344,4.81,98.0
P503814,dry,35,4.89,100.0
P503814,oily,29,4.83,100.0
P503820,all,30,4.83,96.7
P503820,dry,5,4.80,100.0
P503820,oily,2,5.00,100.0
P503827,all,229,4.75,95.2
P503827,dry,30,4.70,96.7
P503827,oily,7,4.57,85.7
P503865,all,184,4.39,83.7
P503865,dry,43,4.12,69.8
P503865,oily,8,3.88,62.5
P503867,all,234,4.58,97.9
P503867,dry,58,4.60,94.8
P503867,oily,24,4.38,100.0
P503868,all,24,4.38,83.3
P503868,dry,5,4.40,80.0
P503868,oily,4,5.00,100.0
P503872,all,6,4.83,100.0
P503872,dry,3,4.67,100.0
P503872,oily,1,5.00,100.0
P503876,all,4,3.75,75.0
P503876,dry,2,4.00,50.0
P503877,all,1,5.00,100.0
P503878,all,118,4.60,90.7
P503878,dry,39,4.49,87.2
P503878,oily,7,4.43,85.7
P503879,all,572,4.70,95.3
P503879,dry,112,4.69,94.6
P503879,oily,49,4.71,95.9
P503890,all,15,4.60,86.7
P503890,dry,2,5.00,100.0
P503891,all,500,4.76,96.8
P503891,dry,134,4.72,97.8
P503891,oily,32,4.53,93.8
P503892,all,4,3.75,50.0
P503892,dry,2,4.50,50.0
P503894,all,4,3.50,75.0
P503894,dry,1,3.00,100.0
P503901,all,18,3.72,55.6
P503901,dry,4,3.00,25.0
P503906,all,5,5.00,100.0
P503906,dry,1,5.00,100.0
P503912,all,7,3.43,57.1
P503912,dry,3,3.00,33.3
P503913,all,314,4.76,96.8
P503913,dry,76,4.78,97.4
P503913,oily,16,4.81,100.0
P503915,all,3,4.67,100.0
P503920,all,129,4.88,99.2
P503920,dry,35,4.91,100.0
P503920,oily,9,4.56,88.9
P503923,all,176,4.61,94.3
P503923,dry,49,4.53,93.9
P503923,oily,5,4.20,80.0
P503926,all,77,4.42,87.0
P503926,dry,21,4.38,85.7
P503926,oily,4,4.25,100.0
P503927,all,117,4.59,94.0
P503927,dry,46,4.67,95.7
P503927,oily,3,4.33,100.0
P503928,all,27,3.93,63.0
P503928,dry,9,3.78,55.6
P503928,oily,2,3.50,50.0
P503930,all,10,3.80,70.0
P503930,oily,2,4.50,100.0
P503933,all,5,3.40,80.0
P503934,all,5,3.60,60.0
P503935,all,10,4.50,90.0
P503935,dry,2,5.00,100.0
P503935,oily,2,5.00,100.0
P503936,all,1389,4.84,98.4
P503936,dry,283,4.80,97.5
P503936,oily,116,4.84,95.7
P503942,all,13,4.31,84.6
P503942,dry,3,5.00,100.0
P503942,oily,1,5.00,100.0
P503944,all,4,3.50,75.0
P503944,dry,1,4.00,100.0
P503991,all,156,4.87,98.7
P503991,dry,43,4.91,100.0
P503991,oily,8,5.00,100.0
P503992,all,241,4.88,98.3
P503992,dry,66,4.83,98.5
P503992,oily,11,4.91,100.0
P503997,all,10,4.80,100.0
P503997,dry,3,4.67,100.0
P503999,all,500,4.45,92.2
P503999,dry,66,4.62,97.0
P503999,oily,56,4.32,83.9
P504001,all,344,4.64,96.8
P504001,dry,58,4.62,93.1
P504001,oily,39,4.64,97.4
P504007,all,433,4.53,91.7
P504007,dry,65,4.23,84.6
P504007,oily,37,4.59,94.6
P504016,all,78,4.95,100.0
P504016,dry,21,4.90,100.0
P504016,oily,6,5.00,100.0
P504018,all,3,5.00,100.0
P504023,all,28,4.57,89.3
P504023,dry,13,4.38,92.3
P504023,oily,1,4.00,0.0
P504026,all,156,4.87,98.7
P504026,dry,43,4.91,100.0
P504026,oily,8,5.00,100.0
P504028,all,249,3.99,81.5
P504028,dry,26,3.92,88.5
P504028,oily,30,4.00,86.7
P504031,all,78,4.95,100.0
P504031,dry,21,4.90,100.0
P504031,oily,6,5.00,100.0
P504040,all,41,4.88,100.0
P504040,dry,10,4.90,100.0
P504040,oily,5,4.80,100.0
P504042,all,366,4.68,96.4
P504042,dry,53,4.81,100.0
P504042,oily,33,4.58,93.9
P504043,all,206,4.82,96.6
P504043,dry,41,4.80,97.6
P504043,oily,16,4.44,87.5
P504044,all,279,4.75,97.1
P504044,dry,60,4.78,95.0
P504044,oily,17,4.71,94.1
P504045,all,370,4.73,97.0
P504045,dry,44,4.68,97.7
P504045,oily,26,4.65,100.0
P504049,all,17,5.00,100.0
P504049,dry,3,5.00,100.0
P504049,oily,1,5.00,100.0
P504050,all,42,4.79,97.6
P504050,dry,2,4.00,100.0
P504050,oily,3,5.00,100.0
P504053,all,2,5.00,100.0
P504056,all,155,4.77,96.8
P504056,dry,25,4.72,100.0
P504056,oily,8,4.38,87.5
P504059,all,76,4.88,100.0
P504059,dry,16,4.88,100.0
P504059,oily,8,4.88,100.0
P504064,all,343,4.64,96.8
P504064,dry,48,4.54,93.8
P504064,oily,37,4.62,97.3
P504071,all,460,4.39,90.0
P504071,dry,63,4.33,88.9
P504071,oily,29,4.31,86.2
P504073,all,190,4.83,97.4
P504073,dry,71,4.87,97.2
P504073,oily,10,4.90,100.0
P504076,all,183,4.77,95.6
P504076,dry,45,4.80,95.6
P504076,oily,23,4.57,91.3
P504125,all,552,4.66,95.7
P504125,dry,53,4.79,100.0
P504125,oily,120,4.61,93.3
P504134,all,37,4.46,81.1
P504134,dry,8,4.38,87.5
P504134,oily,5,4.40,80.0
P504171,all,190,4.64,94.7
P504171,dry,26,4.62,100.0
P504171,oily,18,4.67,100.0
P504199,all,53,4.85,98.1
P504199,dry,16,4.88,100.0
P504199,oily,7,4.86,100.0
P504203,all,13,3.08,46.2
P504203,oily,3,2.33,33.3
P504208,all,39,4.18,82.1
P504208,dry,6,4.50,83.3
P504208,oily,2,3.50,50.0
P504212,all,183,4.60,90.2
P504212,dry,35,4.71,97.1
P504212,oily,20,4.40,85.0
P504218,all,42,4.55,90.5
P504218,dry,9,4.67,88.9
P504218,oily,2,4.50,100.0
P504221,all,2,5.00,100.0
P504221,dry,2,5.00,100.0
P504240,all,168,4.21,82.1
P504240,dry,26,3.85,69.2
P504240,oily,32,4.47,93.8
P504272,all,8,3.25,50.0
P504272,dry,2,4.00,100.0
P504272,oily,2,2.00,0.0
P504273,all,5,4.00,80.0
P504273,dry,1,5.00,100.0
P504273,oily,1,4.00,100.0
P504277,all,134,4.66,94.0
P504277,dry,31,4.45,87.1
P504277,oily,3,5.00,100.0
P504283,all,4,3.00,50.0
P504283,dry,2,2.50,50.0
P504288,all,24,4.50,95.8
P504288,dry,4,3.75,75.0
P504288,oily,3,4.67,100.0
P504289,all,2,3.50,50.0
P504289,dry,1,5.00,100.0
P504303,all,8,4.88,100.0
P504303,dry,1,5.00,100.0
P504309,all,267,4.44,89.1
P504309,dry,131,4.34,87.0
P504309,oily,5,5.00,100.0
P504313,all,50,4.78,98.0
P504313,dry,12,4.92,100.0
P504313,oily,2,5.00,100.0
P504315,all,184,4.68,93.5
P504315,dry,30,4.73,93.3
P504315,oily,22,4.73,95.5
P504320,all,8,3.75,62.5
P504320,dry,1,5.00,100.0
P504320,oily,1,5.00,100.0
P504322,all,1,5.00,100.0
P504322,dry,1,5.00,100.0
P504325,all,116,4.85,98.3
P504325,dry,28,4.86,100.0
P504325,oily,10,4.70,100.0
P504327,all,19,4.42,89.5
P504327,dry,3,4.33,100.0
P504411,all,2,4.00,50.0
P504411,dry,2,4.00,50.0
P504417,all,1,5.00,100.0
P504417,dry,1,5.00,100.0
P504421,all,300,4.81,98.3
P504421,dry,79,4.84,100.0
P504421,oily,16,4.81,93.8
P504424,all,1,5.00,100.0
P504424,dry,1,5.00,100.0
P504429,all,300,4.81,98.3
P504429,dry,88,4.78,96.6
P504429,oily,14,5.00,100.0
P504433,all,270,4.71,96.7
P504433,dry,54,4.57,96.3
P504433,oily,26,4.62,92.3
P504441,all,12,4.00,83.3
P504441,dry,6,4.17,83.3
P504441,oily,1,5.00,100.0
P504443,all,1,3.00,100.0
P504446,all,54,4.72,100.0
P504446,dry,12,4.33,100.0
P504446,oily,1,5.00,100.0
P504447,all,9,3.11,55.6
P504447,dry,3,3.00,66.7
P504452,all,7,3.43,57.1
P504452,dry,3,2.67,33.3
P504464,all,2,5.00,100.0
P504506,all,144,4.80,96.5
P504506,dry,42,4.67,92.9
P504506,oily,8,5.00,100.0
P504509,all,12,4.67,83.3
P504509,dry,4,4.75,75.0
P504515,all,10,3.80,60.0
P504515,dry,4,3.00,50.0
P504515,oily,1,3.00,0.0
P504517,all,15,4.87,100.0
P504517,dry,2,5.00,100.0
P504523,all,99,3.89,77.8
P504523,dry,40,4.25,87.5
P504523,oily,9,2.67,44.4
P504524,all,66,3.97,75.8
P504524,dry,19,4.00,78.9
P504524,oily,11,3.91,81.8
P504575,all,168,4.66,96.4
P504575,dry,35,4.57,94.3
P504575,oily,15,5.00,100.0
P504594,all,4,5.00,100.0
P504594,dry,1,5.00,100.0
P504595,all,2453,4.50,89.6
P504595,dry,520,4.42,86.3
P504595,oily,294,4.53,91.8
P504615,all,2364,4.15,79.1
P504615,dry,288,4.04,74.7
P504615,oily,449,4.22,82.0
P504636,all,15,3.93,80.0
P504636,dry,5,4.00,80.0
P504637,all,132,4.87,99.2
P504637,dry,35,4.94,100.0
P504637,oily,10,4.90,100.0
P504639,all,300,4.53,89.3
P504639,dry,71,4.75,94.4
P504639,oily,24,4.67,91.7
P504644,all,209,4.34,83.3
P504644,dry,11,4.18,81.8
P504644,oily,21,4.10,71.4
P504773,all,23,3.87,65.2
P504773,dry,8,3.88,62.5
P504773,oily,2,5.00,100.0
P504774,all,20,4.65,95.0
P504774,dry,6,4.50,100.0
P504774,oily,4,4.75,100.0
P504778,all,13,4.31,76.9
P504778,dry,4,4.50,75.0
P504778,oily,1,4.00,100.0
P504780,all,12,2.67,33.3
P504780,oily,2,3.00,50.0
P504784,all,17,3.82,64.7
P504784,dry,5,3.00,40.0
P504784,oily,1,5.00,100.0
P504786,all,21,3.71,66.7
P504786,dry,4,3.00,50.0
P504786,oily,3,5.00,100.0
P504790,all,10,3.70,70.0
P504790,dry,2,2.50,50.0
P504790,oily,4,3.50,75.0
P504794,all,47,4.09,76.6
P504794,dry,19,4.42,84.2
P504794,oily,3,2.33,33.3
P504795,all,17,4.76,94.1
P504795,dry,6,4.83,100.0
P504795,oily,3,4.67,100.0
P504810,all,13,4.62,84.6
P504810,dry,1,5.00,100.0
P504810,oily,6,4.50,83.3
P504815,all,9,3.78,66.7
P504815,dry,2,4.50,100.0
P504840,all,5,3.40,60.0
P504840,dry,3,2.67,33.3
P504848,all,5,4.00,80.0
P504848,dry,2,4.00,100.0
P504848,oily,1,2.00,0.0
P504849,all,98,4.84,99.0
P504849,dry,25,4.76,96.0
P504849,oily,4,5.00,100.0
P504850,all,2,3.50,50.0
P504850,dry,1,3.00,0.0
P504880,all,32,4.62,87.5
P504880,dry,6,5.00,100.0
P504880,oily,2,2.50,0.0
P504881,all,4,5.00,100.0
P504882,all,1,5.00,100.0
P504882,dry,1,5.00,100.0
P504888,all,2,3.50,50.0
P504892,all,83,4.75,97.6
P504892,dry,6,5.00,100.0
P504892,oily,18,4.78,100.0
P504919,all,19,4.42,84.2
P504919,dry,3,4.33,100.0
P504919,oily,3,4.33,66.7
P504985,all,4,3.50,50.0
P504986,all,600,4.57,95.3
P504986,dry,111,4.48,93.7
P504986,oily,81,4.60,98.8
P504987,all,2,5.00,100.0
P504987,dry,1,5.00,100.0
P504988,all,108,4.70,97.2
P504988,dry,13,4.85,100.0
P504988,oily,13,4.46,84.6
P505009,all,700,4.64,94.6
P505009,dry,88,4.51,93.2
P505009,oily,73,4.85,98.6
P505020,all,463,4.62,95.2
P505020,dry,27,4.44,88.9
P505020,oily,87,4.60,96.6
P505023,all,707,4.77,98.0
P505023,dry,54,4.67,96.3
P505023,oily,79,4.84,100.0
P505024,all,477,4.67,95.0
P505024,dry,35,4.49,94.3
P505024,oily,32,4.72,96.9
P505031,all,718,4.60,93.6
P505031,dry,54,4.56,90.7
P505031,oily,100,4.62,94.0
P505047,all,96,4.93,97.9
P505047,dry,13,5.00,100.0
P505047,oily,11,5.00,100.0
P505049,all,277,4.80,98.2
P505049,dry,71,4.72,97.2
P505049,oily,18,4.89,100.0
P505054,all,471,4.71,97.0
P505054,dry,41,4.80,100.0
P505054,oily,36,4.67,97.2
P505120,all,2,5.00,100.0
P505120,dry,1,5.00,100.0
P505120,oily,1,5.00,100.0
P505131,all,31,4.71,96.8
P505131,dry,8,4.62,87.5
P505131,oily,3,4.33,100.0
P505133,all,55,4.93,100.0
P505133,dry,8,4.88,100.0
P505133,oily,2,5.00,100.0
P505139,all,200,4.83,99.5
P505139,dry,39,4.74,100.0
P505139,oily,17,4.71,100.0
P505140,all,94,4.53,91.5
P505140,dry,22,4.64,95.5
P505140,oily,11,4.27,90.9
P505142,all,51,4.84,98.0
P505142,dry,13,4.92,100.0
P505142,oily,5,4.40,80.0
P505145,all,24,4.67,100.0
P505145,dry,6,4.67,100.0
P505145,oily,2,5.00,100.0
P505158,all,172,4.81,98.3
P505158,dry,38,4.76,97.4
P505158,oily,18,4.83,100.0
P505160,all,200,4.48,89.0
P505160,dry,65,4.46,89.2
P505160,oily,11,4.36,90.9
P505174,all,1,5.00,100.0
P505174,dry,1,5.00,100.0
P505208,all,1,5.00,100.0
P505209,all,12,5.00,100.0
P505209,dry,1,5.00,100.0
P505209,oily,1,5.00,100.0
P505210,all,11,5.00,100.0
P505210,dry,1,5.00,100.0
P505210,oily,1,5.00,100.0
P505211,all,147,4.48,88.4
P505211,dry,26,4.42,84.6
P505211,oily,11,4.82,100.0
P505233,all,81,4.90,97.5
P505233,dry,23,4.91,95.7
P505233,oily,11,4.91,100.0
P505274,all,16,3.88,75.0
P505274,dry,2,2.50,50.0
P505274,oily,4,4.75,100.0
P505316,all,55,4.93,100.0
P505316,dry,11,4.82,100.0
P505316,oily,1,5.00,100.0
P505332,all,2,5.00,100.0
P505332,oily,1,5.00,100.0
P505338,all,100,4.93,100.0
P505338,dry,20,4.90,100.0
P505338,oily,11,4.91,100.0
P505346,all,959,4.58,92.2
P505346,dry,210,4.56,91.4
P505346,oily,66,4.35,83.3
P505378,all,24,4.96,100.0
P505378,dry,5,5.00,100.0
P505381,all,15,4.80,93.3
P505381,dry,1,5.00,100.0
P505392,all,31,4.90,100.0
P505392,dry,6,5.00,100.0
P505392,oily,3,5.00,100.0
P505408,all,100,4.21,85.0
P505408,dry,13,4.23,84.6
P505408,oily,13,4.31,76.9
P505452,all,81,4.54,97.5
P505452,dry,11,4.45,100.0
P505452,oily,13,4.54,92.3
P505711,all,100,4.69,97.0
P505711,dry,32,4.69,96.9
P505711,oily,5,4.80,100.0
P54509,all,1581,4.56,93.6
P54509,dry,300,4.61,93.1
P54509,oily,189,4.52,95.5
P6028,all,236,4.31,75.9
P6028,dry,50,4.34,76.5
P6028,oily,14,4.50,50.0
P7365,all,512,4.07,72.2
P7365,dry,17,3.76,0.0
P7365,oily,121,3.95,66.7
P7880,all,8736,4.36,83.3
P7880,dry,1159,4.37,84.3
P7880,oily,737,4.27,80.0
P91627362,all,253,4.18,80.6
P91627362,dry,36,4.19,80.6
P91627362,oily,43,4.19,83.7
P94421,all,2914,4.24,84.1
P94421,dry,385,4.33,84.7
P94421,oily,296,4.11,79.8
P94812,all,523,4.61,84.6
P94812,dry,58,4.59,95.0
P94812,oily,34,4.50,66.7
P9939,all,272,4.31,80.9
P9939,dry,22,4.36,100.0
P9939,oily,16,4.25,72.7
P9940,all,829,4.25,85.9
P9940,dry,125,4.31,84.5
P9940,oily,80,4.24,89.5
P9941,all,391,4.50,86.7
P9941,dry,44,4.23,68.2
P9941,oily,38,4.42,89.5
