product_id,product_name,brand,category,price_usd,rating,reviews,loves,highlights
P439055,GENIUS Sleeping Collagen Moisturizer,Algenist,Moisturizers,98,4.5413,1321,33910,"Vegan|Good for: Loss of firmness|Collagen|Hypoallergenic|Without Parabens|Best for Dry, Combo, Normal Skin"
P421277,GENIUS Liquid Collagen Serum,Algenist,Treatments,115,4.0259,1159,67870,"Vegan|Good for: Loss of firmness|Collagen|Hypoallergenic|Without Parabens|Best for Dry, Combo, Normal Skin"
P467602,Triple Algae Eye Renewal Balm Eye Cream,Algenist,Eye Care,68,4.5306,1142,17890,
P432045,GENIUS Liquid Collagen Lip Treatment,Algenist,Lip Balms & Treatments,29,3.8721,649,44448,"Vegan|Good for: Loss of firmness|Plumping|Collagen|Hypoallergenic|Best for Dry, Combo, Normal Skin"
P311143,SUBLIME DEFENSE Ultra Lightweight UV Defense Fluid SPF 50,Algenist,Sunscreen,28,4.4134,508,27278,"Vegan|Hypoallergenic|UV Protection|SPF|Best for Dry, Combo, Normal Skin"
P384537,GENIUS Ultimate Anti-Aging Cream,Algenist,Moisturizers,112,4.2525,503,19733,"Vegan|Collagen|Hypoallergenic|Good for: Loss of firmness|Best for Dry, Combo, Normal Skin"
P388200,GENIUS Ultimate Anti-Aging Melting Cleanser,Algenist,Cleansers,38,4.0569,334,9314,
P296413,Gentle Rejuvenating Cleanser,Algenist,Cleansers,28,4.2689,264,7681,
P500716,10 Day Results Kit,Algenist,Value & Gift Sets,88,4.8023,258,3206,Vegan|Good for: Loss of firmness|Good for: Dark Circles|Collagen|Hydrating|Good for: Anti-Aging
P379907,Advanced Anti-Aging Repairing Oil,Algenist,Moisturizers,82,4.4531,245,10676,
P296415,Overnight Restorative Cream,Algenist,Moisturizers,94,4.3808,239,10578,
P392945,GENIUS Ultimate Anti-Aging Vitamin C+ Serum,Algenist,Treatments,118,3.9825,229,10068,"Vegan|Collagen|Hypoallergenic|Good for: Loss of firmness|Best for Dry, Combo, Normal Skin"
P282935,Regenerative Anti-Aging Moisturizer,Algenist,Moisturizers,94,4.2715,221,6807,
P474809,Blue Algae Vitamin C Skinclarity Brightening Serum,Algenist,Treatments,72,4.6087,207,6040,
P416552,POWER Recharging Night Pressed Serum,Algenist,Treatments,95,4.3854,205,10859,
P471000,Algae Niacinamide Moisture Veil,Algenist,Moisturizers,65,4.6982,169,4845,"Liquid Formula|Best for Oily, Combo, Normal Skin|Good for: Dullness/Uneven Texture|Good for: Dryness|Niacinamide|Oil Free"
P480274,GENIUS Liquid Skin Resurfacing 2% BHA Toner,Algenist,Cleansers,40,4.7939,165,4693,"Salicylic Acid|Collagen|Best for Oily, Combo, Normal Skin|Good for: Dullness/Uneven Texture|Good for: Loss of firmness|Vegan"
P453818,GENIUS Collagen Calming Relief,Algenist,Moisturizers,58,4.464,125,11763,"Vegan|Collagen|Hypoallergenic|Good for: Redness|Best for Dry, Combo, Normal Skin"
P442859,ALIVE Prebiotic Balancing Mask,Algenist,Masks,38,4.3729,118,14367,Vegan|Hypoallergenic|Good for: Acne/Blemishes|Best for Combination Skin
P388262,GENIUS Ultimate Anti-Aging Eye Cream,Algenist,Eye Care,74,3.7759,116,6866,"Vegan|Collagen|Hypoallergenic|Good for: Loss of firmness|Best for Dry, Combo, Normal Skin"
P457694,Blue Algae Vitamin C Dark Spot Correcting Peel,Algenist,Treatments,85,4.213,108,11488,"Vegan|Vitamin C|Hypoallergenic|Good for: Dark spots|Best for Oily, Combo, Normal Skin"
P447504,AA (Alguronic Acid) Barrier Serum,Algenist,Treatments,85,3.97,100,3877,"Vegan|Niacinamide|Hypoallergenic|Good for: Anti-Aging|Best for Dry, Combo, Normal Skin"
P404169,POWER Advanced Wrinkle Fighter 360° Eye Serum,Algenist,Eye Care,70,4.023,87,9082,
P404168,POWER Advanced Wrinkle Fighter Moisturizer,Algenist,Moisturizers,85,4.1818,77,5169,
P433469,ELEVATE Advanced Retinol Serum,Algenist,Treatments,98,4.1026,39,5451,"Vegan|Retinol|Hypoallergenic|Good for: Dullness/Uneven Texture|Best for Oily, Combo, Normal Skin"
P420638,ELEVATE Advanced Lift Contouring Cream,Algenist,Moisturizers,96,4.3243,37,3317,
P456990,Mini GENIUS Liquid Collagen,Algenist,Mini Size,25,3.4412,34,8900,"Vegan|Good for: Loss of firmness|Collagen|Hypoallergenic|Without Parabens|Best for Dry, Combo, Normal Skin"
P410809,ELEVATE Firming & Lifting Contouring Eye Cream,Algenist,Eye Care,72,3.2581,31,1957,
P442860,ALIVE Prebiotic Balancing Moisturizer SPF 15,Algenist,Moisturizers,40,3.2,30,1897,
P449164,ELEVATE Firming & Lifting Neck Cream,Algenist,Moisturizers,84,3.8889,18,5118,"Vegan|Retinol|Hypoallergenic|Good for: Anti-Aging|Best for Dry, Combo, Normal Skin"
P504443,Plump Pout Duo,Algenist,Value & Gift Sets,44,3,1,522,"Vegan|Good for: Loss of firmness|Plumping|Collagen|Hypoallergenic|Best for Dry, Combo, Normal Skin"
P503998,Algae Peptide Regenerative Moisturizer,Algenist,Moisturizers,98,,,442,"Vegan|Hydrating|Good for: Anti-Aging|Fragrance Free|Good for: Dryness|Best for Dry, Combo, Normal Skin"
P440949,Liquid Gold Exfoliating Treatment with Glycolic acid,Alpha-H,Treatments,56,4.5093,915,18300,AHA/Glycolic Acid|Good for: Dullness/Uneven Texture|Good for: Anti-Aging|Good for: Dark spots|Cruelty-Free|Clean at Sephora
P442540,Vitamin A Serum with 0.5% Retinol,Alpha-H,Treatments,65,4.3579,95,7074,Vegan|Good for: Dullness/Uneven Texture|Good for: Loss of firmness|Clean at Sephora|Retinol|Good for: Anti-Aging
P442539,Vitamin B Serum with 5% Niacinamide and Peptides,Alpha-H,Treatments,65,4.2619,84,6331,Hyaluronic Acid|Good for: Dullness/Uneven Texture|Good for: Pores|Hydrating|Clean at Sephora|Niacinamide
P442546,Balancing Cleanser,Alpha-H,Cleansers,38,4.5455,77,3612,"Best for Dry, Combo, Normal Skin|Good for: Redness|Good for: Dryness|Cruelty-Free|Clean at Sephora|allure 2021 Best of Beauty Award Winner"
P442548,Mini Liquid Gold Exfoliating Treatment with Glycolic Acid,Alpha-H,Mini Size,22,4,34,11971,AHA/Glycolic Acid|Good for: Dullness/Uneven Texture|Good for: Anti-Aging|Good for: Dark spots|Cruelty-Free|Clean at Sephora
P442537,Liquid Gold Firming Eye Cream,Alpha-H,Eye Care,82,3.8824,17,3406,AHA/Glycolic Acid|Good for: Loss of firmness|Good for: Dark Circles|Good for: Anti-Aging|Cruelty-Free|Clean at Sephora
P480150,Liquid Gold Midnight Reboot Serum with 14% Glycolic Acid and Tripeptide-5,Alpha-H,Treatments,105,5,16,3928,Good for: Dullness/Uneven Texture|Good for: Loss of firmness|Clean at Sephora|Good for: Anti-Aging|AHA/Glycolic Acid|Cruelty-Free
P442542,Beauty Sleep Power Peel Age-Defying Night Peel,Alpha-H,Treatments,106,4.6,15,6057,Good for: Dullness/Uneven Texture|Clean at Sephora|Retinol|Good for: Anti-Aging|AHA/Glycolic Acid|Cruelty-Free
P442545,Triple Action Cleanser,Alpha-H,Cleansers,38,4.25,12,2138,"Best for Oily, Combo, Normal Skin|Good for: Acne/Blemishes|Good for: Pores|Cruelty-Free|Clean at Sephora"
P455237,Melt Moisturizer with Bakuchiol and Squalane,alpyn beauty,Moisturizers,60,4.514,465,17458,Hyaluronic Acid|Best for Dry Skin|Good for: Loss of firmness|Clean + Planet Positive|Good for: Anti-Aging|Cruelty-Free
P465741,Wild Huckleberry 8-Acid Polishing Peel Mask,alpyn beauty,Masks,56,4.6801,347,28060,"Good for: Dullness/Uneven Texture|Clean + Planet Positive|AHA/Glycolic Acid|Good for: Acne/Blemishes|Salicylic Acid|Best for Oily, Combo, Normal Skin"
P472302,Wild Nettle & Niacinamide Instant Firming Serum,alpyn beauty,Treatments,58,4.7631,287,12209,Good for: Loss of firmness|Clean + Planet Positive|Good for: Pores|Hydrating|Niacinamide|Cruelty-Free
P455613,Line-Filling Eye Cream with Bakuchiol and Caffeine,alpyn beauty,Eye Care,62,4.3206,262,12740,Best for Dry Skin|Clean + Planet Positive|Vitamin C|Good for: Dark Circles|Good for: Anti-Aging|Cruelty-Free
P503197,Juneberry & Collagen Hydrating Cold Cream Cleanser,alpyn beauty,Cleansers,39,4.895,238,5754,"Clean + Planet Positive|Good for: Pores|Hydrating|Collagen|Best for Dry, Combo, Normal Skin|Cruelty-Free"
P477492,Triple Vitamin C Brightening Bounce Cream Moisturizer,alpyn beauty,Moisturizers,49,4.5422,225,7730,Best for Dry Skin|Vitamin C|Clean + Planet Positive|Plumping|Good for: Dark spots|Cruelty-Free
P455614,Creamy Bubbling Cleanser with Vitamin C & AHAs,alpyn beauty,Cleansers,36,4.3832,167,13297,Good for: Dullness/Uneven Texture|Best for Dry Skin|Clean + Planet Positive|Good for: Pores|AHA/Glycolic Acid|Cruelty-Free
P455612,Vitamin C & Bearberry Instant Glow Serum,alpyn beauty,Treatments,59,4.503,167,10316,allure 2020 Best of Beauty Award Winner|Good for: Dullness/Uneven Texture|Vitamin C|Clean + Planet Positive|Good for: Anti-Aging|Good for: Dark spots
P483643,Willow & Sweet Agave Plumping Lip Mask,alpyn beauty,Lip Balms & Treatments,28,4.5405,148,12568,Hyaluronic Acid|Plumping|Clean + Planet Positive|Hydrating|Good for: Dryness|Cruelty-Free
P505338,Pore Perfecting Liquid Exfoliator with 2% BHA + Borage,alpyn beauty,Cleansers,39,4.9231,91,654,"Clean + Planet Positive|Good for: Pores|Good for: Acne/Blemishes|Salicylic Acid|Best for Oily, Combo, Normal Skin|Cruelty-Free"
P481058,Mini Melt Moisturizer with Bakuchiol and Squalane,alpyn beauty,Moisturizers,25,4.5806,31,7054,Hyaluronic Acid|Best for Dry Skin|Good for: Loss of firmness|Clean + Planet Positive|Good for: Anti-Aging|Cruelty-Free
P503262,Peel and Plump Skin-Smoothing Duo,alpyn beauty,Value & Gift Sets,49,4.8889,18,6469,Hyaluronic Acid|Good for: Dullness/Uneven Texture|Best for Dry Skin|Clean + Planet Positive|Good for: Anti-Aging|AHA/Glycolic Acid
P449150,Hydrating Oil,Anastasia Beverly Hills,Moisturizers,45,4.5556,27,4568,
P470506,The Cream Cleansing Gel with TFC8 Gentle Cleanser,Augustinus Bader,Cleansers,70,4.4826,661,4123,Good for: Dark spots|Fragrance Free|Good for: Dullness/Uneven Texture|Good for: Redness|Good for: Pores|Vegan
P470509,The Rich Cream with TFC8 Face Moisturizer,Augustinus Bader,Moisturizers,290,4.2312,493,16116,Good for: Anti-Aging|Good for: Dryness|Good for: Loss of firmness|Good for: Dullness/Uneven Texture|Good for: Dark spots|Vegan
P470507,The Cream with TFC8 Face Moisturizer,Augustinus Bader,Moisturizers,180,4.3605,430,11428,"Vitamin C|Good for: Anti-Aging|Good for: Loss of firmness|Good for: Dullness/Uneven Texture|Good for: Dark spots|Best for Oily, Combo, Normal Skin"
P500420,The Light Cream,Augustinus Bader,Moisturizers,180,4.3196,194,1389,Vegan|Good for: Pores|Good for: Anti-Aging|Good for: Dryness|Without Parabens|Without Sulfates SLS & SLES
P482510,The Ultimate Soothing Cream,Augustinus Bader,Moisturizers,290,4.65,100,1933,Vegan|Refill Available|Good for: Loss of firmness|Hydrating|Good for: Dryness|Without Sulfates SLS & SLES
P475907,The Serum with  TFC8,Augustinus Bader,Treatments,390,3.9877,81,2556,Good for: Dryness|Good for: Anti-Aging|Good for: Loss of firmness|Vitamin C|Vegan
P475906,The Eye Cream with  TFC8,Augustinus Bader,Eye Care,220,4.2267,75,2922,Vegan|Refill Available|Good for: Loss of firmness|Vitamin C|Good for: Dark Circles|Good for: Anti-Aging
P503926,The Face Cream Mask,Augustinus Bader,Masks,215,4.375,48,684,Good for: Dullness/Uneven Texture|Good for: Loss of firmness|Plumping|Hydrating|Good for: Anti-Aging|Good for: Dryness
P470510,Mini The Rich Cream with TFC8 Face Moisturizer,Augustinus Bader,Mini Size,92,3.6875,32,10759,Vegan|Good for: Dullness/Uneven Texture|Good for: Loss of firmness|Good for: Anti-Aging|Good for: Dryness|Good for: Dark spots
P470508,Mini The Cream with TFC8 Face Moisturizer,Augustinus Bader,Mini Size,92,3.7647,17,6863,"Good for: Dullness/Uneven Texture|Good for: Loss of firmness|Vitamin C|Good for: Anti-Aging|Best for Oily, Combo, Normal Skin|Good for: Dark spots"
P482661,The Essence,Augustinus Bader,Treatments,93,4.5,4,2564,Vegan|Good for: Dullness/Uneven Texture|Good for: Pores|Hydrating|Salicylic Acid|Cruelty-Free
P502235,The Daily Essential Duo The Cream,Augustinus Bader,Value & Gift Sets,305,4,3,2080,Best for Combination Skin|Good for: Loss of firmness|Plumping|Good for: Anti-Aging|Without Parabens
P504018,The Skin Renewal System,Augustinus Bader,Value & Gift Sets,185,5,2,2331,"Vegan|Good for: Redness|Hydrating|Good for: Anti-Aging|Good for: Dryness|Best for Dry, Combo, Normal Skin"
P460779,Skinlongevity Long Life Herb Anti-Aging Face Serum,bareMinerals,Treatments,65,4.4339,3727,7614,"Vegan|Good for: Dullness/Uneven Texture|Clean at Sephora|Good for: Anti-Aging|Best for Dry, Combo, Normal Skin|Niacinamide"
P438637,Bright Eyes Collagen-Infused Brightening Colloidal Silver Eye Masks,BeautyBio,Eye Care,40,4.0594,202,16264,Good for: Dullness/Uneven Texture|Good for: Loss of firmness|Clean at Sephora|Good for: Dark Circles|Collagen|Cruelty-Free
P455623,The ZenBubble Gel Cream,BeautyBio,Moisturizers,69,4.4063,192,5539,"Good for: Redness|Good for: Pores|Clean at Sephora|Good for: Acne/Blemishes|Best for Oily, Combo, Normal Skin|Cruelty-Free"
P472448,Glass & Gloss 2-Step Facial Retexturizing & Brightening Treatment,BeautyBio,Treatments,69,4.6354,181,4079,Good for: Dullness/Uneven Texture|Vitamin C|Hydrating|Clean at Sephora|Good for: Dryness
P477961,Get That Glow - GloPRO Facial Microneedling Discovery Set,BeautyBio,Value & Gift Sets,199,4.7229,166,5836,Good for: Anti-Aging|Good for: Pores|Good for: Dullness/Uneven Texture|Good for: Redness|Good for: Loss of firmness
P438643,The Balance pH Balancing Gel Cleanser,BeautyBio,Cleansers,39,4.4713,87,10844,Clean at Sephora|Good for: Acne/Blemishes|Good for: Dullness/Uneven Texture|Alcohol Free|Good for: Pores|Cruelty-Free
P438628,Contouring + De-Puffing Rose Quartz Roller,BeautyBio,Wellness,65,4.5833,84,18126,
P438635,The Pout Sparkling Rosé Hyaluronic Acid Collagen Plumping Lip Serum,BeautyBio,Lip Balms & Treatments,39,3.4268,82,15560,Clean at Sephora|Plumping|Volumizing|Hyaluronic Acid|Collagen|Cruelty-Free
P481060,The Eyelighter Concentrate,BeautyBio,Eye Care,58,4.6909,55,6812,Vegan|High Shine Finish|Vitamin C|Good for: Dark Circles|Clean at Sephora|Cruelty-Free
P438648,The Quench Quadralipid Rapid Recovery Facial Moisturizer,BeautyBio,Moisturizers,129,3.8462,39,5300,Clean at Sephora|Best for Dry Skin|Good for: Anti-Aging|Good for: Dullness/Uneven Texture|Good for: Loss of firmness|Cruelty-Free
P503562,GLOfacial Hydro-Infusion Pore Cleansing + Blue LED Clarifying Tool,BeautyBio,Value & Gift Sets,199,4.1212,33,7799,Good for: Pores|Plumping|Hydrating|Clean at Sephora|Good for: Acne/Blemishes|Cruelty-Free
P505145,ZenBubble Bi-Phase Toner Serum,BeautyBio,Cleansers,49,4.6667,24,372,Vegan|Good for: Redness|Plumping|Hydrating|Alcohol Free|Cruelty-Free
P467106,Cryo Skin Icing Dual-Ended Roller,BeautyBio,High Tech Tools,85,4.4762,21,5219,
P438642,GloPRO Prep Pads Clarifying Skin Cleansing Wipes with Peptides,BeautyBio,Cleansers,39,3.5556,18,4747,Clean at Sephora|Good for: Dullness/Uneven Texture
P443810,The Daily Vitamin C Day Serum with Antioxidant Complex,BeautyBio,Treatments,75,3.1176,17,2415,Clean at Sephora|Vitamin C|Good for: Dullness/Uneven Texture|Good for: Dark spots|Fragrance Free|Cruelty-Free
P438632,GloPRO BODY MicroTip Attachment Head,BeautyBio,High Tech Tools,49,4.0714,14,14832,
P463792,Rejuvenating Scalp + Fuller Hair Therapy Set,BeautyBio,Value & Gift Sets,249,3.5385,13,5810,
P443812,R45 The Lift 3-Phase Advanced Neck Contouring Treatment,BeautyBio,Treatments,85,3.1667,12,2668,
P463791,GloPRO SCALP MicroTip Attachment Head,BeautyBio,High Tech Tools,59,4.2727,11,4954,
P438629,The Radiance Brightening Vitamin E + Rosehip Seed Facial Oil,BeautyBio,Moisturizers,70,4.1818,11,4050,Clean at Sephora|Best for Dry Skin|Good for: Anti-Aging|Good for: Redness|Good for: Dryness|Cruelty-Free
P438640,The Nightly Retinol + Peptide Anti-Aging Serum,BeautyBio,Treatments,95,3.7,10,5003,Clean at Sephora|Retinol|Good for: Anti-Aging|Good for: Dullness/Uneven Texture|Cruelty-Free
P467107,GloPRO Cryo Skin Icing Attachments,BeautyBio,High Tech Tools,75,4.5,10,1960,
P438634,GloPRO FACE MicroTip Attachment Head,BeautyBio,High Tech Tools,39,3.6667,9,7926,
P438638,GloPRO EYE MicroTip Attachment Head,BeautyBio,High Tech Tools,39,2.5,8,4925,
P503552,GLOfacial Clarifying Salicylic & Plumping Hyaluronic Acid Concentrate,BeautyBio,Treatments,45,5,8,1715,Good for: Dullness/Uneven Texture|Hyaluronic Acid|Plumping|Hydrating|Salicylic Acid|Niacinamide
P438630,Contouring + De-Puffing Rose Quartz GloPRO Attachment Head,BeautyBio,High Tech Tools,49,4.1429,7,3334,
P503560,GLOfacial Antimicrobial Treatment Tips + Cleaning Brush Accessories,BeautyBio,High Tech Tools,30,5,7,1011,Good for: Pores|Plumping|Hydrating|Good for: Acne/Blemishes
P502237,Head-To-Toe AfterGLO Set,BeautyBio,Value & Gift Sets,199,4.3333,6,2634,Good for: Redness|Good for: Loss of firmness|Plumping|Good for: Anti-Aging|Without Parabens|Cruelty-Free
P483141,The Quench Eye Reviving Quadralipid Eye Balm,BeautyBio,Eye Care,99,4,5,1607,
P483089,Eye Want It All Face + Eye Microneedling Set,BeautyBio,Value & Gift Sets,249,3.5,2,1349,Good for: Dullness/Uneven Texture|Good for: Dark Circles|Good for: Loss of firmness|Good for: Anti-Aging
P500755,Cryo Skin Icing Roller + Bright Eyes Gels Set,BeautyBio,High Tech Tools,100,,,876,Good for: Loss of firmness|Good for: Pores|Plumping|Good for: Dark Circles|Collagen|Cruelty-Free
P394639,The True Cream Aqua Bomb,belif,Moisturizers,38,4.4841,7292,265050,
P394624,The True Cream Moisturizing Bomb,belif,Moisturizers,38,4.5631,4523,151868,
P422905,Moisturizing Eye Bomb with Squalane,belif,Eye Care,48,4.4641,2965,101158,
P475908,Aqua Bomb Overnight Lip Mask,belif,Lip Balms & Treatments,22,4.4068,1964,13764,"Radiant Finish|High Shine Finish|Best for Dry Skin|Hydrating|Best for Dry, Combo, Normal Skin"
P462336,Aqua Bomb Cleansing Balm,belif,Cleansers,38,4.4598,1331,14738,
P471535,Aqua Bomb Brightening Vitamin C Cream,belif,Moisturizers,45,4.4992,1242,19491,"Radiant Finish|Good for: Dullness/Uneven Texture|Hydrating|Good for: Dryness|Best for Oily, Combo, Normal Skin"
P449175,Aqua Bomb Hydrating Toner,belif,Cleansers,30,4.361,1050,24132,
P433443,Aqua Bomb Sleeping Mask,belif,Moisturizers,38,4.5147,985,47248,
P444057,Aqua Bomb Jelly Cleanser,belif,Cleansers,30,4.2943,683,17087,
P500019,The True Cream - Aqua Bomb Sunscreen Broad Spectrum SPF 50,belif,Sunscreen,38,4.5248,423,11146,
P435801,Aqua Bomb Mist,belif,Moisturizers,38,4.1042,48,12101,
P504888,Aqua Bomb Protect & Glow Travel Kit,belif,Value & Gift Sets,27,3.5,2,1088,"Good for: Dullness/Uneven Texture|Hydrating|Without Mineral Oil|Without Phthalates|Best for Dry, Combo, Normal Skin|SPF"
P504852,Aqua Bomb Everyday Hydration Set,belif,Value & Gift Sets,38,,,1736,"Good for: Dullness/Uneven Texture|Good for: Loss of firmness|Hydrating|Without Mineral Oil|Without Phthalates|Best for Oily, Combo, Normal Skin|Without Parabens"
P505031,The POREfessional Smooth Sip Lightweight Gel-Cream Moisturizer,Benefit Cosmetics,Moisturizers,44,4.5975,718,736,"Good for: Dullness/Uneven Texture|Good for: Pores|Good for: Dryness|Best for Oily, Combo, Normal Skin|Best for Dry, Combo, Normal Skin|Niacinamide"
P505023,The POREfessional Deep Retreat Pore-Clearing Clay Mask,Benefit Cosmetics,Masks,39,4.766,705,1773,Good for: Dullness/Uneven Texture|Good for: Pores
P505009,The POREfessional Tight ’n Toned Pore-Refining AHA+PHA Toner,Benefit Cosmetics,Cleansers,34,4.6464,676,629,Good for: Dullness/Uneven Texture|Good for: Pores
P505024,The POREfessional Get Unblocked Makeup-Removing Cleansing Oil,Benefit Cosmetics,Cleansers,39,4.6723,476,770,Good for: Dullness/Uneven Texture|Good for: Pores
P505054,The POREfessional Speedy Smooth Mask,Benefit Cosmetics,Masks,39,4.7134,471,1024,Good for: Dullness/Uneven Texture|Good for: Pores
P505020,The POREfessional Good Cleanup Foaming Cleanser,Benefit Cosmetics,Cleansers,29,4.6212,462,429,Good for: Dullness/Uneven Texture|Good for: Pores
P433887,Squalane + Omega Repair Deep Hydration Moisturizer,Biossance,Moisturizers,60,4.2101,2089,76514,"Vegan|Hyaluronic Acid|Clean + Planet Positive|Fragrance Free|Good for: Dryness|Best for Dry, Combo, Normal Skin"
P416563,Squalane + Vitamin C Rose Firming Oil,Biossance,Moisturizers,74,4.3483,1470,167407,"Vegan|Good for: Loss of firmness|Vitamin C|Clean + Planet Positive|Good for: Dryness|Best for Dry, Combo, Normal Skin"
P447210,Squalane + Marine Algae Firming & Lifting Eye Cream,Biossance,Eye Care,56,4.1436,1010,92333,Vegan|allure 2020 Best of Beauty Award Winner|Good for: Loss of firmness|Clean + Planet Positive|Good for: Anti-Aging|Fragrance Free
P453224,Squalane + 10% Lactic Acid Resurfacing Serum,Biossance,Treatments,65,4.3965,966,72034,"Vegan|Good for: Dullness/Uneven Texture|Good for: Pores|Clean + Planet Positive|AHA/Glycolic Acid|Best for Oily, Combo, Normal Skin"
P416561,Squalane + Probiotic Balancing Gel Moisturizer,Biossance,Moisturizers,54,4.0924,714,58788,Vegan|Good for: Redness|Hyaluronic Acid|Clean + Planet Positive|Fragrance Free|Good for: Dryness
P416562,Squalane + Peptide Brightening & De-Puffing Eye Gel,Biossance,Eye Care,56,3.6371,653,59273,Vegan|Hyaluronic Acid|Good for: Loss of firmness|Clean + Planet Positive|Good for: Dark Circles|Fragrance Free
P456410,Squalane + Zinc Sheer Mineral Sunscreen SPF 30 PA +++,Biossance,Sunscreen,34,3.8812,648,54584,Vegan|Clean + Planet Positive|Good for: Anti-Aging|Fragrance Free|Reef Safe SPF|Without Parabens
P416560,Squalane + Antioxidant Makeup Removing Cleansing Oil,Biossance,Cleansers,32,4.0203,639,51767,"Vegan|Clean + Planet Positive|Fragrance Free|Good for: Dryness|Best for Dry, Combo, Normal Skin|Cruelty-Free"
P467110,Squalane + 10% Vitamin C Dark Spot Serum,Biossance,Treatments,65,4.3465,635,44580,Vegan|Hyaluronic Acid|Vitamin C|Clean + Planet Positive|Fragrance Free|Good for: Dark spots
P471003,Squalane + BHA Pore-Minimizing Toner,Biossance,Cleansers,30,4.4309,608,52399,Vegan|Hyaluronic Acid|Good for: Pores|Clean + Planet Positive|AHA/Glycolic Acid|Alcohol Free
P474304,Squalane + Amino Aloe Gentle Pore-Minimizing Cleanser,Biossance,Cleansers,28,4.4072,528,39366,"Vegan|Good for: Pores|Clean + Planet Positive|Without Parabens|Best for Dry, Combo, Normal Skin|Cruelty-Free"
P479304,Squalane + Copper Peptide Rapid Plumping Serum,Biossance,Treatments,68,4.4721,519,47526,"Vegan|Hyaluronic Acid|Good for: Loss of firmness|Plumping|Clean + Planet Positive|Best for Dry, Combo, Normal Skin"
P416564,100% Sugarcane Squalane Oil,Biossance,Moisturizers,34,4.5336,476,69489,"Vegan|Clean + Planet Positive|Fragrance Free|Good for: Dryness|Best for Dry, Combo, Normal Skin|Cruelty-Free"
P503642,Squalane + Vitamin C Rose Brightening Moisturizer,Biossance,Moisturizers,56,4.4234,333,11500,Vegan|Best for Normal Skin|Vitamin C|Clean + Planet Positive|Good for: Anti-Aging|Good for: Dryness
P469439,Squalane+ Rose Vegan Lip Balm,Biossance,Lip Balms & Treatments,16,3.8809,277,29662,Hyaluronic Acid|Clean + Planet Positive|Plumping|Fragrance Free|Good for: Dryness|allure 2021: Clean Beauty Winner
P462829,Squalane + Elderberry Nourishing Jelly Cleanser,Biossance,Cleansers,28,3.6441,236,21228,"Vegan|Clean + Planet Positive|Good for: Dryness|Without Parabens|Best for Dry, Combo, Normal Skin|Cruelty-Free"
P501213,Squalane + Retinol Night Serum,Biossance,Treatments,72,4.4742,213,12007,"Vegan|Good for: Dullness/Uneven Texture|Clean + Planet Positive|Good for: Anti-Aging|Retinol|Best for Dry, Combo, Normal Skin"
P480278,Rapid Radiance Set,Biossance,Value & Gift Sets,35,4.1324,136,55347,"Vegan|Good for: Dullness/Uneven Texture|Clean + Planet Positive|Good for: Dryness|Without Parabens|Best for Dry, Combo, Normal Skin"
P429659,Squalane + Hyaluronic Toning Mist,Biossance,Moisturizers,32,4.2551,98,28719,"Vegan|Hyaluronic Acid|Clean + Planet Positive|Hydrating|Good for: Dryness|Best for Dry, Combo, Normal Skin"
P484033,Mini Squalane + Vitamin C Rose Firming Oil,Biossance,Moisturizers,40,4.15,40,22591,"Vegan|Good for: Loss of firmness|Vitamin C|Clean + Planet Positive|Good for: Dryness|Best for Dry, Combo, Normal Skin"
P480280,Mini Squalane + Omega Repair Deep Hydration Moisturizer,Biossance,Moisturizers,20,3.2333,30,14541,"Vegan|Hyaluronic Acid|Clean + Planet Positive|Fragrance Free|Good for: Dryness|Best for Dry, Combo, Normal Skin"
P480279,Radiantly Rose Duo Set,Biossance,Value & Gift Sets,25,3.7,10,10973,Hyaluronic Acid|Vitamin C|Clean at Sephora|Good for: Dryness|Without Parabens|Cruelty-Free
P503892,Instant Hydration Set,Biossance,Value & Gift Sets,74,3.6667,3,3629,"Vegan|allure 2020 Best of Beauty Award Winner|Hyaluronic Acid|Clean + Planet Positive|Good for: Dryness|Best for Dry, Combo, Normal Skin"
P270594,Vitamin Enriched Face Base Priming Moisturizer,Bobbi Brown,Moisturizers,66,4.6058,3440,171118,Hyaluronic Acid|Plumping|Vitamin C|Hydrating|Without Parabens|Gluten Free
P270544,Hydrating Eye Cream,Bobbi Brown,Eye Care,58,4.099,404,21441,Hydrating|Plumping
P462339,Vitamin Enriched Eye Base,Bobbi Brown,Eye Care,58,4.639,241,24532,Hydrating|Plumping|Good for: Dark Circles|Vitamin C|Hyaluronic Acid|Community Favorite
P270543,Hydrating Face Cream Moisturizer,Bobbi Brown,Moisturizers,66,4.2188,224,14373,Hydrating|Plumping|Without Sulfates SLS & SLES|Cream Formula|Without Parabens|Without Phthalates
P392648,Extra Illuminating Moisture Balm,Bobbi Brown,Moisturizers,74,3.3697,165,10298,Vegan|Hydrating|Plumping|Gluten Free|Without Parabens|Without Phthalates
P446518,Soothing Face Cleanser Oil,Bobbi Brown,Cleansers,53,4.4063,32,10137,Without Mineral Oil|Without Phthalates|Without Parabens|Gluten Free|Without Sulfates SLS & SLES
P468634,Vitamin Enriched Face Base Jumbo,Bobbi Brown,Moisturizers,99,4.84,25,17355,Hyaluronic Acid|Plumping|Vitamin C|Hydrating|Without Parabens|Gluten Free
P455332,Hydrating Water Fresh Cream Moisturizer,Bobbi Brown,Moisturizers,66,4.3333,18,3974,
P270600,Extra Eye Repair Cream Intense,Bobbi Brown,Eye Care,86,3.3636,11,12571,Hydrating|Plumping|Hyaluronic Acid|Good for: Dark Circles|Without Phthalates|Without Parabens
P504452,Mini Must Haves Skincare Set,Bobbi Brown,Mini Size,25,3.4286,7,4452,Natural Finish|Plumping|Hydrating
P395507,Extra Repair Moisture Cream,Bobbi Brown,Moisturizers,110,4.5,2,3331,Hydrating|Plumping|Hyaluronic Acid|Good for: Dryness|Vitamin C
P504288,Get Lit Skin and Mood Boosting Supplement,caliray,Wellness,48,4.5,24,789,"Good for: Dullness/Uneven Texture|Good for: Loss of firmness|Clean + Planet Positive|Good for: Anti-Aging|Good for: Dryness|Best for Dry, Combo, Normal Skin"
P481408,The Canopy Humidifier Starter Set,CANOPY,High Tech Tools,150,4.4412,68,7559,Good for: Redness|Refill Available|Good for: Dullness/Uneven Texture|Best for Oily Skin|Good for: Dryness
P481817,"Beauty Elixir Prep, Set, Glow Face Mist",Caudalie,Moisturizers,49,4.2396,3405,39840,"Vegan|Good for: Dullness/Uneven Texture|Good for: Pores|Clean + Planet Positive|Fresh Scent|Best for Oily, Combo, Normal Skin"
P94421,Vinoperfect Radiance Dark Spot Serum Vitamin C Alternative,Caudalie,Treatments,82,4.2442,2911,166423,Vegan|Good for: Dullness/Uneven Texture|Clean + Planet Positive|Oil Free|Good for: Dark spots
P472454,Vinosource-Hydra Moisturizing Sorbet,Caudalie,Moisturizers,38,4.2202,1962,9188,Vegan|Good for: Redness|Clean + Planet Positive|Hydrating|Without Mineral Oil|Without Silicones
P12045,Grape Water Moisturizing Face Mist,Caudalie,Moisturizers,12,4.4431,1686,140024,Good for: Redness|Best for Dry Skin|Clean + Planet Positive|Hydrating|Good for: Dryness
P474938,Vinopure Natural Salicylic Acid Pore Minimizing Serum,Caudalie,Treatments,52,4.3375,1360,31478,"Good for: Pores|Clean + Planet Positive|Fragrance Free|Good for: Acne/Blemishes|Salicylic Acid|Best for Oily, Combo, Normal Skin"
P395615,Pore Minimizing Instant Detox Mask,Caudalie,Masks,42,4.5015,1029,185939,"Vegan|Good for: Dullness/Uneven Texture|Clean + Planet Positive|Good for: Pores|Good for: Acne/Blemishes|Best for Oily, Combo, Normal Skin"
P474937,Vinopure Pore Purifying Gel Cleanser,Caudalie,Cleansers,30,4.4615,949,30905,"Vegan|Good for: Pores|Clean + Planet Positive|Fragrance Free|Good for: Acne/Blemishes|Best for Oily, Combo, Normal Skin"
P471226,Vinoperfect Instant Brightening Moisturizer with Niacinamide,Caudalie,Moisturizers,65,4.3969,703,19036,Vegan|Good for: Dullness/Uneven Texture|Clean + Planet Positive|Oil Free|Good for: Dark spots
P381020,Vinoclean Cleansing Micellar Water,Caudalie,Cleansers,30,4.009,664,41456,Clean + Planet Positive|Good for: Dryness
P420224,Vinoperfect Brightening Glycolic Essence,Caudalie,Moisturizers,59,4.2692,535,66634,Vegan|Good for: Dullness/Uneven Texture|Best for Dry Skin|Clean + Planet Positive|AHA/Glycolic Acid|Good for: Dark spots
P472453,Vinosource-Hydra SOS Intense Hydration Moisturizer,Caudalie,Moisturizers,45,4.0697,502,11425,Vegan|Best for Dry Skin|Clean + Planet Positive|Hydrating|Without Mineral Oil|Without Silicones
P474939,Vinopure Natural Salicylic Acid Pore Minimizing Toner,Caudalie,Cleansers,30,4.0414,459,21937,"Vegan|Good for: Pores|Clean + Planet Positive|Fragrance Free|Good for: Acne/Blemishes|Best for Oily, Combo, Normal Skin"
P468637,Vinoclean Makeup Removing Cleansing Oil,Caudalie,Cleansers,30,4.3098,439,15643,Vegan|Clean + Planet Positive|Without Mineral Oil|Good for: Dryness
P480285,Premier Cru Dark Circle Correcting Eye Cream,Caudalie,Eye Care,85,4.6139,404,29708,Vegan|Good for: Loss of firmness|Clean + Planet Positive|Good for: Dark Circles|Good for: Anti-Aging|Fragrance Free
P466114,Resveratrol Lift Instant Firming Retinol Alternative Serum,Caudalie,Treatments,84,4.5722,353,48739,Vegan|Hyaluronic Acid|Good for: Loss of firmness|Clean + Planet Positive|Good for: Dryness
P467750,Resveratrol Lift Retinol Alternative Firming Cashmere Moisturizer,Caudalie,Moisturizers,69,4.6567,335,24347,Vegan|Hyaluronic Acid|Good for: Loss of firmness|Clean + Planet Positive|Good for: Dryness
P480160,Premier Cru Anti Aging Cream Moisturizer with Hyaluronic Acid,Caudalie,Moisturizers,129,4.6379,243,20963,Vegan|Refill Available|Good for: Dullness/Uneven Texture|Good for: Loss of firmness|Clean + Planet Positive|Good for: Anti-Aging
P471227,Vinoperfect Brightening Glycolic Night Cream,Caudalie,Moisturizers,69,4.4667,240,14020,Vegan|Good for: Dullness/Uneven Texture|Clean + Planet Positive|AHA/Glycolic Acid|Good for: Dark spots
P6028,Gentle Buffing Cream,Caudalie,Cleansers,35,4.3051,236,8817,Clean + Planet Positive|Good for: Pores
P480284,Premier Cru Anti-Aging Serum with Niacinamide and Hyaluronic Acid,Caudalie,Treatments,139,4.75,212,12449,Vegan|Good for: Dullness/Uneven Texture|Good for: Loss of firmness|Clean + Planet Positive|Good for: Anti-Aging|Good for: Dark spots
P471009,Vinoperfect Brightening Glycolic Peel Mask,Caudalie,Masks,42,4.5365,192,19999,Vegan|Good for: Dullness/Uneven Texture|Clean + Planet Positive|AHA/Glycolic Acid|Good for: Dark spots
P472455,Vinosource-Hydra SOS Hydrating Hyaluronic Acid Serum,Caudalie,Treatments,52,4.6614,189,29046,Hydrating|Without Silicones|Oil Free|Vegan|Hyaluronic Acid|Clean + Planet Positive
P471541,Vinosource-Hydra Grape Water Gel Moisturizer,Caudalie,Moisturizers,45,4.2432,185,7757,"Vegan|Clean + Planet Positive|Hydrating|Without Mineral Oil|Best for Oily, Combo, Normal Skin|Without Silicones"
P468813,Vinoclean Moisturizing Toner with Rose Water,Caudalie,Cleansers,30,4.3352,176,14957,Vegan|Clean + Planet Positive|Good for: Dryness|Alcohol Free
P469444,Vinoclean Gentle Cleansing Almond Milk,Caudalie,Cleansers,30,4.3523,176,10000,Good for: Redness|Clean + Planet Positive|Hydrating|Good for: Dryness
P467748,Resveratrol Lift Firming Eye Gel-Cream,Caudalie,Eye Care,62,4.3333,174,20074,Vegan|Hyaluronic Acid|Good for: Loss of firmness|Clean + Planet Positive|Good for: Dryness
P503657,Premier Cru Skin Barrier Rich Moisturizer with Bio-Ceramides,Caudalie,Moisturizers,129,4.5665,173,12606,Vegan|Refill Available|Good for: Dullness/Uneven Texture|Clean + Planet Positive|Good for: Anti-Aging|Good for: Dark spots
P467749,Resveratrol Lift Retinol Alternative Firming Night Moisturizer,Caudalie,Moisturizers,72,4.407,172,13614,Vegan|Hyaluronic Acid|Good for: Loss of firmness|Clean + Planet Positive|Good for: Dryness
P472451,Vinosource-Hydra Moisturizing Mask,Caudalie,Masks,42,4.764,161,17013,Vegan|Best for Dry Skin|Clean + Planet Positive|Hydrating|Good for: Dryness|Without Silicones
P470007,Vinoclean Gentle Foam Cleanser,Caudalie,Cleansers,30,4.1753,154,11568,Vegan|Good for: Redness|Clean + Planet Positive|Hydrating|Good for: Dryness
P478239,Vinopure Purifying Clay Mask,Caudalie,Masks,42,4.6319,144,18954,Vegan|Best for Oily Skin|Clean + Planet Positive|Hydrating|Fragrance Free|Good for: Acne/Blemishes
P474936,Vinopure Oil-Control Moisturizer for Acne Prone Skin,Caudalie,Moisturizers,38,4.3885,139,15759,Vegan|Good for: Pores|Clean + Planet Positive|Hydrating|Fragrance Free|Good for: Acne/Blemishes
P500016,Deep Exfoliating Cleanser,Caudalie,Cleansers,38,4.6923,13,9182,Good for: Dullness/Uneven Texture|Radiant Finish|Vegan|Fresh Scent|Clean + Planet Positive
P503655,Mini Grape Water Moisturizing Face Mist,Caudalie,Moisturizers,12,4.125,8,9290,Good for: Redness|Best for Dry Skin|Clean + Planet Positive|Hydrating|Good for: Dryness
P504881,Vinoperfect  Brightening Solution Set,Caudalie,Value & Gift Sets,82,5,4,5361,Good for: Dullness/Uneven Texture|Clean + Planet Positive|AHA/Glycolic Acid|Good for: Dark spots|Niacinamide
P504848,Resveratrol-Lift Ultimate Firming Set,Caudalie,Value & Gift Sets,84,4.25,4,3970,Hyaluronic Acid|Good for: Loss of firmness|Clean + Planet Positive|Good for: Anti-Aging|Oil Free
P504850,Premier Cru Fine Lines and Wrinkles Anti-Aging Set,Caudalie,Value & Gift Sets,139,4,1,1926,Good for: Loss of firmness|Clean + Planet Positive|Good for: Anti-Aging|Good for: Dryness|Good for: Dark spots
P481366,Isle Glow Face Moisturizer SPF 45 with Sea Moss and Niacinamide,CAY SKIN,Sunscreen,34,4.2896,442,15371,Vegan|Hydrating|Clean at Sephora|SPF|Without Silicones|Niacinamide
P481367,Isle Lip Balm SPF 30 with Sea Moss and Aloe Stem Cells,CAY SKIN,Lip Balms & Treatments,14,4.0814,221,23148,Vegan|Clean at Sephora|UV Protection|SPF|Without Silicones|Cruelty-Free
P501587,Deepwater Nourishing Lip Mask with Sea Moss and Aloe Stem Cells,CAY SKIN,Lip Balms & Treatments,22,4.5818,55,7510,Recyclable Packaging|Good for: Dullness/Uneven Texture|Hydrating|Clean at Sephora|Without Silicones
P500399,Isle Glow Body Lotion SPF 45 with Sea Moss and Cocoa Seed Butter,CAY SKIN,Sunscreen,38,4.617,47,7565,Vegan|Clean at Sephora|Fragrance Free|UV Protection|SPF|Without Silicones
P500287,Isle Body Oil SPF 30 with Sea Moss and Squalane,CAY SKIN,Sunscreen,32,4.6,10,6848,Vegan|Hydrating|Clean at Sephora|UV Protection|SPF|Without Silicones
P433520,Magic Cream Moisturizer with Hyaluronic Acid,Charlotte Tilbury,Moisturizers,100,4.4045,3434,111513,Refill Available|Hyaluronic Acid|Best for Dry Skin|Good for: Anti-Aging|Good for: Dryness|Without Sulfates SLS & SLES
P458755,Charlotte’s Magic Serum with Vitamin C,Charlotte Tilbury,Treatments,85,4.1593,954,55157,"Good for: Loss of firmness|Vitamin C|Good for: Pores|Hydrating|Best for Dry, Combo, Normal Skin|Niacinamide"
P433521,Charlotte’s Magic Eye Cream with Retinol,Charlotte Tilbury,Eye Care,65,4.3539,842,31496,Refill Available|Vitamin C|Good for: Dark Circles|Retinol|Good for: Anti-Aging
P476843,Cryo-Recovery Depuffing Eye Serum,Charlotte Tilbury,Eye Care,70,4.3216,510,15008,Good for: Anti-Aging|Good for: Dark Circles|Good for: Dullness/Uneven Texture|Without Sulfates SLS & SLES|Cruelty-Free|Vegan
P435975,Mini Charlotte's Magic Cream,Charlotte Tilbury,Moisturizers,30,3.6585,246,62966,"Hyaluronic Acid|Good for: Dryness|Best for Dry, Combo, Normal Skin|Without Sulfates SLS & SLES"
P433519,Refillable Magic Night Moisturizer with Retinol,Charlotte Tilbury,Moisturizers,145,3.5492,122,12841,Refill Available|Good for: Dryness|Plumping|Good for: Loss of firmness|Best for Dry Skin|Retinol
P500753,Daily Glow Toner with Niacinamide,Charlotte Tilbury,Cleansers,55,4.381,84,7914,Vegan|Good for: Pores|Niacinamide|Cruelty-Free
P433522,Goddess Clay Mask,Charlotte Tilbury,Masks,58,4.3115,61,11636,
P446612,Instant Magic Facial Dry Sheet Mask,Charlotte Tilbury,Masks,25,3.4906,53,11527,
P459835,Mini Charlotte’s Magic Serum with Vitamin C,Charlotte Tilbury,Mini Size,30,3.175,40,38819,"Good for: Loss of firmness|Vitamin C|Good for: Pores|Hydrating|Best for Dry, Combo, Normal Skin|Niacinamide"
P433524,Multi-Miracle Glow Cleansing Balm,Charlotte Tilbury,Cleansers,60,4.1429,35,7612,
P476842,Cryo-Recovery Lifting Face Mask with Acupressure Technology,Charlotte Tilbury,High Tech Tools,55,2.8077,26,15090,Good for: Loss of firmness|Good for: Anti-Aging|Good for: Dark Circles|Vegan
P440505,Goddess Cleansing Ritual Duo,Charlotte Tilbury,Value & Gift Sets,46,4.4545,22,7741,
P500248,Collagen Superfusion Firming & Plumping Facial Oil,Charlotte Tilbury,Moisturizers,85,4.5833,12,12680,Good for: Loss of firmness|Plumping|Collagen|Without Parabens|Gluten Free|Cruelty-Free
P451728,Mini Goddess Clay Mask 15ml Travel Size,Charlotte Tilbury,Masks,16,3.0833,12,6446,
P451727,Mini Magic Night 15ml Travel Size,Charlotte Tilbury,Moisturizers,45,2.875,8,5165,
P500238,Mini Collagen Superfusion Firming & Plumping Facial Oil,Charlotte Tilbury,Mini Size,30,4.7143,7,13165,Good for: Loss of firmness|Plumping|Collagen|Without Parabens|Gluten Free|Cruelty-Free
P477812,Refillable Jumbo Magic Cream Moisturizer with Hyaluronic Acid,Charlotte Tilbury,Moisturizers,260,3.75,4,6696,Refill Available|Hyaluronic Acid|Good for: Anti-Aging|Good for: Dryness|Without Sulfates SLS & SLES
P421235,Double Serum Firming & Smoothing Anti-Aging Concentrate,Clarins,Treatments,90,4.2503,2605,59652,"Good for: Dullness/Uneven Texture|Good for: Loss of firmness|Without Mineral Oil|Good for: Anti-Aging|Best for Dry, Combo, Normal Skin|Without Sulfates SLS & SLES"
P475921,Double Serum Eye Firming & Hydrating Anti-Aging Concentrate,Clarins,Eye Care,82,4.2278,922,9415,Good for: Loss of firmness|Hydrating|Good for: Dark Circles|Good for: Anti-Aging|Good for: Dryness
P94812,One-Step Gentle Exfoliating Cleanser with Orange Extract,Clarins,Cleansers,39,4.6138,523,25054,Good for: Dullness/Uneven Texture|Good for: Pores|Without Mineral Oil|Without Parabens
P462666,Total Eye Lift Firming & Smoothing Anti-Aging Eye Cream,Clarins,Eye Care,90,4.5945,397,15015,Good for: Dark Circles|Without Mineral Oil|Good for: Anti-Aging|Without Parabens|Without Sulfates SLS & SLES
P475084,Extra-Firming Energy + Radiance Boosting Moisturizer,Clarins,Moisturizers,93,4.3415,205,1758,Good for: Dullness/Uneven Texture|Good for: Loss of firmness|Good for: Anti-Aging|Good for: Dryness|Without Parabens|Without Sulfates SLS & SLES
P456194,Extra-Firming + Smoothing Neck & Décolleté Moisturizer,Clarins,Moisturizers,96,4.6528,193,8236,
P408230,V-Facial Instant Depuffing Face Mask,Clarins,Masks,67,4.7547,159,26393,"Good for: Dullness/Uneven Texture|Good for: Loss of firmness|Without Phthalates|Without Parabens|Best for Dry, Combo, Normal Skin"
P379064,Lotus Balancing & Hydrating Natural Face Treatment Oil,Clarins,Moisturizers,65,4.4029,139,8723,
P392004,Blue Orchid Radiance & Hydrating Natural Face Treatment Oil,Clarins,Moisturizers,65,4.4184,98,10782,
P406941,Multi-Active Anti-Aging Day Moisturizer with SPF 20 for Glowing Skin,Clarins,Moisturizers,59,3.7467,75,5083,
P406942,Multi-Active Anti-Aging Night Moisturizer for Glowing Skin,Clarins,Moisturizers,62,4.2537,67,8646,"Good for: Dullness/Uneven Texture|Without Mineral Oil|Good for: Anti-Aging|Good for: Dryness|Best for Oily, Combo, Normal Skin|Without Parabens"
P483060,Lip Comfort Hydrating Oil,Clarins,Lip Balms & Treatments,28,4.3509,57,35345,Light Coverage|High Shine Finish|Plumping|Hydrating|Good for: Dryness
P392522,Santal Soothing & Hydrating Natural Face Treatment Oil,Clarins,Moisturizers,65,4.76,25,8559,
P430338,Extra-Firming & Smoothing Day Moisturizer with SPF 15,Clarins,Moisturizers,93,4.0417,24,5420,Good for: Loss of firmness|Without Mineral Oil|Good for: Anti-Aging|SPF|Without Sulfates SLS & SLES
P469449,Hydrating Gentle Foaming Cleanser with Aloe Vera,Clarins,Cleansers,30,3.3333,24,1562,Cream Formula|Best for Dry Skin|Without Mineral Oil|Without Parabens|Without Sulfates SLS & SLES
P405589,Multi-Active Anti-Aging Day Cream-Gel Moisturizer for Glowing Skin,Clarins,Moisturizers,59,3.7727,22,2459,
P469448,Purifying Gentle Foaming Cleanser with Salicylic Acid,Clarins,Cleansers,30,2.5294,17,1195,"Without Parabens|Best for Dry, Combo, Normal Skin|Without Silicones|Without Sulfates SLS & SLES"
P410657,Extra-Firming & Smoothing Face Mask,Clarins,Masks,79,4.25,16,4267,
P446111,V Shaping Facial Lift Depuff & Contour Serum with Hyaluronic Acid,Clarins,Treatments,90,3.5714,14,4239,Good for: Loss of firmness|Hydrating|Without Mineral Oil|Without Sulfates SLS & SLES
P467755,Hydrating Toner Lotion with Aloe Vera,Clarins,Cleansers,30,3.8462,13,3710,Best for Dry Skin|Without Parabens|Without Silicones|Without Sulfates SLS & SLES
P429504,Extra-Firming & Smoothing Night Moisturizer,Clarins,Moisturizers,98,4.25,8,5829,"Good for: Loss of firmness|Without Mineral Oil|Good for: Anti-Aging|Good for: Dryness|Best for Dry, Combo, Normal Skin|Without Sulfates SLS & SLES"
P467756,Soothing Toning Lotion with Chamomile,Clarins,Cleansers,30,3.375,8,1484,Good for: Redness|Best for Dry Skin
P409227,Multi-Active Anti-Aging Day Moisturizer for Glowing Skin,Clarins,Moisturizers,58,4.8571,7,1652,
P479946,Self Tanning Face & Body Tinted Gel,Clarins,Self Tanners,42,5,4,1606,"Natural Finish|Hydrating|Best for Oily, Combo, Normal Skin|Best for Dry, Combo, Normal Skin"
P467757,Total Cleansing Oil & Makeup Remover,Clarins,Cleansers,37,3.25,4,1143,"Without Mineral Oil|Without Parabens|Best for Dry, Combo, Normal Skin|Without Sulfates SLS & SLES"
P479947,Self Tanning Face & Body Milky Lotion,Clarins,Self Tanners,42,3.6667,3,732,"Natural Finish|Cream Formula|Hydrating|Best for Oily, Combo, Normal Skin|Best for Dry, Combo, Normal Skin"
P501566,Super Restorative Anti-Aging Day Moisturizer,Clarins,Moisturizers,132,4.6667,3,566,Good for: Dullness/Uneven Texture|Good for: Loss of firmness|Hydrating|Good for: Anti-Aging|Good for: Dryness
P475083,Skincare Essentials Kit,Clarins,Treatments,100,3,2,2986,Good for: Dullness/Uneven Texture|Good for: Loss of firmness|Good for: Dark Circles|Good for: Anti-Aging|Without Parabens|Without Sulfates SLS & SLES
P501585,Super Restorative Anti-Aging Night Moisturizer,Clarins,Moisturizers,140,5,2,595,Good for: Dullness/Uneven Texture|Good for: Loss of firmness|Hydrating|Good for: Anti-Aging|Good for: Dryness
P502608,Double Serum Face & Eye Power Duo,Clarins,Value & Gift Sets,99,,,3113,"Good for: Loss of firmness|Good for: Dark Circles|Hydrating|Good for: Anti-Aging|Good for: Dryness|Best for Dry, Combo, Normal Skin"
P504851,Double Serum Light Texture Firming & Smoothing Anti-Aging Concentrate,Clarins,Treatments,132,,,294,"Good for: Dullness/Uneven Texture|Good for: Loss of firmness|Without Mineral Oil|Good for: Anti-Aging|Good for: Dryness|Best for Oily, Combo, Normal Skin"
P505335,Hydra-Essentiel Silky Moisturizer with Double Dose Hyaluronic Acid,Clarins,Moisturizers,49,,,282,"Hyaluronic Acid|Plumping|Hydrating|Good for: Dryness|Best for Dry, Combo, Normal Skin"
P505385,Anti-Aging Skincare Essentials Set,Clarins,Value & Gift Sets,100,,,2,"Good for: Dullness/Uneven Texture|Good for: Loss of firmness|Good for: Dark Circles|Good for: Anti-Aging|Best for Dry, Combo, Normal Skin"
P126301,Take The Day Off Cleansing Balm Makeup Remover,CLINIQUE,Cleansers,38,4.5294,4375,185324,"Vegan|Community Favorite|Fragrance Free|allure 2021: Clean Beauty Winner|Best for Dry, Combo, Normal Skin|Without Sulfates SLS & SLES"
P453816,Mini Take The Day Off Cleansing Balm Makeup Remover,CLINIQUE,Mini Size,14,4.5294,4375,37388,"Vegan|Community Favorite|Fragrance Free|allure 2021: Clean Beauty Winner|Best for Dry, Combo, Normal Skin|Without Sulfates SLS & SLES"
P122900,Dramatically Different Moisturizing Gel,CLINIQUE,Moisturizers,32.5,4.4383,3977,95864,Best for Oily Skin|Without Phthalates|Fragrance Free|Oil Free|Without Parabens
P139000,All About Clean Liquid Facial Soap,CLINIQUE,Cleansers,23.5,4.3694,2206,57395,Oil Free|Fragrance Free|Without Parabens|Without Phthalates
P381030,Dramatically Different Moisturizing Lotion+,CLINIQUE,Moisturizers,32.5,3.9101,2124,92239,Hyaluronic Acid|Best for Dry Skin|Fragrance Free|Good for: Dryness|Without Parabens|Without Sulfates SLS & SLES
P479734,Smart Clinical Repair Wrinkle Correcting Eye Cream,CLINIQUE,Eye Care,57,4.24,2017,3109,Good for: Anti-Aging|Hyaluronic Acid|Fragrance Free|Without Parabens|Cream Formula|Hydrating
P500718,Smart Clinical Repair Wrinkle Correcting Cream,CLINIQUE,Moisturizers,68,4.178,1899,1237,Hyaluronic Acid|Hydrating|Good for: Anti-Aging|Fragrance Free|Oil Free|Without Parabens
P468351,Moisture Surge 100H Auto-Replenishing Hydrator Moisturizer,CLINIQUE,Moisturizers,82,4.2522,1729,38202,Hyaluronic Acid|Vitamin C|Good for: Dryness|Fragrance Free|Oil Free|Without Parabens
P473267,Smart Clinical Repair Wrinkle Correcting Serum,CLINIQUE,Treatments,71,4.194,1670,4293,Hyaluronic Acid|Good for: Anti-Aging|Retinol|Fragrance Free|Oil Free|Without Sulfates SLS & SLES
P122774,All About Eyes Eye Cream,CLINIQUE,Eye Care,37,4.0722,1635,32398,Good for: Dark Circles|Without Sulfates SLS & SLES|Fragrance Free|Without Parabens|Without Phthalates
P174502,All About Eyes Rich Eye Cream,CLINIQUE,Eye Care,37,4.1444,1614,68979,Good for: Dark Circles|Oil Free|Without Mineral Oil|Alcohol Free|Fragrance Free|Without Sulfates SLS & SLES
P122882,Clarifying Lotion 2,CLINIQUE,Cleansers,20,4.3815,1376,38875,
P122718,Exfoliating Face Scrub,CLINIQUE,Cleansers,26,4.6122,1194,40899,Best for Oily Skin|Good for: Dullness/Uneven Texture|Without Phthalates|Fragrance Free|Without Parabens
P385432,Acne Solutions Clinical Clearing Gel,CLINIQUE,Treatments,32,4.2234,1079,59548,Good for: Acne/Blemishes|Salicylic Acid|Oil Free|Gluten Free|Fragrance Free
P188309,Acne Solutions Cleansing Foam,CLINIQUE,Cleansers,23.5,4.1686,1038,43458,Good for: Acne/Blemishes|Salicylic Acid|Oil Free|Gluten Free|Fragrance Free|Without Sulfates SLS & SLES
P188307,Acne Solutions Clarifying Lotion,CLINIQUE,Cleansers,20,4.4042,1007,40683,Good for: Acne/Blemishes|Salicylic Acid|Oil Free|Gluten Free|Fragrance Free|Without Parabens
P403817,Pep-Start Eye Cream,CLINIQUE,Eye Care,32,3.6769,1006,47677,
P122881,Clarifying Lotion 3,CLINIQUE,Cleansers,20,4.3181,918,24326,
P257537,All About Eyes Serum De-Puffing Eye Massage,CLINIQUE,Eye Care,37,3.7691,905,24355,
P122762,Rinse-Off Foaming Cleanser,CLINIQUE,Cleansers,23.5,4.4933,821,17770,Hyaluronic Acid|Gluten Free|Oil Free|Fragrance Free|Without Sulfates SLS & SLES|Without Parabens
P122661,7 Day Face Scrub Cream Rinse-Off Formula,CLINIQUE,Cleansers,26,4.5321,810,16656,
P432241,Dramatically Different Hydrating Jelly,CLINIQUE,Moisturizers,45,3.8743,716,32096,
P188306,Acne Solutions All-Over Clearing Treatment Oil-Free,CLINIQUE,Treatments,26,4.0182,713,17157,
P201440,Redness Solutions with Probiotic Technology Daily Relief Cream,CLINIQUE,Moisturizers,56,4.0051,583,19437,Good for: Redness|Oil Free|Fragrance Free|Without Sulfates SLS & SLES|Without Parabens|Without Phthalates
P432242,Blackhead Solutions 7 Day Deep Pore Cleanse & Face Scrub,CLINIQUE,Cleansers,26.5,4.1125,569,24438,
P384821,Take The Day Off  Cleansing Oil Makeup Remover,CLINIQUE,Moisturizers,34.5,4.3309,550,29640,
P196542,City Block Sheer Oil-Free Daily Face Protector Broad Spectrum SPF 25 Primer,CLINIQUE,Sunscreen,30,4.1146,480,7325,
P377577,Moisture Surge Overnight Face Mask,CLINIQUE,Masks,40,4.4772,461,33104,
P196524,Acne Solutions Cleansing Bar For Face and Body,CLINIQUE,Cleansers,19.5,4.3638,459,17889,
P282920,Pore Refining Solutions Correcting Serum,CLINIQUE,Treatments,55,3.8603,408,9788,
P374841,Even Better Eyes Dark Circle Corrector,CLINIQUE,Eye Care,44,3.2428,383,15610,
P415773,Pep-Start Daily UV Protector Broad Spectrum SPF 50,CLINIQUE,Sunscreen,23,4.2521,365,19781,
P201439,Redness Solutions Soothing Cleanser,CLINIQUE,Cleansers,26.5,4.1672,287,9881,
P122727,Repairwear Anti-Gravity Eye Cream,CLINIQUE,Eye Care,54,4.1702,282,11912,
P244701,Acne Solutions Oil-Control Cleansing Mask,CLINIQUE,Masks,29,4.4769,281,18472,
P439643,Clinique iD Custom-Blend Hydrator Collection,CLINIQUE,Moisturizers,41,3.631,271,59756,allure 2019 Best of Beauty Award Winner|Without Parabens
P122782,Repairwear Intensive Lip Treatment,CLINIQUE,Lip Balms & Treatments,31.5,4.2963,270,15182,
P385631,"Great Skin, Great Deal Set for Combination Oily Skin",CLINIQUE,Value & Gift Sets,32.5,4.3321,268,39928,
P503747,Take The Day Off Charcoal Cleansing Balm Makeup Remover,CLINIQUE,Cleansers,38,4.5521,259,2618,Fragrance Free|Gluten Free|Without Sulfates SLS & SLES
P417984,Moisture Surge Hydrating Supercharged Concentrate,CLINIQUE,Moisturizers,44,4.0246,244,19480,
P232327,Broad Spectrum SPF 50 Sunscreen Face Cream,CLINIQUE,Sunscreen,30,3.9706,238,16286,
P122876,Clarifying Lotion 4,CLINIQUE,Cleansers,20,4.385,226,5508,
P122651,Clarifying Lotion 1,CLINIQUE,Cleansers,20,4.515,200,7569,
P432243,Blackhead Solutions Self-heating Blackhead Extractor,CLINIQUE,Cleansers,32,3.0859,198,33034,
P385632,"Great Skin, Great Deal Set for Dry Combination Skin",CLINIQUE,Value & Gift Sets,32.5,4.2143,182,29926,
P122767,All About Lips,CLINIQUE,Lip Balms & Treatments,28,4.0178,169,6581,
P398717,Dramatically Different Moisturizing Cream,CLINIQUE,Moisturizers,32.5,4.4085,164,8553,
P416824,Fresh Pressed Daily Booster with Pure Vitamin C 10%,CLINIQUE,Treatments,85,3.9299,157,23281,allure 2018 Best of Beauty Award Winner|Vitamin C
P377576,Repairwear Laser Focus Wrinkle Correcting Eye Cream,CLINIQUE,Eye Care,54,3.9067,150,9568,
P443383,Moisture Surge Eye 96-Hour Hydro-Filler Concentrate,CLINIQUE,Eye Care,37,3.338,142,11769,
P302900,Turnaround Revitalizing Serum,CLINIQUE,Treatments,53,4.3261,138,6909,
P392472,All About Clean Foaming Facial Soap,CLINIQUE,Cleansers,23.5,4.0254,118,5092,
P407040,Acne Solutions Acne + Line Correcting Serum,CLINIQUE,Treatments,52,4.1304,115,9778,
P393501,Acne Solutions Cleansing Gel,CLINIQUE,Treatments,23.5,3.8725,102,7215,
P463613,Moisture Surge Intense 72H Lipid-Replenishing Hydrator Moisturizer,CLINIQUE,Moisturizers,44,3.4688,96,6473,
P374115,Pore Refining Solutions Stay-Matte Hydrator,CLINIQUE,Moisturizers,44,4.0761,92,7842,
P455622,Even Better Clinical Radical Dark Spot Corrector + Interrupter Serum,CLINIQUE,Treatments,85,3.5824,91,22013,Good for: Dark spots|Vitamin C|Salicylic Acid|Fragrance Free|Without Phthalates|Without Parabens
P474940,Mini Even Better Clinical Radical Dark Spot Corrector + Interrupter Serum,CLINIQUE,Treatments,21,3.5824,91,1728,Good for: Dark spots|Vitamin C|Salicylic Acid|Fragrance Free|Without Phthalates|Without Parabens
P456991,Superdefense City Block Broad Spectrum SPF 50 Daily Energy + Face Protector Primer,CLINIQUE,Sunscreen,32,3.6932,88,5615,
P410101,Broad Spectrum SPF 50 Mineral Sunscreen Fluid for Face,CLINIQUE,Sunscreen,31,3.4405,84,8842,
P407381,Sun-Kissed Face Gelee Complexion Multitasker Bronzer,CLINIQUE,Self Tanners,34,4.2857,63,13842,
P468818,Mini Moisture Surge 100H Auto-Replenishing Hydrator Moisturizer,CLINIQUE,Mini Size,16,4.2182,55,8723,Good for: Dryness|Hyaluronic Acid|Fragrance Free|Vitamin C|Without Parabens|Oil Free
P448563,Clinique Smart Clinical MD Multi-Dimensional Age Transformer Revolumize,CLINIQUE,Moisturizers,74,3.3265,49,1423,
P409920,Clarifying Lotion 1.0 Twice A Day Exfoliator,CLINIQUE,Cleansers,32,3.6429,42,3470,
P309409,Repairwear Uplifting Firming Cream,CLINIQUE,Moisturizers,74,3.7143,42,2408,
P417323,Fresh Pressed Renewing Powder Cleanser with Pure Vitamin C,CLINIQUE,Cleansers,39,4.3684,38,5608,
P405286,Smart Broad Spectrum SPF 15 Custom-Repair Moisturizer for Dry Combination Skin,CLINIQUE,Moisturizers,64,4.3143,35,3174,
P439648,Clinique iD:  Moisturizer + Concentrate for Pores & Uneven Texture,CLINIQUE,Moisturizers,41,3.1538,26,904,allure 2019 Best of Beauty Award Winner|Without Parabens
P469451,All About Clean 2-in-1 Cleansing + Exfoliating Jelly,CLINIQUE,Cleansers,26.5,4.5652,23,4781,Good for: Pores|Good for: Dullness/Uneven Texture|Salicylic Acid|Fragrance Free|Without Parabens|Without Phthalates
P471011,Take The Day Off Cleansing Balm Makeup Remover Duo,CLINIQUE,Value & Gift Sets,48,4.7778,18,7837,Vegan|Without Phthalates|Fragrance Free|Without Parabens|Gluten Free|Without Sulfates SLS & SLES
P456992,Superdefense SPF 25 Fatigue + 1st Signs of Age Multi-Correcting Cream,CLINIQUE,Moisturizers,56,3.8824,17,3096,
P500771,Smart Clinical Repair Wrinkle Correcting Rich Cream,CLINIQUE,Moisturizers,68,4.4118,17,574,Hyaluronic Acid|Hydrating|Good for: Anti-Aging|Fragrance Free|Oil Free|Without Parabens
P448564,Clinique Smart Clinical MD Multi-Dimensional Age Transformer Resculpt,CLINIQUE,Moisturizers,74,3.6875,16,1410,
P376946,Repairwear Uplifting Firming Cream Broad Spectrum SPF 15,CLINIQUE,Moisturizers,72,3.4,15,1195,
P390987,Purifying Cleansing Brush Head Refill,CLINIQUE,High Tech Tools,32,4.5385,13,3095,
P448565,Clinique Smart Clinical MD Multi-Dimensional Age Transformer Duo Resculpt + Revolumize,CLINIQUE,Moisturizers,74,3,11,1968,
P474942,Refresh in 5,CLINIQUE,Value & Gift Sets,25,4.6667,9,12369,Hyaluronic Acid|Hydrating|Without Phthalates|Fragrance Free|Without Parabens
P467608,Smart Night Clinical MD Multi-Dimensional Repair Treatment Retinol Serum,CLINIQUE,Treatments,74,4.75,8,2689,
P469452,All About Clean 2-in-1 Charcoal Face Mask + Scrub,CLINIQUE,Masks,33,3.75,8,1746,Good for: Pores|Good for: Dullness/Uneven Texture|Without Phthalates|Without Parabens|Fragrance Free
P405825,Repairwear Laser Focus Line Smoothing Cream Broad Spectrum SPF 15 for Very Dry to Dry Combination Skin,CLINIQUE,Moisturizers,61,4.125,8,1535,
P439099,Clarifying Lotion 2,CLINIQUE,Cleansers,36,4.4286,7,545,
P405285,Smart Broad Spectrum SPF 15 Custom-Repair Moisturizer for Very Dry to Dry Skin,CLINIQUE,Moisturizers,64,4.5,6,1428,
P439098,Clarifying Lotion 3,CLINIQUE,Cleansers,36,4.1667,6,577,
P480289,Mini Acne Solutions Cleansing Foam,CLINIQUE,Cleansers,11,4,5,1874,Good for: Acne/Blemishes|Salicylic Acid|Oil Free|Gluten Free|Fragrance Free|Without Sulfates SLS & SLES
P481668,Clarifying Do-Over Peel,CLINIQUE,Treatments,35,3,5,1064,Good for: Pores|Good for: Dullness/Uneven Texture|AHA/Glycolic Acid|Fragrance Free|Without Parabens|Without Phthalates
P481062,"Clean Skin, Fresh Start Acne Solutions Kit",CLINIQUE,Value & Gift Sets,24.5,3,4,2441,Good for: Acne/Blemishes|Salicylic Acid|Fragrance Free|Without Parabens|Without Phthalates
P406656,Repairwear Laser Focus Line Smoothing Cream Broad Spectrum SPF 15 for Combination Oily to Oily Skin,CLINIQUE,Moisturizers,53,3.6667,3,690,
P474941,3 Step Intro Kit Type II,CLINIQUE,Value & Gift Sets,21,2,2,865,Best for Combination Skin|Best for Dry Skin|Hydrating|Without Phthalates|Fragrance Free|Without Parabens
P501164,Hydrate & Glow Skincare Set,CLINIQUE,Value & Gift Sets,42,,,2557,Hyaluronic Acid|Vitamin C|Hydrating|Without Phthalates|Good for: Dryness|Without Parabens
P504674,Even Better Brightening Moisturizer SPF 20,CLINIQUE,Moisturizers,59,,,313,Good for: Dullness/Uneven Texture|Hydrating|Without Phthalates|Without Parabens|SPF|Good for: Dark spots
P500098,Makeup Melting Balm Cleanser,Community Sixty-Six,Cleansers,16,3.4032,248,1308,"Vegan|Good for: Dullness/Uneven Texture|Clean at Sephora|Fragrance Free|Good for: Dryness|Best for Dry, Combo, Normal Skin"
P500114,Retinol Resurfacing Night Moisturizer,Community Sixty-Six,Moisturizers,35,4.0658,243,1442,Good for: Dullness/Uneven Texture|Clean at Sephora|Retinol|Good for: Anti-Aging|Fragrance Free
P500094,Hydrating Oil-Free Gel Moisturizer,Community Sixty-Six,Moisturizers,25,4.1245,241,1039,"Hyaluronic Acid|Hydrating|Clean at Sephora|Fragrance Free|Best for Dry, Combo, Normal Skin|Cruelty-Free"
P500113,Detoxifying AHA/BHA Gel Cleanser,Community Sixty-Six,Cleansers,16,4.0504,119,1205,Best for Oily Skin|Good for: Pores|Clean at Sephora|Fragrance Free|Good for: Acne/Blemishes|Cruelty-Free
P500109,Hydrating Caffeine Eye Cream,Community Sixty-Six,Eye Care,18,4.1379,116,3298,Good for: Loss of firmness|Good for: Dark Circles|Clean at Sephora|Good for: Anti-Aging|Fragrance Free|Cruelty-Free
P500096,Oil Control Moisturizer with Niacinamide,Community Sixty-Six,Moisturizers,25,3.75,20,1550,Best for Oily Skin|Clean at Sephora|Fragrance Free|Good for: Acne/Blemishes|Niacinamide|Cruelty-Free
P500106,Everyday Mineral Moisturizer SPF 30 Sunscreen,Community Sixty-Six,Moisturizers,30,4,13,1733,"Clean at Sephora|Good for: Anti-Aging|Fragrance Free|Reef Safe SPF|Best for Dry, Combo, Normal Skin|Cruelty-Free"
P500120,Nourishing Rich Moisturizer with Hyaluronic Acid,Community Sixty-Six,Moisturizers,25,3.5,10,867,Hyaluronic Acid|Best for Dry Skin|Clean at Sephora|Good for: Anti-Aging|Fragrance Free|Cruelty-Free
P500116,Hydrating Cream Cleanser with Hyaluronic Acid,Community Sixty-Six,Cleansers,16,4.75,8,1413,Best for Combination Skin|Good for: Dullness/Uneven Texture|Hydrating|Clean at Sephora|Fragrance Free|Cruelty-Free
P429516,Full Spectrum 360° Sun Silk Drops Organic Sunscreen SPF 30,COOLA,Sunscreen,48,4.4205,799,41546,Hyaluronic Acid|Liquid Formula|Community Favorite|Clean at Sephora|Hydrating|SPF
P396623,Makeup Setting Spray Organic Sunscreen SPF 30,COOLA,Sunscreen,36,3.3066,623,34125,"Hyaluronic Acid|Clean at Sephora|Matte Finish|Best for Oily, Combo, Normal Skin|Reef Safe SPF|SPF"
P468640,Full Spectrum 360º Refreshing Water Cream Organic Face Sunscreen SPF 50,COOLA,Sunscreen,48,4.5805,267,6587,"Hyaluronic Acid|Hydrating|Clean at Sephora|Good for: Dryness|Best for Oily, Combo, Normal Skin|SPF"
P418221,Organic Sunless Tan Anti-Aging Face Serum,COOLA,Self Tanners,54,3.9744,156,16938,Clean at Sephora|Hydrating|Hyaluronic Acid|Reef Safe SPF|Good for: Anti-Aging
P455618,Full Spectrum 360° Refreshing Water Mist Organic Face Sunscreen SPF 18,COOLA,Sunscreen,36,4.3636,99,11030,Natural Finish|Liquid Formula|Clean at Sephora|Hydrating|Alcohol Free|SPF
P395723,Classic Body Organic Sunscreen Spray SPF 50 Fragrance-Free,COOLA,Sunscreen,28,4.3636,77,12498,Liquid Formula|Clean at Sephora|Hydrating|Reef Safe SPF|SPF
P455341,Classic Body Organic Sunscreen Spray SPF 70 Peach Blossom,COOLA,Sunscreen,28,4.2692,52,8003,Liquid Formula|Clean at Sephora|Hydrating|Reef Safe SPF|SPF
P452002,Classic Face Sunscreen SPF 50 White Tea,COOLA,Sunscreen,32,3.9149,47,6396,Natural Finish|Clean at Sephora|Hydrating|UV Protection|SPF
P441645,Sunless Tan Firming Lotion,COOLA,Self Tanners,46,4.25,40,8889,"allure 2020 Best of Beauty Award Winner|Clean at Sephora|Hydrating|Reef Safe SPF|Best for Dry, Combo, Normal Skin"
P442267,Sunless Tan Express Sculpting Mousse,COOLA,Self Tanners,48,4,27,3650,"Best for Dry, Combo, Normal Skin|Good for: Dullness/Uneven Texture|Clean at Sephora"
P429508,Sunless Tan Dry Body Oil Mist,COOLA,Self Tanners,46,4.3478,23,2101,
P483057,COOLA Organic Liplux Classic Sunscreen Lip Oil SPF 30,COOLA,Lip Balms & Treatments,18,2.4211,19,6293,
P482259,Dew Good Illuminating Serum SPF 30,COOLA,Sunscreen,48,4.5556,9,5254,
P483078,COOLA Scalp & Hair Mist Organic Sunscreen SPF 30,COOLA,Sunscreen,28,3.2857,7,4752,Clean at Sephora|SPF
P482258,Mineral Face Sunscreen Sheer Matte SPF 30,COOLA,Sunscreen,36,3.5,6,1237,
P482256,Classic Face Organic Sunscreen Lotion SPF 30,COOLA,Sunscreen,32,3.6667,6,826,
P500880,Classic Face Organic Sunscreen Lotion SPF 50,COOLA,Sunscreen,32,5,4,2772,
P504987,Refreshing Water Sunscreen Stick SPF 50,COOLA,Sunscreen,30,5,2,2419,Hyaluronic Acid|Clean at Sephora|Hydrating|SPF|Niacinamide|Cruelty-Free
P472021,Mochi Mochi Luminous Plumping & Hydrating Moisturizer,DAMDAM,Moisturizers,48,4.6687,335,14376,Vegan|Clean at Sephora|Good for: Anti-Aging|Fragrance Free|Good for: Dryness|Alcohol Free
P472023,Nomad’s Cream Purifying & Exfoliating AHA Cleanser,DAMDAM,Cleansers,38,4.7929,198,3446,Good for: Dullness/Uneven Texture|Good for: Pores|Clean at Sephora|Fragrance Free|Alcohol Free|Cruelty-Free
P472025,Silk Rice Makeup-Removing Cleansing Oil,DAMDAM,Cleansers,46,4.7602,196,6564,Vegan|Good for: Pores|Clean at Sephora|Fragrance Free|Good for: Dryness|Cruelty-Free
P482260,Rice Drops Face Oil Hydrating Serum,DAMDAM,Moisturizers,68,4.8548,186,2203,"Good for: Dullness/Uneven Texture|Good for: Pores|Good for: Anti-Aging|Fragrance Free|Best for Dry, Combo, Normal Skin"
P504988,Snow Mushroom Pore Cleanser with Exfoliating Glove,DAMDAM,Cleansers,47,4.7037,108,606,"Good for: Dullness/Uneven Texture|Good for: Pores|Clean + Planet Positive|Hydrating|Good for: Acne/Blemishes|Best for Oily, Combo, Normal Skin"
P472024,Skin Mud Pure Vitamin C Brightening Mask,DAMDAM,Masks,48,4.7419,62,2472,Good for: Dullness/Uneven Texture|Good for: Loss of firmness|Good for: Pores|Vitamin C|Clean at Sephora|Fragrance Free
P472022,Paradisi Hydrating Essence Mist,DAMDAM,Moisturizers,48,4.5,40,1300,Vegan|Good for: Dullness/Uneven Texture|Clean at Sephora|AHA/Glycolic Acid|Fragrance Free|Cruelty-Free
P481342,Cleansing & Hydrating Bestseller Set Bento Box,DAMDAM,Value & Gift Sets,42,5,2,2206,Vegan|Good for: Dullness/Uneven Texture|Good for: Loss of firmness|Good for: Pores|Clean at Sephora|Fragrance Free
P469454,Beauty Oil with Gold Leaf,Danessa Myricks Beauty,Moisturizers,30,4.6269,67,10153,"Vegan|Radiant Finish|Hydrating|Best for Oily, Combo, Normal Skin|Black Owned at Sephora|Cruelty-Free"
P448181,DERMAPORE Ultrasonic Pore Extractor & Serum Infuser,DERMAFLASH,High Tech Tools,99,3.6157,281,51300,"Good for: Pores|Good for: Dryness|Good for: Acne/Blemishes|Best for Dry, Combo, Normal Skin"
P429043,LUXE+ Advanced Sonic Dermaplaning + Peach Fuzz Removal,DERMAFLASH,High Tech Tools,199,3.9735,189,37545,Vegan|Without Parabens|Cruelty-Free
P473268,MINI Precision Peach Fuzz Removal Device,DERMAFLASH,Mini Size,69,4.0769,26,8046,
P430809,THE ESSENTIALS Sonic Dermaplaning Refill Kit,DERMAFLASH,Value & Gift Sets,87,4.3125,16,8018,Vegan|Without Parabens|Cruelty-Free
P473269,Precision MINI Edges 8-Pack Refill,DERMAFLASH,High Tech Tools,29,,,1352,Refill Available
P443352,Mini Daily Microfoliant Exfoliator,Dermalogica,Mini Size,18,4.696,4598,110141,"Vegan|Good for: Dullness/Uneven Texture|allure 2019 Best of Beauty Award Winner|Salicylic Acid|Best for Oily, Combo, Normal Skin"
P423688,Daily Microfoliant Exfoliator,Dermalogica,Cleansers,65,4.696,4598,95311,"Vegan|Good for: Dullness/Uneven Texture|allure 2019 Best of Beauty Award Winner|Salicylic Acid|Best for Oily, Combo, Normal Skin|Cruelty-Free"
P423148,Precleanse Cleansing Oil,Dermalogica,Cleansers,49,4.5435,1229,49959,"Best for Oily, Combo, Normal Skin|Good for: Pores|Good for: Acne/Blemishes|Without Parabens|Cruelty-Free|Vegan"
P443350,Mini Precleanse Cleansing Oil,Dermalogica,Mini Size,15,4.5435,1229,20995,"Best for Oily, Combo, Normal Skin|Good for: Pores|Good for: Acne/Blemishes|Without Parabens|Cruelty-Free|Vegan"
P453930,Biolumin-C Vitamin C Eye Serum,Dermalogica,Eye Care,74,4.5228,945,26613,Good for: Dark Circles|Good for: Anti-Aging|Good for: Loss of firmness|Vitamin C|Cruelty-Free|Vegan
P423136,Special Cleansing Gel,Dermalogica,Cleansers,42,4.5196,716,34428,"Best for Oily, Combo, Normal Skin|Good for: Pores|Without Sulfates SLS & SLES|Without Parabens|Cruelty-Free|Vegan"
P443700,Mini Special Cleansing Gel,Dermalogica,Mini Size,13,4.5196,716,16436,"Best for Oily, Combo, Normal Skin|Good for: Pores|Without Sulfates SLS & SLES|Without Parabens|Cruelty-Free|Vegan"
P443370,BioLumin-C Vitamin C Serum,Dermalogica,Treatments,95,4.5714,616,21673,Vegan|Good for: Loss of firmness|Vitamin C|Good for: Dark Circles|Good for: Anti-Aging|Cruelty-Free
P500240,Daily Milkfoliant Exfoliator,Dermalogica,Cleansers,65,4.7943,559,9681,Vegan|allure 2022 Best of Beauty Award Winner|Good for: Redness|Good for: Dullness/Uneven Texture|Hyaluronic Acid|AHA/Glycolic Acid
P445832,Acne Clearing Skin Wash Cleanser,Dermalogica,Cleansers,42,4.6303,541,15540,"Salicylic Acid|Good for: Acne/Blemishes|Good for: Pores|Best for Oily, Combo, Normal Skin|Without Sulfates SLS & SLES|Without Mineral Oil"
P443359,Skin Smoothing Cream Moisturizer,Dermalogica,Moisturizers,74,4.6055,474,12290,Vegan|Hyaluronic Acid|Good for: Dark Circles|Good for: Dryness|Without Sulfates SLS & SLES|Cruelty-Free
P423142,Active Moist Moisturizer,Dermalogica,Moisturizers,74,4.6028,428,14546,Best for Oily Skin|Good for: Dryness|Hyaluronic Acid|Without Sulfates SLS & SLES|Cruelty-Free|Vegan
P460624,Discover Healthy Skin Kit,Dermalogica,Value & Gift Sets,39.5,4.6265,415,21230,Vegan|Good for: Dullness/Uneven Texture|Good for: Dark Circles|Without Parabens|Without Sulfates SLS & SLES|Cruelty-Free
P423130,MultiVitamin Power Recovery Mask,Dermalogica,Masks,65,4.3667,390,37767,Vegan|Good for: Dullness/Uneven Texture|Good for: Loss of firmness|Lactic Acid|Good for: Dark Circles|Cruelty-Free
P456582,Invisible Physical Defense Mineral Sunscreen SPF30,Dermalogica,Sunscreen,48,4.3731,386,10706,"allure 2020 Best of Beauty Award Winner|Good for: Redness|Best for Oily, Combo, Normal Skin|Reef Safe SPF|SPF|Cruelty-Free"
P481697,Circular Hydration Serum with Hyaluronic Acid,Dermalogica,Treatments,64,4.7688,372,8306,"Good for: Dryness|Hyaluronic Acid|Best for Dry, Combo, Normal Skin|Hydrating|Lactic Acid|Without Silicones"
P474822,Daily Glycolic Cleanser,Dermalogica,Cleansers,37,4.7843,357,17736,Good for: Pores|Good for: Dullness/Uneven Texture|AHA/Glycolic Acid|Without Sulfates SLS & SLES|Vegan
P472810,Smart Response Serum,Dermalogica,Treatments,145,4.7825,354,4851,Vegan|Good for: Redness|Good for: Dullness/Uneven Texture|Good for: Anti-Aging|Good for: Dryness|Cruelty-Free
P503814,Dynamic Skin Retinol Serum,Dermalogica,Treatments,92,4.8081,344,3898,Vegan|Good for: Dullness/Uneven Texture|Good for: Pores|Retinol|Good for: Anti-Aging|Good for: Dark spots
P445833,AGE Bright Clearing Serum,Dermalogica,Treatments,75,4.3528,343,9307,"Best for Oily, Combo, Normal Skin|Good for: Acne/Blemishes|Good for: Dullness/Uneven Texture|Niacinamide|Cruelty-Free|Vegan"
P462344,Hydro Masque Exfoliant,Dermalogica,Cleansers,64,4.4406,320,6698,
P423150,Multi-Active Toner,Dermalogica,Cleansers,43,4.3987,316,16363,
P443351,Mini Multi-Active Toner,Dermalogica,Mini Size,13,4.3987,316,14201,
P467111,Retinol Acne Clearing Oil,Dermalogica,Moisturizers,86,4.3981,314,4762,
P423123,Daily Superfoliant Exfoliator,Dermalogica,Cleansers,65,4.5631,309,10658,
P469118,Melting Moisture Mask,Dermalogica,Masks,69,4.6879,298,4950,Vegan|Vitamin C|Good for: Dryness|Without Parabens|Without Sulfates SLS & SLES|Cruelty-Free
P479692,Awaken Peptide Depuffing Eye Gel,Dermalogica,Eye Care,59,4.7033,273,8685,Good for: Loss of firmness|Good for: Anti-Aging|Good for: Dryness|Best for Dry Skin|Lactic Acid|Oil Free
P475086,BioLumin-C Vitamin-C Gel Moisturizer,Dermalogica,Moisturizers,69,4.6384,271,6836,Vegan|Hyaluronic Acid|Good for: Dullness/Uneven Texture|Without Sulfates SLS & SLES|Vitamin C
P502326,Dynamic Skin Recovery SPF50 Moisturizer,Dermalogica,Sunscreen,79,4.8189,265,5274,"Good for: Dullness/Uneven Texture|Vitamin C|Hydrating|Good for: Anti-Aging|Best for Dry, Combo, Normal Skin|Cruelty-Free"
P423135,Super Rich Repair Moisturizer,Dermalogica,Moisturizers,94,4.6593,226,7054,Vegan|Hyaluronic Acid|Best for Dry Skin|Good for: Loss of firmness|Good for: Anti-Aging|Good for: Dryness
P428240,Calm Water Gel Moisturizer,Dermalogica,Moisturizers,55,4.3562,219,8686,
P423134,MultiVitamin Power Firm Eye Cream,Dermalogica,Eye Care,69,4.1724,203,8383,Good for: Dark Circles|Good for: Loss of firmness|Vitamin C|Without Sulfates SLS & SLES|Cruelty-Free|Vegan
P423127,Ultracalming Cleanser,Dermalogica,Cleansers,42,4.4523,199,11814,
P505139,Phyto Nature Oxygen Cream,Dermalogica,Moisturizers,125,4.8646,192,274,"Vegan|Hyaluronic Acid|Good for: Loss of firmness|Good for: Anti-Aging|Good for: Dryness|Best for Dry, Combo, Normal Skin"
P443369,Sound Sleep Cocoon Night Gel-Cream,Dermalogica,Treatments,89,4.1823,181,7619,Vegan|Good for: Dark Circles|Good for: Dryness|Without Parabens|Without Sulfates SLS & SLES|Cruelty-Free
P423125,Ultracalming Serum Concentrate,Dermalogica,Treatments,66,4.3077,156,7347,
P443358,Intensive Moisture Balance Moisturizer,Dermalogica,Moisturizers,47,4.4667,150,10341,Best for Dry Skin|Lactic Acid|Hyaluronic Acid|Without Sulfates SLS & SLES|Cruelty-Free|Vegan
P449177,AGE Smart Phyto-Nature Firming Serum,Dermalogica,Treatments,155,4.3311,148,2823,
P443366,Prisma Protect SPF 30 Moisturizer,Dermalogica,Moisturizers,69,4.3571,140,6322,
P446638,Power Cleanse Duo,Dermalogica,Value & Gift Sets,19,4.5752,113,23348,
P423143,Stress Positive Eye Lift Mask,Dermalogica,Eye Care,74,4.1667,36,8944,
P503820,Daily Brightness Boosters Kit,Dermalogica,Value & Gift Sets,49.5,4.8333,30,1723,Hyaluronic Acid|Good for: Dullness/Uneven Texture|Lactic Acid|Vitamin C|Good for: Anti-Aging|AHA/Glycolic Acid
P423690,Skin Resurfacing Lactic Acid Cleanser,Dermalogica,Cleansers,48,4.1071,28,6435,
P456569,Active Clay Prebiotic Cleanser,Dermalogica,Cleansers,42,4.6087,23,6366,
P423145,Age Reversal Eye Complex,Dermalogica,Eye Care,79,3.7273,22,4351,
P467112,Daily Microfoliant Exfoliator Refill Pack,Dermalogica,Cleansers,56,4.8824,17,8312,"Vegan|Refill Available|Good for: Dullness/Uneven Texture|allure 2019 Best of Beauty Award Winner|Salicylic Acid|Best for Oily, Combo, Normal Skin"
P445822,Intensive Moisture Cleanser,Dermalogica,Cleansers,42,4,11,2582,
P455915,Mini MultiVitamin Power Recovery Mask,Dermalogica,Mini Size,16.5,5,2,0,Good for: Dark Circles|Good for: Loss of firmness|Good for: Dullness/Uneven Texture|Lactic Acid|Cruelty-Free|Vegan
P415619,Dreamskin Skin Perfector,Dior,Moisturizers,130,4.3384,1457,40209,Good for: Pores|Good for: Dark spots|Good for: Dullness/Uneven Texture|Niacinamide|Refill Available
P472028,Capture Totale Super Potent Eye Serum,Dior,Eye Care,85,4.3831,1091,8533,
P467945,Capture Totale Super Potent Rich Cream,Dior,Moisturizers,130,4.5457,678,2700,Best for Dry Skin|Good for: Anti-Aging|Good for: Loss of firmness|Without Sulfates SLS & SLES
P454806,Capture Totale Firming & Wrinkle-Correcting Cream,Dior,Moisturizers,130,4.5168,654,7071,Good for: Anti-Aging|Good for: Dullness/Uneven Texture|Good for: Loss of firmness|Without Sulfates SLS & SLES|Without Parabens
P480162,Cica Recover & Repair Multi-Use Balm,Dior,Moisturizers,60,4.6416,611,3512,Hyaluronic Acid|Cream Formula|Hydrating|Good for: Dryness|Fragrance Free|Without Parabens
P481972,La Mousse OFF/ON Foaming Face Cleanser,Dior,Cleansers,50,4.4232,560,9400,Cream Formula|Without Sulfates SLS & SLES|Without Parabens|Alcohol Free|Hydrating
P503999,Capture Totale Le Sérum Anti-Aging Serum,Dior,Treatments,100,4.4527,497,2435,Hyaluronic Acid|Good for: Dullness/Uneven Texture|Good for: Loss of firmness|Plumping|Hydrating|Good for: Anti-Aging
P428255,Capture Youth Serum Collection,Dior,Treatments,110,4.2434,152,47079,Good for: Dullness/Uneven Texture|Good for: Dark spots|Vitamin C|AHA/Glycolic Acid|Without Sulfates SLS & SLES|Without Parabens
P427729,Capture Youth Age-Delay Advanced Crème,Dior,Moisturizers,110,3.9219,64,7745,Good for: Anti-Aging|Good for: Dullness/Uneven Texture|Without Sulfates SLS & SLES|Without Parabens|Without Phthalates
P423264,One Essential Skin Boosting Super Serum,Dior,Treatments,110,4.3889,54,8855,"Good for: Dullness/Uneven Texture|Best for Dry, Combo, Normal Skin|Without Sulfates SLS & SLES|Without Parabens|Without Phthalates"
P375354,Capture Totale Intensive Night Restorative Crème,Dior,Moisturizers,175,4.4545,44,4799,Good for: Anti-Aging|Good for: Dark spots|Good for: Loss of firmness|Without Parabens
P416728,Dreamskin Skin Perfector Refill,Dior,Treatments,102,4.5714,35,9535,Refill Available|Good for: Dullness/Uneven Texture|Good for: Pores|Good for: Dark spots|Without Sulfates SLS & SLES|Niacinamide
P417604,Hydra Life Deep Hydration Sorbet Water Essence,Dior,Treatments,80,4.3438,32,5499,
P429676,Hydra Life Cooling Hydration Sorbet Eye Gel,Dior,Eye Care,60,3.3226,31,6630,
P480600,Rouge Dior Lip Balm,Dior,Lip Balms & Treatments,45,3.4,30,15332,Light Coverage|Hydrating
P440923,Capture Youth Age-Delay Advanced Eye Treatment,Dior,Eye Care,75,3.4667,30,4285,
P408542,One Essential Eye Serum,Dior,Eye Care,72,4.3333,27,5908,
P454807,Capture Totale Firming & Wrinkle-Correcting Eye Cream,Dior,Eye Care,80,4.3889,18,6539,Good for: Anti-Aging|Good for: Dark Circles|Good for: Loss of firmness|Without Sulfates SLS & SLES|Without Parabens
P427731,Capture Youth Glow Booster Age-Delay Illuminating Serum,Dior,Treatments,110,4.6667,15,0,Good for: Dullness/Uneven Texture|Good for: Dark spots|Vitamin C|AHA/Glycolic Acid|Without Sulfates SLS & SLES|Without Parabens
P429675,Hydra Life Balancing Hydration 2 in 1 Sorbet Water,Dior,Moisturizers,45,3.7692,13,2966,
P427732,Capture Youth Plump Filler Age-Delay Plumping Serum,Dior,Treatments,110,4,13,0,Good for: Loss of firmness|Good for: Anti-Aging|Hyaluronic Acid|Without Sulfates SLS & SLES|Without Parabens|Without Phthalates
P476432,Capture Totale Super Potent Cleanser,Dior,Cleansers,65,4.4545,11,2344,Good for: Pores|Good for: Dullness/Uneven Texture|Without Parabens
P444987,Capture Youth Age-Delay Progressive Peeling Crème,Dior,Treatments,110,4.4286,7,2275,
P481970,Hydra Life Fresh Sorbet Crème Moisturizer,Dior,Moisturizers,85,3.5,6,1208,"Cream Formula|Hydrating|Best for Dry, Combo, Normal Skin"
P440922,Capture Youth Intense Rescue Age-Delay Revitalizing Oil-Serum,Dior,Treatments,110,3.4,5,0,Best for Oily Skin|Good for: Pores|Lactic Acid|Without Sulfates SLS & SLES|Without Parabens|Without Phthalates
P481971,Hydra Life Intense Sorbet Crème Moisturizer,Dior,Moisturizers,85,5,3,2201,Cream Formula|Hydrating|Best for Dry Skin|Good for: Dryness|Hyaluronic Acid
P481077,Capture Totale Intensive Essence Lotion,Dior,Moisturizers,80,4,3,2108,Liquid Formula|Hydrating|Hyaluronic Acid|Good for: Dullness/Uneven Texture|Plumping|Without Parabens
P504053,Capture Dreamskin 1-Minute Mask,Dior,Masks,80,5,2,993,Good for: Dullness/Uneven Texture|Good for: Pores|AHA/Glycolic Acid
P505332,Dior Skin Mattifying Papers,Dior,Cleansers,35,5,1,1294,"Matte Finish|Best for Oily, Combo, Normal Skin"
P447212,Hyaluronic Serum,Dr. Barbara Sturm,Treatments,320,3.9386,879,7257,Good for: Dark Circles|Good for: Dryness|Fragrance Free|Cruelty-Free
P454936,Mini Hyaluronic Serum,Dr. Barbara Sturm,Mini Size,110,3.9386,879,4691,Good for: Dark Circles|Good for: Dullness/Uneven Texture|Hyaluronic Acid|Fragrance Free|Cruelty-Free
P447782,Glow Drops,Dr. Barbara Sturm,Treatments,150,4.0601,815,8905,Good for: Dark Circles|Good for: Dullness/Uneven Texture|Hyaluronic Acid|Fragrance Free|Cruelty-Free
P454935,Mini Glow Drops,Dr. Barbara Sturm,Mini Size,60,4.0601,815,8640,Good for: Dark Circles|Good for: Dullness/Uneven Texture|Hyaluronic Acid|Fragrance Free|Cruelty-Free
P447781,Face Cream,Dr. Barbara Sturm,Moisturizers,225,4.2407,810,4738,"Best for Oily, Combo, Normal Skin|Good for: Loss of firmness|Fragrance Free|Cruelty-Free"
P464233,Mini Face Cream,Dr. Barbara Sturm,Moisturizers,75,4.2407,810,2202,"Best for Oily, Combo, Normal Skin|Good for: Loss of firmness|Fragrance Free|Cruelty-Free"
P447785,Eye Cream,Dr. Barbara Sturm,Eye Care,145,3.8221,253,4529,Good for: Dark Circles|Fragrance Free|Cruelty-Free
P447783,Cleanser,Dr. Barbara Sturm,Cleansers,75,4.2,70,6271,Good for: Dark Circles|Good for: Acne/Blemishes|Fragrance Free|Cruelty-Free
P447789,Sun Drops SPF 50,Dr. Barbara Sturm,Sunscreen,150,2.7164,67,3538,Hyaluronic Acid|Gluten Free|Cruelty-Free
P448554,Enzyme Cleanser,Dr. Barbara Sturm,Cleansers,75,3.8276,58,7182,Good for: Dark Circles|Good for: Acne/Blemishes|Fragrance Free|Cruelty-Free|Community Favorite
P448711,Face Mask,Dr. Barbara Sturm,Masks,125,4.5185,54,5780,Good for: Dark Circles|Good for: Dryness|Fragrance Free|Cruelty-Free
P447790,Anti-Pollution Drops,Dr. Barbara Sturm,Treatments,150,3.6327,49,3528,Good for: Dark Circles|Good for: Anti-Aging|Hyaluronic Acid|Fragrance Free|Cruelty-Free
P456997,Night Serum,Dr. Barbara Sturm,Treatments,310,4.7021,47,4921,Good for: Dark Circles|Good for: Anti-Aging|Hyaluronic Acid|Fragrance Free|Cruelty-Free
P447787,Super Anti-Aging Serum,Dr. Barbara Sturm,Treatments,370,3.3684,38,4523,Good for: Dark Circles|Good for: Anti-Aging|Fragrance Free|Cruelty-Free
P454937,Mini Super Anti-Aging Serum,Dr. Barbara Sturm,Mini Size,130,3.3684,38,3397,Good for: Dark Circles|Good for: Anti-Aging|Fragrance Free|Cruelty-Free
P481973,The Better B Niacinamide Serum,Dr. Barbara Sturm,Treatments,145,4.8667,30,2538,Good for: Pores|Good for: Dullness/Uneven Texture|Niacinamide|Cruelty-Free|Best for Combination Skin
P448715,Balancing Toner,Dr. Barbara Sturm,Cleansers,75,4.4828,29,4371,Hyaluronic Acid|Cruelty-Free|Vegan|Clean at Sephora
P469200,The Good C Vitamin C Serum,Dr. Barbara Sturm,Treatments,145,3.5,24,3108,Good for: Dullness/Uneven Texture|Good for: Dark Circles|Fragrance Free|Cruelty-Free|Vegan
P448553,Face Cream Rich,Dr. Barbara Sturm,Moisturizers,240,4.3182,22,3298,Good for: Dark Circles|Gluten Free|Cruelty-Free|Clean at Sephora
P448558,Clarifying Face Cream,Dr. Barbara Sturm,Moisturizers,225,3.3182,22,2288,Good for: Anti-Aging|Cruelty-Free|Vegan|Clean at Sephora
P447788,Calming Serum,Dr. Barbara Sturm,Treatments,255,3.7778,18,2487,
P448557,Clarifying Serum,Dr. Barbara Sturm,Treatments,255,4.125,16,2524,
P448542,Clarifying Mask,Dr. Barbara Sturm,Masks,150,4.125,16,2446,Good for: Dullness/Uneven Texture|Cruelty-Free|Vegan|Clean at Sephora
P449601,Face Cream Light,Dr. Barbara Sturm,Moisturizers,215,3.9333,15,1420,"Best for Oily, Combo, Normal Skin|Cruelty-Free|Vegan|Clean at Sephora"
P454375,Clarifying Acne Spot Treatment,Dr. Barbara Sturm,Treatments,55,3.5,14,1720,Good for: Dark spots|Gluten Free|Cruelty-Free|Clean at Sephora
P448548,Darker Skin Tones Hyaluronic Serum,Dr. Barbara Sturm,Treatments,300,4.3636,11,2233,"Best for Oily, Combo, Normal Skin|Good for: Pores|Hyaluronic Acid|Fragrance Free|Cruelty-Free"
P448545,Darker Skin Tones Foam Cleanser,Dr. Barbara Sturm,Cleansers,75,3.7,10,1146,"Best for Oily, Combo, Normal Skin|Good for: Pores|Hyaluronic Acid|Fragrance Free|Cruelty-Free"
P475926,The SturmGlow Kit,Dr. Barbara Sturm,Value & Gift Sets,185,3.1111,9,3701,Best for Dry Skin|Good for: Dryness|Good for: Dullness/Uneven Texture|Fragrance Free|Cruelty-Free
P448546,Darker Skin Tones Enzyme Cleanser,Dr. Barbara Sturm,Cleansers,75,4.7778,9,3148,Without Sulfates SLS & SLES|Cruelty-Free|Vegan|Clean at Sephora
P448549,Brightening Serum,Dr. Barbara Sturm,Treatments,310,3.5556,9,1709,
P448544,Darker Skin Tones Face Cream,Dr. Barbara Sturm,Moisturizers,225,5,9,1685,"Best for Oily, Combo, Normal Skin|Good for: Loss of firmness|Fragrance Free|Cruelty-Free"
P474036,Aloe Vera Gel,Dr. Barbara Sturm,Moisturizers,75,3.3333,9,1128,"Best for Dry, Combo, Normal Skin|Good for: Dryness|Good for: Redness|Vegan|Fragrance Free"
P471017,Super Anti-Aging Face Cream,Dr. Barbara Sturm,Moisturizers,360,3.2222,9,928,Good for: Loss of firmness|Good for: Anti-Aging|Hyaluronic Acid|Fragrance Free|Cruelty-Free
P448713,Clarifying Spot Treatment,Dr. Barbara Sturm,Treatments,55,4.125,8,2729,Vegan|Good for: Acne/Blemishes|Cruelty-Free
P448551,Brightening Face Lotion,Dr. Barbara Sturm,Moisturizers,205,4.4286,7,1490,Gluten Free|Cruelty-Free|Vegan|Clean at Sephora
P477150,Super Anti-Aging Eye Cream,Dr. Barbara Sturm,Eye Care,210,4.3333,6,1735,Best for Dry Skin|Good for: Anti-Aging|Good for: Dark Circles|Fragrance Free|Vegan
P448550,Brightening Face Cream,Dr. Barbara Sturm,Moisturizers,240,5,5,2000,Gluten Free|Cruelty-Free|Vegan|Clean at Sephora
P448547,Darker Skin Tones Face Cream Rich,Dr. Barbara Sturm,Moisturizers,240,4.6667,3,873,Good for: Dark Circles|Cruelty-Free|Vegan|Clean at Sephora
P504011,Super Anti-Aging Night Cream,Dr. Barbara Sturm,Moisturizers,395,,,218,Hyaluronic Acid|Good for: Loss of firmness|Plumping|Hydrating|Good for: Anti-Aging|Fragrance Free
P427397,Hydro Biotic Recovery Sleeping Mask,Dr. Brandt Skincare,Masks,54,4.5788,1187,21773,"Best for Dry, Combo, Normal Skin|Good for: Dryness|Hypoallergenic|Without Phthalates|Without Parabens|Without Sulfates SLS & SLES"
P391802,Needles No More Wrinkle Smoothing Cream,Dr. Brandt Skincare,Treatments,89,3.5158,506,15453,"Best for Dry, Combo, Normal Skin|Good for: Anti-Aging|Lactic Acid|AHA/Glycolic Acid|Without Parabens|Without Sulfates SLS & SLES"
P397310,PoreDermabrasion Pore Perfecting Exfoliator,Dr. Brandt Skincare,Cleansers,59,4.2437,316,20771,"Best for Oily, Combo, Normal Skin|Good for: Pores|Salicylic Acid|Hypoallergenic|Without Parabens|Without Phthalates"
P411254,MAGNETIGHT Age-Defier Mask,Dr. Brandt Skincare,Masks,75,3.9216,306,19870,
P435209,Radiance Resurfacing Foam,Dr. Brandt Skincare,Treatments,72,4.4478,297,1903,
P429662,pores no more Vacuum Cleaner Pore Purifying Mask,Dr. Brandt Skincare,Masks,44,3.887,239,16237,"Best for Oily, Combo, Normal Skin|Good for: Pores|Salicylic Acid|AHA/Glycolic Acid|Hypoallergenic|Without Parabens"
P470217,Liquid Sun Shield Daily Brightening Mineral Sunscreen SPF 50,Dr. Brandt Skincare,Sunscreen,67,4.2804,189,9171,Vegan|Fragrance Free|Without Parabens|SPF
P467614,C Scription Vitamin C Brightening Serum,Dr. Brandt Skincare,Treatments,120,4.6959,148,4599,
P383053,Do Not Age with Dr. Brandt Triple Peptide Eye Cream,Dr. Brandt Skincare,Eye Care,82,4.0822,146,8950,"Best for Dry, Combo, Normal Skin|Good for: Anti-Aging|Hypoallergenic|Without Parabens|Without Phthalates|Fragrance Free"
P460758,Cool Biotic Prebiotic Redness Relief Cream,Dr. Brandt Skincare,Moisturizers,56,4.1468,109,8201,
P417625,24/7 Retinol Eye Cream,Dr. Brandt Skincare,Eye Care,58,3.9159,107,8505,
P444225,Clean Biotic pH-balanced yogurt cleanser with chlorophyll,Dr. Brandt Skincare,Cleansers,36,4.2212,104,4790,"Best for Dry, Combo, Normal Skin|Good for: Redness|Hyaluronic Acid|Without Sulfates SLS & SLES|Hypoallergenic|Without Parabens"
P429661,pores no more Mattifying Hydrator Pore Minimizing Gel,Dr. Brandt Skincare,Treatments,50,4.2039,103,6925,
P383052,Do Not Age with Dr. Brandt Moisturizing Neck Cream,Dr. Brandt Skincare,Moisturizers,67,3.7745,102,6096,"Best for Dry, Combo, Normal Skin|Good for: Anti-Aging|AHA/Glycolic Acid|Without Parabens|Without Silicones|Without Sulfates SLS & SLES"
P383051,Do Not Age with Dr. Brandt Time Defying Cream,Dr. Brandt Skincare,Moisturizers,132,4.0114,88,2722,
P453822,Dark Spots No More Triple Acid Spot Minimizing Concentrate,Dr. Brandt Skincare,Treatments,71,3.9634,82,9838,"Best for Dry, Combo, Normal Skin|Good for: Dark spots|Niacinamide|Hypoallergenic|Without Parabens|Vegan"
P448710,pores no more Pore Purifying Cleanser,Dr. Brandt Skincare,Cleansers,38,4.2537,67,5136,"Best for Oily, Combo, Normal Skin|Good for: Pores|Salicylic Acid|Hypoallergenic|Without Phthalates|Without Parabens"
P502640,Microdermabrasion Renewing Age-Defying Face Exfoliator,Dr. Brandt Skincare,Cleansers,79,4.8621,58,2309,
P383054,Do Not Age with Dr. Brandt Transforming Pearl Serum,Dr. Brandt Skincare,Treatments,152,4.1852,54,3259,
P442001,Hyaluronic Facial Cream,Dr. Brandt Skincare,Moisturizers,72,3.814,43,3056,"Best for Dry, Combo, Normal Skin|Good for: Anti-Aging|Lactic Acid|AHA/Glycolic Acid|Without Parabens|Without Phthalates"
P442263,needles no more 3-D LIP PLUMPFIX,Dr. Brandt Skincare,Lip Balms & Treatments,39,2.8947,38,5114,
P440302,needles no more Neck Sculpting Cream,Dr. Brandt Skincare,Moisturizers,95,3.7742,31,6052,"Best for Dry, Combo, Normal Skin|Good for: Loss of firmness|Hyaluronic Acid|Without Parabens|Without Phthalates|Without Sulfates SLS & SLES"
P476570,Triple Active Retinol Gentle Overnight Renewal Cream,Dr. Brandt Skincare,Moisturizers,75,3.7273,11,1466,Fragrance Free|Retinol|Good for: Dark spots|Good for: Dullness/Uneven Texture|Hydrating|Good for: Loss of firmness
P435790,Radiance Revitalizing Foam,Dr. Brandt Skincare,Treatments,65,5,4,597,
P504411,Microdermabrasion Smoothing Lip Scrub,Dr. Brandt Skincare,Lip Balms & Treatments,30,4,2,1030,
P500151,Drop of Strength All Day Strengthening Serum,Dr. Brandt Skincare,Treatments,85,4.5,2,665,"Vegan|Hyaluronic Acid|Fragrance Free|Best for Oily, Combo, Normal Skin|Best for Dry, Combo, Normal Skin|Without Silicones"
P460622,25 Years of Dr. Brandt Kit,Dr. Brandt Skincare,Value & Gift Sets,165,1,1,274,
P269122,Alpha Beta Extra Strength Daily Peel Pads,Dr. Dennis Gross Skincare,Treatments,92,4.5455,7412,234295,Good for: Dullness/Uneven Texture|Clean at Sephora|Good for: Anti-Aging|AHA/Glycolic Acid|Good for: Acne/Blemishes|Salicylic Acid
P447592,Alpha Beta Pore Perfecting & Refining Serum,Dr. Dennis Gross Skincare,Treatments,68,4.4672,1494,26675,"AHA/Glycolic Acid|Salicylic Acid|Best for Oily, Combo, Normal Skin|Good for: Pores|Clean at Sephora|Vegan"
P377533,Alpha Beta Universal Daily Peel Pads,Dr. Dennis Gross Skincare,Treatments,92,4.4899,1382,121149,Good for: Dullness/Uneven Texture|Lactic Acid|Good for: Pores|Clean at Sephora|Good for: Anti-Aging|AHA/Glycolic Acid
P461439,Hyaluronic Marine Makeup Removing Meltaway Cleanser,Dr. Dennis Gross Skincare,Cleansers,32,4.4555,595,8658,Hyaluronic Acid|Cruelty-Free|Clean at Sephora
P481340,Alpha Beta AHA/BHA Daily Cleansing Gel,Dr. Dennis Gross Skincare,Cleansers,39,4.3166,439,10330,"Good for: Dullness/Uneven Texture|Good for: Pores|AHA/Glycolic Acid|Salicylic Acid|Best for Oily, Combo, Normal Skin|Cruelty-Free"
P474825,Advanced Retinol + Ferulic Triple Correction Eye Serum,Dr. Dennis Gross Skincare,Eye Care,71,4.4967,304,29199,"Good for: Loss of firmness|Good for: Dark Circles|Clean at Sephora|Good for: Anti-Aging|Retinol|Best for Oily, Combo, Normal Skin"
P474826,Advanced Retinol + Ferulic Texture Renewal Serum,Dr. Dennis Gross Skincare,Treatments,76,4.4667,285,22246,"Good for: Dullness/Uneven Texture|Good for: Pores|Clean at Sephora|Good for: Anti-Aging|Good for: Acne/Blemishes|Best for Oily, Combo, Normal Skin"
P501190,Vitamin C Lactic Dewy Deep Cream,Dr. Dennis Gross Skincare,Moisturizers,75,4.8008,251,10107,Good for: Dullness/Uneven Texture|Lactic Acid|Vitamin C|Clean at Sephora|Good for: Anti-Aging|Good for: Dryness
P474824,Advanced Retinol + Ferulic Overnight Wrinkle Treatment,Dr. Dennis Gross Skincare,Treatments,87,4.7287,247,15061,Best for Dry Skin|Good for: Loss of firmness|Hydrating|Clean at Sephora|Good for: Dryness|Good for: Dark spots
P398761,Alpha Beta Ultra Gentle Daily Peel Pads for Sensitive Skin,Dr. Dennis Gross Skincare,Treatments,20,4.3389,239,23751,"Good for: Dullness/Uneven Texture|Hyaluronic Acid|Lactic Acid|Clean at Sephora|Good for: Anti-Aging|Best for Dry, Combo, Normal Skin"
P501169,Vitamin C Lactic 15% Firm & Bright Serum,Dr. Dennis Gross Skincare,Treatments,85,4.556,232,24244,Good for: Dullness/Uneven Texture|Good for: Loss of firmness|Lactic Acid|Vitamin C|Clean at Sephora|Good for: Dark spots
P501157,Vitamin C Lactic Firm & Bright Eye Treatment,Dr. Dennis Gross Skincare,Eye Care,68,4.7459,185,12157,Good for: Loss of firmness|Lactic Acid|Vitamin C|Good for: Dark Circles|Clean at Sephora|Good for: Anti-Aging
P427393,Hyaluronic Marine Dew It Right Eye Gel,Dr. Dennis Gross Skincare,Eye Care,55,3.5442,147,12365,Hyaluronic Acid|Cruelty-Free|Clean at Sephora
P474823,Advanced Retinol + Ferulic Overnight Texture Renewal Peel,Dr. Dennis Gross Skincare,Treatments,82,4.7415,147,11560,"Good for: Dullness/Uneven Texture|Good for: Pores|Clean at Sephora|Good for: Anti-Aging|Good for: Acne/Blemishes|Best for Oily, Combo, Normal Skin"
P416755,Hyaluronic Marine Oil-Free Moisture Cushion,Dr. Dennis Gross Skincare,Moisturizers,65,4.0342,146,13709,"Hyaluronic Acid|Best for Oily, Combo, Normal Skin|Good for: Dryness|Good for: Acne/Blemishes|Clean at Sephora|Vegan"
P479313,Advanced Retinol + Ferulic Intense Wrinkle Cream,Dr. Dennis Gross Skincare,Moisturizers,77,4.695,141,17314,"Good for: Dullness/Uneven Texture|Hydrating|Clean at Sephora|Good for: Anti-Aging|Best for Oily, Combo, Normal Skin|Best for Dry, Combo, Normal Skin"
P385773,Hyaluronic Marine Hydration Booster,Dr. Dennis Gross Skincare,Treatments,72,4.2555,137,13677,Hyaluronic Acid|Cruelty-Free|Clean at Sephora
P413613,Pro Facial Steamer,Dr. Dennis Gross Skincare,High Tech Tools,159,4.1493,134,40031,Good for: Pores|Good for: Dryness|Good for: Dullness/Uneven Texture
P503927,Vitamin C Lactic Biocellulose Brightening Treatment Mask,Dr. Dennis Gross Skincare,Masks,12,4.5897,117,6445,Good for: Redness|Good for: Dullness/Uneven Texture|Lactic Acid|Vitamin C|Clean at Sephora|Good for: Dryness
P501166,Vitamin C Lactic Oil-Free Radiant Moisturizer,Dr. Dennis Gross Skincare,Moisturizers,72,4.6577,111,6654,Good for: Dullness/Uneven Texture|Good for: Loss of firmness|Lactic Acid|Vitamin C|Clean at Sephora|Oil Free
P481341,Alpha Beta Daily Moisturizer,Dr. Dennis Gross Skincare,Moisturizers,72,4.561,82,4205,"Best for Dry, Combo, Normal Skin|Good for: Dryness|Good for: Dullness/Uneven Texture|AHA/Glycolic Acid|Lactic Acid|Cruelty-Free"
P411360,Hyaluronic Marine Hydrating Modeling Mask,Dr. Dennis Gross Skincare,Masks,52,4.0921,76,9464,Hyaluronic Acid|Cruelty-Free|Clean at Sephora
P481975,Alpha Beta Daily Essentials - Universal,Dr. Dennis Gross Skincare,Value & Gift Sets,92,4.6296,27,3622,"Good for: Dullness/Uneven Texture|Good for: Pores|Clean at Sephora|AHA/Glycolic Acid|Best for Dry, Combo, Normal Skin|Cruelty-Free"
P481339,Alpha Beta Daily Essentials - Extra Strength,Dr. Dennis Gross Skincare,Treatments,92,4.4615,26,7215,Good for: Dullness/Uneven Texture|Clean at Sephora|Good for: Anti-Aging|AHA/Glycolic Acid|Good for: Acne/Blemishes|Cruelty-Free
P466878,Mini Alpha Beta Exfoliating Body Treatment Peel,Dr. Dennis Gross Skincare,Mini Size,18,2.8824,17,6308,"Clean at Sephora|Best for Dry, Combo, Normal Skin|AHA/Glycolic Acid|Salicylic Acid|Good for: Acne/Blemishes|Good for: Dullness/Uneven Texture"
P481376,Mini Alpha Beta AHA/BHA Daily Cleansing Gel,Dr. Dennis Gross Skincare,Cleansers,15,3.7143,14,7057,"Good for: Dullness/Uneven Texture|Good for: Pores|AHA/Glycolic Acid|Salicylic Acid|Best for Oily, Combo, Normal Skin|Cruelty-Free"
P474943,Mini Alpha Beta Ultra Gentle Daily Peel Pads for Sensitive Skin,Dr. Dennis Gross Skincare,Mini Size,20,3.6364,11,7204,"Good for: Dullness/Uneven Texture|Hyaluronic Acid|Lactic Acid|Clean at Sephora|Good for: Anti-Aging|Best for Dry, Combo, Normal Skin"
P503912,Firm + Bright + Glow Vitamin C Lactic Set,Dr. Dennis Gross Skincare,Value & Gift Sets,85,3.4286,7,4442,Good for: Dullness/Uneven Texture|Good for: Loss of firmness|Lactic Acid|Vitamin C|Clean at Sephora|Good for: Anti-Aging
P503906,DRx SpectraLite LED EyeCare Max Pro,Dr. Dennis Gross Skincare,High Tech Tools,199,5,5,191,Good for: Dullness/Uneven Texture|Good for: Loss of firmness|Good for: Dark Circles|Good for: Anti-Aging
P471545,DRx SpectraLite BodyWare Pro,Dr. Dennis Gross Skincare,High Tech Tools,465,4.25,4,6836,"Good for: Anti-Aging|Good for: Loss of firmness|Good for: Acne/Blemishes|Good for: Dullness/Uneven Texture|Best for Dry, Combo, Normal Skin|Best for Oily, Combo, Normal Skin"
P411540,Cicapair Tiger Grass Color Correcting Treatment SPF 30,Dr. Jart+,Moisturizers,52,3.9904,5309,210786,Natural Finish|Good for: Redness|Medium Coverage|SPF
P471546,Mini Cicapair Tiger Grass Color Correcting Treatment SPF 30,Dr. Jart+,Mini Size,21,4.0165,5028,74947,"Good for: Redness|Community Favorite|Matte Finish|Best for Oily, Combo, Normal Skin|SPF|Niacinamide"
P411539,Cicapair Tiger Grass Cream,Dr. Jart+,Moisturizers,49,4.3233,1367,73855,"Good for: Redness|Good for: Dryness|Best for Dry, Combo, Normal Skin"
P423259,Cicapair Tiger Grass Serum,Dr. Jart+,Treatments,52,4.2657,1080,73240,Good for: Redness|Good for: Dryness
P467615,Cicapair Tiger Grass Sleepair Intensive Mask,Dr. Jart+,Masks,42,4.5464,743,37108,"Good for: Dryness|Good for: Dullness/Uneven Texture|Niacinamide|Best for Dry, Combo, Normal Skin|Best for Oily, Combo, Normal Skin|allure 2021 Best of Beauty Award Winner"
P448185,Cicapair Tiger Grass Calming Gel Cream,Dr. Jart+,Moisturizers,49,4.4977,645,34356,"Good for: Redness|Good for: Dryness|Best for Oily, Combo, Normal Skin"
P454019,Teatreement Moisturizer,Dr. Jart+,Moisturizers,35,4.2435,620,13761,"Good for: Acne/Blemishes|Good for: Redness|Salicylic Acid|Good for: Dark spots|Best for Oily, Combo, Normal Skin|Without Sulfates SLS & SLES"
P501005,Premium BB Tinted Moisturizer with Niacinamide and SPF 40,Dr. Jart+,Moisturizers,44,4.3229,607,33513,Light Coverage|Natural Finish|Cream Formula|SPF
P442857,Focuspot Micro Tip Patches,Dr. Jart+,Treatments,20,3.0381,578,54955,
P457008,Cryo Rubber Masks,Dr. Jart+,Masks,15,4.3149,562,93809,Collagen|Hyaluronic Acid|Vitamin C|Good for: Dryness|Good for: Redness|Good for: Dark spots
P448184,Cicapair Tiger Grass Calming Mist,Dr. Jart+,Moisturizers,25,4.4314,554,23218,
P454086,Teatreement Cleansing Foam,Dr. Jart+,Cleansers,29,4.1409,504,9022,"Good for: Acne/Blemishes|Good for: Redness|Good for: Pores|Salicylic Acid|Best for Oily, Combo, Normal Skin|Without Sulfates SLS & SLES"
P457521,Every Sun Day Mineral Sunscreen SPF 50+,Dr. Jart+,Sunscreen,40,4.4336,482,29897,UV Protection|SPF
P429250,Cicapair  Tiger Grass Camo Drops Color Corrector SPF 35,Dr. Jart+,Treatments,48,4.1395,473,62298,Light Coverage|Radiant Finish|Good for: Redness|SPF
P454085,Teatreement Toner,Dr. Jart+,Cleansers,30,4.2553,470,7201,"Good for: Acne/Blemishes|Good for: Redness|Salicylic Acid|Good for: Dark spots|Best for Oily, Combo, Normal Skin|Without Sulfates SLS & SLES"
P473828,Ceramidin  Eye Cream with Niacinamide,Dr. Jart+,Eye Care,40,4.5473,433,20885,Good for: Dryness|Good for: Dullness/Uneven Texture|Niacinamide
P429529,Sheet Masks,Dr. Jart+,Masks,7,4.2176,432,77748,"Hyaluronic Acid|Without Mineral Oil|Good for: Dryness|Hypoallergenic|Best for Dry, Combo, Normal Skin|Without Sulfates SLS & SLES"
P479632,Pore Remedy PHA Exfoliating Serum,Dr. Jart+,Treatments,45,4.1694,431,17936,Good for: Pores|Good for: Dullness/Uneven Texture
P504007,Ceramidin Skin Barrier Moisturizing Cream,Dr. Jart+,Moisturizers,48,4.6091,417,16300,"Cream Formula|Good for: Dullness/Uneven Texture|Good for: Loss of firmness|Good for: Dryness|Best for Dry, Combo, Normal Skin"
P504042,Ceramidin Skin Barrier Moisturizing Mask,Dr. Jart+,Masks,9,4.6936,359,10190,"Good for: Dullness/Uneven Texture|Good for: Loss of firmness|Good for: Dryness|Best for Dry, Combo, Normal Skin"
P504001,Ceramidin Skin Barrier Serum Toner,Dr. Jart+,Cleansers,39,4.6364,341,5912,"Good for: Dullness/Uneven Texture|Good for: Loss of firmness|Liquid Formula|Good for: Dryness|Best for Dry, Combo, Normal Skin"
P504064,Ceramidin Cream-Infused Mask,Dr. Jart+,Masks,15,4.6324,340,4288,"Good for: Dullness/Uneven Texture|Good for: Loss of firmness|Good for: Dryness|Best for Dry, Combo, Normal Skin"
P457522,Every Sun Day Sun Fluid SPF 50+,Dr. Jart+,Sunscreen,42,4.4215,325,15285,UV Protection|SPF
P397624,Dermask Micro Jet Clearing Solution,Dr. Jart+,Masks,9,4.4472,322,35931,
P479633,Pore Remedy Purifying Mud Mask,Dr. Jart+,Masks,9,4.1781,320,18287,Good for: Pores|Good for: Dullness/Uneven Texture
P397623,Dermask Water Jet Vital Hydra Solution,Dr. Jart+,Masks,7,4.5507,276,40090,"Hyaluronic Acid|Without Mineral Oil|Good for: Dryness|Hypoallergenic|Best for Dry, Combo, Normal Skin|Without Sulfates SLS & SLES"
P481700,Cicapair Redness Rescue Kit,Dr. Jart+,Value & Gift Sets,39,4.2857,147,17922,Good for: Redness|Good for: Dryness|SPF
P397622,Dermask Water Jet Soothing Hydra Solution,Dr. Jart+,Masks,7,4.0538,130,22325,
P442854,Focuspot Dark Spot Micro Tip Patch,Dr. Jart+,Treatments,20,3.6311,122,0,
P501031,Pore Remedy 5% Multi-Acid Radiance Peel,Dr. Jart+,Treatments,40,4.5741,108,5678,Good for: Dullness/Uneven Texture|Hyaluronic Acid|Good for: Pores|AHA/Glycolic Acid
P442853,Focuspot Blemish Micro Tip Patch,Dr. Jart+,Treatments,20,3.9684,95,0,
P397625,Dermask Micro Jet Brightening Solution,Dr. Jart+,Masks,9,4.0571,70,16054,
P433884,Dermask Ultra Jet Peeling Solution,Dr. Jart+,Treatments,9,4.2462,65,9689,
P397626,Dermask Intra Jet Wrinkless Solution,Dr. Jart+,Masks,9,3.619,63,12850,
P397627,Dermask Intra Jet Firming Solution,Dr. Jart+,Masks,9,3.3061,49,9087,
P481699,Cicapair Tiger Grass Calming Serum Mask,Dr. Jart+,Masks,9,4.36,25,12733,Good for: Redness|Good for: Dryness|Good for: Dullness/Uneven Texture
P457011,Cryo Rubber Mask with Firming Collagen,Dr. Jart+,Masks,15,4.8462,13,0,Collagen|Hyaluronic Acid|Vitamin C|Good for: Dryness|Good for: Redness|Good for: Dark spots
P457012,Cryo Rubber Mask with Brightening Vitamin C,Dr. Jart+,Masks,15,3.8333,12,0,Collagen|Hyaluronic Acid|Vitamin C|Good for: Dryness|Good for: Redness|Good for: Dark spots
P457010,Cryo Rubber Mask with Soothing Allantoin,Dr. Jart+,Masks,15,4.5556,9,0,Collagen|Hyaluronic Acid|Vitamin C|Good for: Dryness|Good for: Redness|Good for: Dark spots
P457009,Cryo Rubber Mask with Moisturizing Hyaluronic Acid,Dr. Jart+,Masks,15,4,6,0,Collagen|Hyaluronic Acid|Vitamin C|Good for: Dryness|Good for: Redness|Good for: Dark spots
P459127,Platinum Lip Plump SPF 30,Dr. Lara Devgan Scientific Beauty,Lip Balms & Treatments,50,4.5731,513,14302,Vegan|Hyaluronic Acid|Plumping|Hydrating|Good for: Dryness|SPF
P459130,Hyaluronic Serum,Dr. Lara Devgan Scientific Beauty,Treatments,245,4.785,321,2777,Good for: Dark Circles|Good for: Anti-Aging|Good for: Loss of firmness|Good for: Dryness|Hyaluronic Acid|Cruelty-Free
P459128,Vitamin C+B+E Ferulic Serum,Dr. Lara Devgan Scientific Beauty,Treatments,145,4.8235,306,9243,Good for: Dark spots|Good for: Anti-Aging|Vitamin C|Without Sulfates SLS & SLES|Cruelty-Free|Vegan
P459129,Peptide Eye Cream,Dr. Lara Devgan Scientific Beauty,Eye Care,215,4.8172,268,5462,Good for: Dark Circles|Good for: Anti-Aging|Good for: Dullness/Uneven Texture|Hyaluronic Acid|Without Sulfates SLS & SLES|Cruelty-Free
P469121,Microdermabrasion Scrub,Dr. Lara Devgan Scientific Beauty,Cleansers,65,4.2,10,1136,Good for: Dark Circles|Good for: Anti-Aging|Good for: Dullness/Uneven Texture|Hyaluronic Acid|Without Sulfates SLS & SLES|Cruelty-Free
P480441,Retinol + Bakuchiol Serum 2.5x,Dr. Lara Devgan Scientific Beauty,Treatments,300,3,1,581,Good for: Anti-Aging|Good for: Dark spots|Good for: Dullness/Uneven Texture|Retinol|Good for: Pores|Cruelty-Free
P480440,Advanced Revitalizing Cleanser,Dr. Lara Devgan Scientific Beauty,Cleansers,65,,,217,Hyaluronic Acid|Hydrating|Good for: Pores|Fragrance Free|Without Parabens|Cruelty-Free
P464238,Peptide + Ceramide Repairing Moisturizer,Dr. Zenovia Skincare,Moisturizers,79,4.6744,519,5504,Good for: Loss of firmness|Good for: Anti-Aging|Good for: Dark Circles|Without Parabens|Cruelty-Free
P464243,10% Benzoyl Peroxide Acne Cleanser,Dr. Zenovia Skincare,Cleansers,30,4.4931,434,8366,"Best for Oily, Combo, Normal Skin|Good for: Acne/Blemishes|Without Parabens|Gluten Free|Without Silicones|Cruelty-Free"
P464239,Aloe Vera Blemish Soothing Moisturizer,Dr. Zenovia Skincare,Moisturizers,38,4.5809,377,5968,"Best for Oily, Combo, Normal Skin|Good for: Dullness/Uneven Texture|Good for: Acne/Blemishes|Without Parabens|Gluten Free|Cruelty-Free"
P464245,Bakuchiol Hydrating Cleanser,Dr. Zenovia Skincare,Cleansers,42,4.4983,301,1784,Good for: Dark Circles|Good for: Anti-Aging|Good for: Dryness|Without Parabens|Gluten Free|Cruelty-Free
P467617,Clear Complexion Acne Solutions System,Dr. Zenovia Skincare,Value & Gift Sets,35,4.5084,297,6191,"Best for Oily, Combo, Normal Skin|Good for: Pores|Good for: Acne/Blemishes|Without Parabens|Without Phthalates|Cruelty-Free"
P464241,5% Benzoyl Peroxide Acne Spot Treatment,Dr. Zenovia Skincare,Treatments,25,4.4021,286,7160,"Best for Oily, Combo, Normal Skin|Good for: Acne/Blemishes|Fragrance Free|Without Parabens|Without Silicones|Cruelty-Free"
P464234,Advanced Retinol Night Repair Treatment,Dr. Zenovia Skincare,Treatments,72,4.5019,267,2860,"Best for Oily, Combo, Normal Skin|Good for: Acne/Blemishes|Good for: Anti-Aging|Good for: Dullness/Uneven Texture|Retinol|Cruelty-Free"
P464235,Inflam-Aging Night Repair Treatment,Dr. Zenovia Skincare,Treatments,72,4.4769,260,1478,Good for: Dark Circles|Good for: Anti-Aging|Good for: Loss of firmness|Hyaluronic Acid|Without Parabens|Cruelty-Free
P483128,Scar Gel Treatment,Dr. Zenovia Skincare,Treatments,48,4.3285,137,4241,Good for: Redness|Good for: Dullness/Uneven Texture|Best for Dry Skin|Hydrating|Good for: Acne/Blemishes
P464242,Hyaluronic Acid + Peptide Serum,Dr. Zenovia Skincare,Treatments,72,4.5082,122,2472,"Hyaluronic Acid|Best for Dry, Combo, Normal Skin|Good for: Dryness|Good for: Anti-Aging|Good for: Loss of firmness|Hydrating"
P464244,Vitamin C Brightening Toner,Dr. Zenovia Skincare,Cleansers,38,4.5981,107,3840,"Best for Oily, Combo, Normal Skin|Good for: Pores|Good for: Dullness/Uneven Texture|Good for: Dark spots|Vitamin C|Cruelty-Free"
P464240,10% Glycolic Acne Control Peel Pads,Dr. Zenovia Skincare,Treatments,42,4.4095,105,3425,"Good for: Acne/Blemishes|Best for Oily, Combo, Normal Skin|AHA/Glycolic Acid|Salicylic Acid|Fragrance Free|Without Parabens"
P464237,Retinol Recovery Eye Cream,Dr. Zenovia Skincare,Eye Care,64,3.8812,101,1366,Best for Normal Skin|Good for: Loss of firmness|Good for: Dark Circles|Retinol|Without Parabens|Cruelty-Free
P427421,Protini Polypeptide Firming Refillable Moisturizer,Drunk Elephant,Moisturizers,68,3.962,6048,411372,Refill Available|Good for: Dullness/Uneven Texture|Good for: Loss of firmness|Clean at Sephora|Good for: Anti-Aging|Good for: Dryness
P392246,T.L.C. Framboos Glycolic Resurfacing Night Serum,Drunk Elephant,Treatments,90,4.3492,3439,290028,Good for: Dullness/Uneven Texture|Good for: Pores|Clean at Sephora|Good for: Anti-Aging|AHA/Glycolic Acid|Good for: Acne/Blemishes
P426836,Beste No. 9 Jelly Cleanser,Drunk Elephant,Cleansers,34,3.9426,2702,113466,Vegan|Community Favorite|Clean at Sephora|Fragrance Free|Without Sulfates SLS & SLES|Cruelty-Free
P406712,B-Hydra Intensive Hydration Serum with Hyaluronic Acid,Drunk Elephant,Treatments,49,4.1863,2561,216418,
P415777,T.L.C. Sukari Babyfacial AHA + BHA Mask,Drunk Elephant,Masks,80,4.2909,2554,274915,Good for: Dullness/Uneven Texture|Community Favorite|Good for: Pores|Clean at Sephora|Good for: Anti-Aging|AHA/Glycolic Acid
P432668,D-Bronzi Anti-Pollution Bronzing Drops with Peptides,Drunk Elephant,Treatments,38,4.433,2037,328059,Good for: Dullness/Uneven Texture|Good for: Loss of firmness|Clean at Sephora|Good for: Anti-Aging|Good for: Dark spots|Cruelty-Free
P446938,Lala Retro Whipped Refillable Moisturizer with Ceramides,Drunk Elephant,Moisturizers,62,4.1535,1993,145717,Vegan|Refill Available|Good for: Loss of firmness|Clean at Sephora|Good for: Anti-Aging|Good for: Dryness
P403818,Lippe Balm,Drunk Elephant,Lip Balms & Treatments,18,3.7386,1901,84276,Clean at Sephora|Good for: Dryness
P392245,Virgin Marula Luxury Face Oil,Drunk Elephant,Moisturizers,68,4.3107,1651,174857,
P400259,C-Firma Fresh Vitamin-C Day Serum,Drunk Elephant,Treatments,78,4.1561,1602,300467,Good for: Dullness/Uneven Texture|Good for: Loss of firmness|Community Favorite|Vitamin C|Clean at Sephora|Good for: Dark spots
P442566,Slaai  Makeup-Melting Butter Cleanser,Drunk Elephant,Cleansers,36,3.781,1525,88374,
P429515,C-Tango Vitamin C Eye Cream,Drunk Elephant,Eye Care,64,3.7473,1484,124160,
P419222,Umbra Sheer Physical Daily Defense SPF 30,Drunk Elephant,Sunscreen,34,3.3076,1362,46738,
P439926,A-Passioni Retinol Cream,Drunk Elephant,Treatments,74,4.2008,1265,214435,Good for: Dullness/Uneven Texture|Good for: Loss of firmness|Clean at Sephora|Retinol|Good for: Anti-Aging|Good for: Dark spots
P454120,F-Balm Electrolyte Waterfacial Mask,Drunk Elephant,Masks,54,4.1665,1105,71224,
P419223,Shaba Complex Firming Eye Serum,Drunk Elephant,Eye Care,60,3.8963,1070,75752,
P460515,E-Rase Milki Micellar Water,Drunk Elephant,Cleansers,14,4.2812,1017,26131,Vegan|Clean at Sephora|Good for: Dryness|Fragrance Free
P462347,E-Rase Milki Micellar Water Mini,Drunk Elephant,Mini Size,14,4.2812,1017,19854,Vegan|Clean at Sephora|Good for: Dryness|Fragrance Free
P419221,Umbra Tinte Physical Daily Defense SPF 30,Drunk Elephant,Sunscreen,36,3.2982,845,40278,
P470024,Protini Powerpeptide Resurfacing Serum with Lactic Acid,Drunk Elephant,Treatments,82,4.3619,713,51763,Good for: Dullness/Uneven Texture|Good for: Loss of firmness|Lactic Acid|Clean at Sephora|Good for: Anti-Aging|allure 2021 Best of Beauty Award Winner
P466117,Sweet Biome Fermented Sake Hydrating Spray,Drunk Elephant,Moisturizers,42,3.8833,677,15545,Clean at Sephora|Good for: Dryness
P405584,Baby Pekee Bar + Juju Bar Travel Duo,Drunk Elephant,Value & Gift Sets,16,4.34,600,55728,"Clean at Sephora|Best for Dry, Combo, Normal Skin"
P477985,A-Gloei Retinol Oil,Drunk Elephant,Moisturizers,72,4.5501,489,24791,Vegan|Clean at Sephora|Retinol|Good for: Anti-Aging|Good for: Acne/Blemishes|Without Silicones
P392248,Pekee Cleansing Bar,Drunk Elephant,Cleansers,28,4.4633,449,20586,Clean at Sephora|Good for: Dryness
P501028,Ceramighty  AF Eye Cream with Ceramides,Drunk Elephant,Eye Care,60,4.3972,428,19664,Good for: Loss of firmness|Clean at Sephora|Good for: Anti-Aging|Good for: Dryness|Without Formaldehydes|Without Parabens
P503693,Bouncy Brightfacial Brightening Mask with 10% Azelaic Acid + 1% Salicylic Acid,Drunk Elephant,Treatments,68,4.4859,426,27212,Good for: Redness|Good for: Dullness/Uneven Texture|Cream Formula|Good for: Pores|Salicylic Acid|Good for: Dark spots
P392249,JuJu Exfoliating Bar,Drunk Elephant,Cleansers,28,4.4663,386,30472,Good for: Dryness|Cruelty-Free|Vegan|Clean at Sephora
P424378,Mini Virgin Marula LuxuryFace Oil,Drunk Elephant,Moisturizers,38,4.2368,266,48487,
P465752,Mini Protini Polypeptide Moisturizer,Drunk Elephant,Mini Size,22,3.805,159,52282,Good for: Dullness/Uneven Texture|Good for: Loss of firmness|Community Favorite|Clean at Sephora|Good for: Anti-Aging|Good for: Dryness
P473304,O-Bloos Rosi Glow Drops,Drunk Elephant,Treatments,38,3.6943,157,49327,
P440658,Baby Bar Travel Duo with Case,Drunk Elephant,Value & Gift Sets,22,4.3955,134,22114,"Clean at Sephora|Best for Dry, Combo, Normal Skin"
P471761,Call It A Night Glycolic Serum + Moisturizer duo,Drunk Elephant,Value & Gift Sets,28,4.3874,111,37629,
P450947,Mini A-Passioni Retinol Cream,Drunk Elephant,Mini Size,28,4,84,31898,Good for: Dullness/Uneven Texture|Good for: Loss of firmness|Clean at Sephora|Retinol|Good for: Anti-Aging|Good for: Dark spots
P471547,Mini Beste No. 9 Jelly Cleanser,Drunk Elephant,Mini Size,16,4.1429,35,16632,Vegan|Community Favorite|Clean at Sephora|Fragrance Free|Without Sulfates SLS & SLES
P503294,Day Dream Vitamin C + Hydration Serum Duo 2.0,Drunk Elephant,Value & Gift Sets,26,2.5,22,39446,Vegan|Good for: Dullness/Uneven Texture|Good for: Loss of firmness|Vitamin C|Hydrating|Clean at Sephora
P501591,The Littles Skincare Travel Set,Drunk Elephant,Value & Gift Sets,74,4.4444,9,12819,"Vegan|Good for: Dullness/Uneven Texture|Clean at Sephora|Good for: Anti-Aging|Good for: Dryness|Best for Dry, Combo, Normal Skin"
P500983,"Anytime, Anyface Lactic Acid Serum + Protini Moisturizer Duo",Drunk Elephant,Value & Gift Sets,28,5,7,12280,Best for Combination Skin|Good for: Dullness/Uneven Texture|Good for: Loss of firmness|Clean at Sephora|Without Sulfates SLS & SLES
P505120,Early Bird Hydrate + Brighten Set,Drunk Elephant,Value & Gift Sets,54,5,1,782,Good for: Dullness/Uneven Texture|Good for: Loss of firmness|Vitamin C|Good for: Dark Circles|Clean at Sephora|Good for: Dryness
P475932,Milk Marvel Dark Spot Serum with Niacinamide and Vitamin C,EADEM,Treatments,68,4.4791,215,15740,Good for: Dullness/Uneven Texture|Vitamin C|Fragrance Free|Good for: Dark spots|Niacinamide|Black Owned at Sephora
P481701,Cloud Cushion Plush Moisturizer with Ceramides + Peptides,EADEM,Moisturizers,58,4.7467,150,11518,Good for: Dullness/Uneven Texture|Hydrating|Clean at Sephora|Good for: Anti-Aging|Fragrance Free|Good for: Dark spots
P501421,Dew Dream- Hydrating Makeup Removing Cleansing Balm with Tiger Grass,EADEM,Cleansers,30,4.6881,109,4482,"Vegan|Good for: Dullness/Uneven Texture|Hydrating|Clean at Sephora|Good for: Dryness|Best for Oily, Combo, Normal Skin"
P478260,Break from the Burnout Skin Wellness Set,Erno Laszlo,Value & Gift Sets,75,5,1,673,"Good for: Pores|Good for: Dark Circles|Good for: Acne/Blemishes|Best for Oily, Combo, Normal Skin"
P478270,Big Break Soap Set,Erno Laszlo,Value & Gift Sets,50,5,1,655,Without Sulfates SLS & SLES|Without Phthalates|Without Parabens|Good for: Dullness/Uneven Texture|AHA/Glycolic Acid
P478269,Rising Star Sleep Travel Set,Erno Laszlo,Value & Gift Sets,75,,,1169,Without Phthalates|Without Parabens|Niacinamide|Good for: Dark Circles|Good for: Anti-Aging
P479839,Revitalizing Supreme+ Youth Power Creme Moisturizer,Estée Lauder,Moisturizers,98,4.3202,2783,4961,Hyaluronic Acid|Good for: Loss of firmness|Hydrating|Good for: Anti-Aging
P481084,Mini Revitalizing Supreme+ Youth Power Creme Moisturizer,Estée Lauder,Moisturizers,64,4.3202,2783,1449,Hyaluronic Acid|Good for: Loss of firmness|Hydrating|Good for: Anti-Aging
P461159,Estee Lauder Advanced Night Repair Synchronized Multi-Recovery Complex Serum,Estée Lauder,Treatments,115,4.0456,2410,58873,"Hyaluronic Acid|Good for: Dullness/Uneven Texture|Good for: Loss of firmness|Good for: Anti-Aging|Best for Dry, Combo, Normal Skin"
P461160,Mini Advanced Night Repair Synchronized Multi-Recovery Complex,Estée Lauder,Mini Size,19,4.0456,2410,23348,Good for: Dullness/Uneven Texture|Hyaluronic Acid|Good for: Pores|Good for: Anti-Aging|Oil Free|Without Parabens
P461933,Advanced Night Repair Synchronized Multi-Recovery Complex Duo,Estée Lauder,Treatments,195,4.0456,2410,11269,Good for: Dullness/Uneven Texture|Hyaluronic Acid|Good for: Pores|Good for: Anti-Aging|Oil Free|Without Parabens
P500701,Advanced Night Repair Eye Gel-Cream,Estée Lauder,Eye Care,72,4.3493,1795,10521,Hyaluronic Acid|Good for: Dark Circles|Hydrating|Good for: Anti-Aging
P473820,Advanced Night Repair Eye Concentrate Matrix Synchronized Multi-Recovery Complex,Estée Lauder,Treatments,82,4.3111,1096,5480,Good for: Loss of firmness|Good for: Dark Circles|Without Mineral Oil|Good for: Anti-Aging|Without Parabens|Without Sulfates SLS & SLES
P501176,Soft Clean Infusion Hydrating Treatment Lotion,Estée Lauder,Moisturizers,42,3.8333,456,920,Plumping|Hydrating|Good for: Dryness
P380000,"DayWear Advanced Multi-Protection Anti-Oxidant Moisturizer, Normal/Combination",Estée Lauder,Moisturizers,36,4.3154,298,6300,"Good for: Dullness/Uneven Texture|Good for: Anti-Aging|Good for: Dryness|SPF|Best for Dry, Combo, Normal Skin"
P482529,Micro Essence Treatment Lotion with Bio-Ferment,Estée Lauder,Moisturizers,130,4.0556,216,1834,Good for: Redness|Hydrating
P380027,Perfectly Clean Multi-Action Foam Cleanser/Purifying Mask,Estée Lauder,Cleansers,30,4.4397,116,8588,"Good for: Pores|Best for Dry, Combo, Normal Skin"
P379995,Perfectionist CP+R Wrinkle Lifting/Firming Serum,Estée Lauder,Treatments,120,4.2234,94,14820,
P406529,Advanced Night Micro Cleansing Balm,Estée Lauder,Cleansers,48,4.6393,61,5931,
P422648,DayWear Matte Oil-Control Anti-Oxidant Moisturizer Gel Creme,Estée Lauder,Moisturizers,59,4.4808,52,8588,Best for Oily Skin|Good for: Pores|Good for: Anti-Aging|Good for: Dryness|Oil Free
P399934,NightWear Plus Anti-Oxidant Night Detox Moisturizer Creme,Estée Lauder,Moisturizers,63,4.2391,46,7948,
P392892,Nutritious Super-Pomegranate Radiant Energy Moisturizer Creme,Estée Lauder,Moisturizers,70,3.878,41,6546,
P446908,Advanced Night Repair Treatment Intense Reset Concentrate,Estée Lauder,Treatments,92,4.4595,37,11042,"Good for: Redness|Good for: Dullness/Uneven Texture|Hyaluronic Acid|Good for: Dryness|Best for Dry, Combo, Normal Skin"
P380030,Perfectly Clean Multi-Action Toning Lotion/Refiner,Estée Lauder,Cleansers,30,4.2143,28,5546,
P422649,Resilience Multi-Effect Night Tri-Peptide Face and Neck Moisturizer Creme,Estée Lauder,Moisturizers,110,4.1852,27,4621,"Good for: Loss of firmness|Good for: Anti-Aging|Good for: Dryness|Best for Dry, Combo, Normal Skin"
P408273,Advanced Night Micro Cleansing Foam,Estée Lauder,Cleansers,33,3.9231,26,2742,
P405032,Micro Essence Infusion Mask,Estée Lauder,Masks,75,4.25,24,6293,
P454939,Perfectionist Pro Rapid Brightening Serum with Ferment² + Vitamin C,Estée Lauder,Treatments,86,4.1304,23,6458,"Good for: Dullness/Uneven Texture|Vitamin C|Good for: Dryness|Oil Free|Best for Dry, Combo, Normal Skin|Good for: Dark spots"
P380001,"DayWear Advanced Multi-Protection Anti-Oxidant Creme, Dry",Estée Lauder,Moisturizers,59,4.2174,23,2348,
P392891,Nutritious Super-Pomegranate Radiant Energy Night Moisturizer Creme/Mask,Estée Lauder,Masks,74,4.6,20,7994,
P417359,Advanced Night Repair Concentrated Eye Treatment Mask,Estée Lauder,Eye Care,42,4.2143,14,13898,
P427513,Perfectionist Pro Rapid Firm + Lift Treatment,Estée Lauder,Treatments,86,4,13,4615,
P446102,"Mini DayWear Advanced Multi-Protection Anti-Oxidant Creme, Normal/Combination",Estée Lauder,Mini Size,36,4.4545,11,2904,"Good for: Dullness/Uneven Texture|Good for: Anti-Aging|Good for: Dryness|SPF|Best for Dry, Combo, Normal Skin"
P427640,DayWear Eye Cooling Anti-Oxidant Moisture GelCreme,Estée Lauder,Eye Care,46,4.2727,11,2157,
P481081,Revitalizing Supreme+ Night Intensive Restorative Crème,Estée Lauder,Moisturizers,102,3.75,4,1255,Hydrating|Good for: Anti-Aging|Good for: Loss of firmness|Hyaluronic Acid
P481082,Revitalizing Supreme+ Youth Power Eye Balm,Estée Lauder,Eye Care,76,3.5,4,1136,Hyaluronic Acid|Good for: Loss of firmness|Hydrating|Good for: Dark Circles|Good for: Anti-Aging
P501153,Major Eye Impact Repair + Brighten Skincare Set,Estée Lauder,Value & Gift Sets,72,4,1,1854,Good for: Anti-Aging|Good for: Dryness
P481397,Revitalizing Supreme+ Bright Soft Creme Moisturizer,Estée Lauder,Moisturizers,98,5,1,1140,Good for: Loss of firmness|Vitamin C|Hydrating|Good for: Anti-Aging|Without Parabens|Good for: Dark spots
P505174,Soft Clean Moisture Rich Foaming Cleanser,Estée Lauder,Cleansers,26,5,1,435,Best for Dry Skin
P504017,Nighttime Necessities Repair + Lift + Hydrate,Estée Lauder,Value & Gift Sets,115,,,3091,Hydrating|Good for: Anti-Aging|Good for: Dryness|Good for: Dark spots
P230538,Brumisateur Natural Mineral Water Facial Spray Travel Duo,Evian,Moisturizers,17,4.5632,1550,27905,Clean at Sephora|Hydrating
P2043,Brumisateur Natural Mineral Water Facial Spray,Evian,Moisturizers,14,4.3932,384,31434,Clean at Sephora|Hydrating
P2046,Brumisateur Natural Mineral Water Facial Spray Travel Trio,Evian,Moisturizers,23.5,4.6813,91,10378,Clean at Sephora|Hydrating
P476683,Full Face Sculpt Kit - 14-Day Challenge,FaceGym,High Tech Tools,75,4.4733,131,5438,Good for: Loss of firmness|Good for: Dryness|Good for: Anti-Aging|Without Sulfates SLS & SLES
P482675,Active Blast Concentrated Collagen Daily Treatment,FaceGym,Treatments,65,4.6832,101,1695,Vegan|Collagen|Clean at Sephora|Good for: Anti-Aging|Cruelty-Free
P476679,Multi-Sculpt High-Performance Gua Sha,FaceGym,High Tech Tools,65,4.8795,83,5082,Good for: Loss of firmness|Good for: Anti-Aging|Good for: Dullness/Uneven Texture|Hypoallergenic
P481086,Liftwear Brightening Vitamin C Gel-Cream,FaceGym,Moisturizers,60,4.6753,77,936,Hydrating|Vitamin C|Niacinamide|Vegan|Cruelty-Free
P476678,Face Coach Lifting Squalane Face Oil,FaceGym,Moisturizers,70,4.6053,76,2438,Good for: Anti-Aging|Good for: Dryness|Good for: Loss of firmness|Without Sulfates SLS & SLES|Without Parabens
P476674,Electro-Lite Enzyme Brightening Gel Cleanser,FaceGym,Cleansers,38,4.7887,71,2393,Good for: Pores|Good for: Dullness/Uneven Texture|Alcohol Free|Cruelty-Free|Without Sulfates SLS & SLES
P476675,Hydro-Bound Hyaluronic Acid + Niacinamide Serum,FaceGym,Treatments,68,4.6377,69,2833,"Best for Dry, Combo, Normal Skin|Good for: Dryness|Good for: Loss of firmness|Niacinamide|Hyaluronic Acid|Without Parabens"
P500705,Skin Changer Succinic Acid Essence-Toner,FaceGym,Cleansers,48,4.7681,69,2193,Vegan|Good for: Dullness/Uneven Texture|Clean at Sephora|Good for: Acne/Blemishes|Cruelty-Free
P501017,Brightening Active Roller with Vitamin C,FaceGym,High Tech Tools,70,4.7612,67,961,"Refill Available|Hyaluronic Acid|Good for: Dullness/Uneven Texture|Clean at Sephora|Best for Dry, Combo, Normal Skin|Niacinamide"
P476676,Youth Reformer Firming Vitamin C Oil Serum,FaceGym,Treatments,110,4.9623,53,3104,Good for: Redness|Good for: Anti-Aging|Hyaluronic Acid|Vitamin C|Without Sulfates SLS & SLES|Without Parabens
P476680,Face Ball Tension Release Tool,FaceGym,High Tech Tools,35,4.5208,48,2856,Good for: Loss of firmness|Good for: Anti-Aging|Good for: Dullness/Uneven Texture|Hypoallergenic
P501004,Youthful Active Roller with Niacinamide,FaceGym,High Tech Tools,70,4.6316,38,1119,"Refill Available|Hyaluronic Acid|Clean at Sephora|Retinol|Best for Dry, Combo, Normal Skin|Niacinamide"
P480300,Faceshot Electric Microneedling Device + Vitamin Ampoules,FaceGym,Value & Gift Sets,275,4.5405,37,5049,Refill Available|Good for: Dullness/Uneven Texture|AHA/Glycolic Acid|Good for: Dark spots
P476681,Hyaluronic Acid Roller Dissolving Microneedling Tool,FaceGym,High Tech Tools,95,4.6757,37,4697,Good for: Dryness|Hyaluronic Acid|Refill Available|Good for: Dullness/Uneven Texture|Without Sulfates SLS & SLES
P501024,Hydrating Active Roller with Hyaluronic Acid,FaceGym,High Tech Tools,70,4.3,30,407,"Refill Available|Hyaluronic Acid|Clean at Sephora|Good for: Dryness|Best for Dry, Combo, Normal Skin|Niacinamide"
P476677,Supreme Restructure Collagen-Boosting Cermide Cream,FaceGym,Moisturizers,120,4.44,25,1609,Good for: Anti-Aging|Refill Available|Good for: Loss of firmness|Without Sulfates SLS & SLES|Without Parabens
P481085,Faceshot Vitamin Ampoules Refill,FaceGym,Treatments,90,,,1068,Refill Available|Good for: Dullness/Uneven Texture|AHA/Glycolic Acid|Good for: Dark spots
P505171,Acne Light Shot,FaceGym,Treatments,90,,,627,"Good for: Acne/Blemishes|Best for Oily, Combo, Normal Skin"
P505172,Acne Light Shot Strips,FaceGym,Treatments,17,,,7,Good for: Acne/Blemishes|Hypoallergenic
P417238,Green Clean Makeup Removing Cleansing Balm,Farmacy,Cleansers,36,4.4958,6158,403801,Vegan|Good for: Dullness/Uneven Texture|Clean + Planet Positive|Without Mineral Oil|Cruelty-Free|allure 2017 Best of Beauty Award Winner
P450271,Green Clean Makeup Meltaway Cleansing Balm Limited Edition Jumbo,Farmacy,Cleansers,60,4.4958,6158,0,"Good for: Dullness/Uneven Texture|Community Favorite|Clean + Planet Positive|Without Mineral Oil|Best for Oily, Combo, Normal Skin"
P434548,Honeymoon Glow AHA Resurfacing Night Serum,Farmacy,Moisturizers,60,4.3154,1931,177152,Good for: Dullness/Uneven Texture|Clean + Planet Positive|Good for: Dark Circles|AHA/Glycolic Acid|Cruelty-Free
P458209,Daily Greens Oil-Free Gel Moisturizer with Moringa and Papaya,Farmacy,Moisturizers,42,4.0612,1356,72156,"Good for: Pores|Clean + Planet Positive|Best for Oily, Combo, Normal Skin|Niacinamide|Cruelty-Free"
P463036,Honey Halo Ultra-Hydrating Ceramide Moisturizer,Farmacy,Moisturizers,48,4.4484,1327,131912,Best for Dry Skin|Clean + Planet Positive|Good for: Anti-Aging|Good for: Dryness|Without Parabens|Without Silicones
P471025,FILLING GOOD hyaluronic acid plumping serum,Farmacy,Treatments,48,4.3191,912,32224,"Hyaluronic Acid|Clean + Planet Positive|Hydrating|Good for: Anti-Aging|Good for: Dryness|Best for Dry, Combo, Normal Skin"
P479318,10% Niacinamide Night Mask,Farmacy,Masks,44,4.6759,901,56372,Good for: Dullness/Uneven Texture|Good for: Pores|Clean + Planet Positive|Hydrating|Niacinamide|Cruelty-Free
P431187,Clean Bee Ultra Gentle Facial Cleanser,Farmacy,Cleansers,28,4.0341,881,52562,Good for: Dullness/Uneven Texture|Hyaluronic Acid|Clean + Planet Positive|Good for: Dryness|Cruelty-Free
P428416,Honey Butter Beeswax Lip Balm,Farmacy,Lip Balms & Treatments,12,4.2551,839,55236,Natural Finish|Good for: Dullness/Uneven Texture|Clean + Planet Positive|Hydrating|Good for: Dryness|Cruelty-Free
P482676,10% Waterless Vitamin C Serum,Farmacy,Treatments,50,4.4315,825,27859,Good for: Dullness/Uneven Texture|Good for: Loss of firmness|Clean + Planet Positive|Vitamin C|Good for: Dark spots|Cruelty-Free
P459141,Deep Sweep 2% BHA Pore Cleaning Toner with Moringa + Papaya,Farmacy,Cleansers,32,4.4835,819,93009,"Vegan|Clean + Planet Positive|Good for: Pores|Best for Oily, Combo, Normal Skin|Without Parabens|Cruelty-Free"
P480301,Mini Deep Sweep 2% BHA Pore Cleaning Toner with Moringa + Papaya,Farmacy,Cleansers,16,4.4835,819,17610,"Vegan|Good for: Pores|Clean + Planet Positive|Salicylic Acid|Best for Oily, Combo, Normal Skin|Cruelty-Free"
P477157,Clearly Clean Makeup Removing Cleansing Balm,Farmacy,Cleansers,36,4.6494,619,22126,Vegan|Good for: Dullness/Uneven Texture|Clean + Planet Positive|Fragrance Free|Cruelty-Free
P503879,Wake Up Honey Eye Cream with Brightening Vitamin C,Farmacy,Eye Care,45,4.7118,569,28506,Good for: Dullness/Uneven Texture|Vitamin C|Clean + Planet Positive|Good for: Dark Circles|Good for: Anti-Aging|Good for: Dryness
P414293,Honey Savior All-in-One Skin Repair Salve,Farmacy,Moisturizers,34,4.4348,529,34646,"Clean + Planet Positive|Hydrating|Good for: Dark Circles|Good for: Dryness|Without Parabens|Best for Dry, Combo, Normal Skin"
P466661,Whipped Greens Oil-Free Foaming Cleanser with Moringa and Papaya,Farmacy,Cleansers,28,4.5747,482,40927,"Good for: Pores|Clean + Planet Positive|Without Mineral Oil|Oil Free|Best for Oily, Combo, Normal Skin|Cruelty-Free"
P500288,1% Vitamin A Retinol Serum,Farmacy,Treatments,60,4.766,453,24674,Good for: Dullness/Uneven Texture|Good for: Loss of firmness|Clean + Planet Positive|Retinol|Good for: Anti-Aging|Fragrance Free
P444226,Honey Grail Ultra-Hydrating Face Oil,Farmacy,Moisturizers,48,4.2355,310,47186,Clean + Planet Positive|Good for: Dark Circles|Hydrating|Good for: Dryness|Without Parabens|Cruelty-Free
P449188,Green Defense Daily Mineral Sunscreen SPF 30,Farmacy,Sunscreen,36,3.9767,300,31465,
P475540,Honey Halo Moisturizer Jumbo,Farmacy,Moisturizers,74,4.7273,99,28597,Best for Dry Skin|Clean + Planet Positive|Good for: Anti-Aging|Good for: Dryness|Without Parabens|Without Silicones
P480165,Healthy Skin Starter Kit,Farmacy,Value & Gift Sets,42,4.7653,98,20010,Good for: Dullness/Uneven Texture|Clean + Planet Positive|Hydrating|Good for: Dryness|AHA/Glycolic Acid
P480444,Honey Potion Plus Ceramide Hydration Mask,Farmacy,Masks,60,4,70,32523,Good for: Dullness/Uneven Texture|Clean + Planet Positive|Hydrating|Good for: Dryness|Cruelty-Free
P503997,"Cleanse + Treat Duo Nighttime Routine for Clean, Smooth Skin",Farmacy,Value & Gift Sets,46,4.7778,9,4870,Good for: Dullness/Uneven Texture|Clean + Planet Positive|Good for: Pores|Without Parabens|Niacinamide|Cruelty-Free
P504614,Brighten Up 3% TXA Dark Spot Toner with Azelaic Acid,Farmacy,Cleansers,34,,,432,Good for: Dullness/Uneven Texture|Clean + Planet Positive|Hydrating|Without Parabens|Good for: Dark spots|Cruelty-Free
P467249,Hydra Vizor Invisible Moisturizer Broad Spectrum SPF 30 Sunscreen with Niacinamide + Kalahari Melon,Fenty Skin,Moisturizers,39,4.0128,781,64620,Refill Available|Hyaluronic Acid|Hydrating|Clean at Sephora|Oil Free|Black Owned at Sephora
P500307,Cherry Treat Conditioning + Strengthening Lip Oil,Fenty Skin,Lip Balms & Treatments,24,4.4484,533,119797,Vegan|Hydrating|Clean at Sephora|Good for: Dryness|Black Owned at Sephora|Cruelty-Free
P467248,Fat Water Niacinamide Pore-Refining Toner Serum with Barbados Cherry,Fenty Skin,Cleansers,34,4.1052,485,77300,Vegan|Good for: Pores|Clean at Sephora|Alcohol Free|Good for: Dark spots|Black Owned at Sephora
P467247,Total Cleans'r Makeup-Removing Cleanser with Barbados Cherry,Fenty Skin,Cleansers,28,4.103,427,42777,Good for: Pores|Vitamin C|Clean at Sephora|Oil Free|Black Owned at Sephora|Cruelty-Free
P482264,Cookies N Clean Whipped Clay Pore Detox Face Mask with Salicylic Acid + Charcoal,Fenty Skin,Masks,35,4.6897,390,73465,Good for: Dullness/Uneven Texture|Good for: Pores|Clean at Sephora|Fragrance Free|Salicylic Acid|Black Owned at Sephora
P503692,Plush Puddin’ Intensive Recovery Lip Mask With Pomegranate Sterols + Vitamin E,Fenty Skin,Lip Balms & Treatments,22,4.1144,376,76840,Vegan|Hydrating|Clean at Sephora|Good for: Dryness|Black Owned at Sephora|Cruelty-Free
P501581,Cocoa Cleans'r Soothing All-Over Cleansing Bar,Fenty Skin,Cleansers,14,4.1739,299,12779,Vegan|Clean at Sephora|Good for: Dryness|Black Owned at Sephora|Cruelty-Free
P500894,Fat Water Hydrating Milky Toner Essence with Hyaluronic Acid + Tamarind,Fenty Skin,Moisturizers,34,4.6554,296,24560,Good for: Pores|Clean at Sephora|Good for: Dryness|Good for: Dark spots|Black Owned at Sephora|Niacinamide
P467251,Fenty Skin Travel Size Start'r Set,Fenty Skin,Value & Gift Sets,45,4.0647,278,38902,Good for: Pores|Clean at Sephora|Oil Free|SPF|Good for: Dark spots|Black Owned at Sephora
P503250,Watch Ya Tone 5% Niacinamide Dark Spot Serum with Vitamin C,Fenty Skin,Treatments,42,4.5829,199,25289,Refill Available|Good for: Dullness/Uneven Texture|Vitamin C|Clean at Sephora|Niacinamide|Black Owned at Sephora
P479319,Pre-Show Glow Instant Retexturizing 10% AHA Treatment + Reusable Applicator,Fenty Skin,Treatments,42,4.4348,184,17786,Good for: Dullness/Uneven Texture|Good for: Pores|AHA/Glycolic Acid|Good for: Dark spots|Black Owned at Sephora|Cruelty-Free
P467250,Instant Reset Brightening Overnight Recovery Gel-Cream With Niacinamide + Kalahari Melon Oil,Fenty Skin,Moisturizers,45,4.1988,166,35804,Refill Available|Hyaluronic Acid|Good for: Loss of firmness|Hydrating|Niacinamide|Black Owned at Sephora
P504240,Mini Instant Reset Brightening Overnight Recovery Gel-Cream With Niacinamide + Kalahari Melon Oil,Fenty Skin,Moisturizers,26,4.1988,166,4881,Refill Available|Hyaluronic Acid|Good for: Loss of firmness|Hydrating|Niacinamide|Black Owned at Sephora
P469087,Flash Nap Instant Revival Priming Eye Gel-Cream With Green Tea + Persian Silk Tree,Fenty Skin,Eye Care,36,3.5143,70,26880,Hyaluronic Acid|Hydrating|Good for: Dark Circles|Good for: Anti-Aging|Oil Free|Black Owned at Sephora
P476485,Hydra Vizor Invisible Moisturizer Broad Spectrum SPF 30 Sunscreen with Niacinamide Refill,Fenty Skin,Moisturizers,35,4.4865,37,14985,Refill Available|Hyaluronic Acid|Hydrating|Clean at Sephora|Oil Free|Black Owned at Sephora
P472311,Mini Total Cleans'r Makeup Removing Cleanser,Fenty Skin,Mini Size,15,3.7727,22,9677,Vegan|Good for: Pores|Vitamin C|Clean at Sephora|Oil Free|Black Owned at Sephora
P480166,Mini Hydra Vizor Invisible Moisturizer Broad Spectrum SPF 30 Sunscreen with Niacinamide,Fenty Skin,Moisturizers,25,3.7857,14,11380,Refill Available|Hyaluronic Acid|Hydrating|Clean at Sephora|Oil Free|Black Owned at Sephora
P504880,Melt Awf Jelly Oil Makeup-Melting Cleanser,Fenty Skin,Cleansers,34,4.0909,11,8214,Vegan|Good for: Pores|Hydrating|Clean at Sephora|Good for: Dryness|Black Owned at Sephora
P476496,Instant Reset Brightening Overnight Recovery Gel-Cream with Niacinamide Refill,Fenty Skin,Moisturizers,40,5,8,8257,Refill Available|Hyaluronic Acid|Good for: Loss of firmness|Hydrating|Niacinamide|Black Owned at Sephora
P501886,The Glow Around 4-Piece Travel Skincare Essentials Set,Fenty Skin,Value & Gift Sets,59,5,1,7523,Vegan|Good for: Pores|Clean at Sephora|Good for: Anti-Aging|Good for: Dryness|Black Owned at Sephora
P503110,Mini Cleansing Bar Duo + Case,Fenty Skin,Value & Gift Sets,19,,,6562,Vegan|Clean at Sephora|Good for: Dryness|Black Owned at Sephora|Cruelty-Free
P501574,Renew + Recover Face + Eye Hydration Essentials,Fenty Skin,Value & Gift Sets,45,,,5017,Vegan|Hydrating|Clean at Sephora|Good for: Anti-Aging|Good for: Dryness|Black Owned at Sephora
P248407,Ultra Repair Cream Intense Hydration,First Aid Beauty,Moisturizers,38,4.52,7539,300432,Best for Dry Skin|Community Favorite|Clean at Sephora|Good for: Dryness|Fragrance Free|Cruelty-Free
P248404,Pure Skin Face Cleanser,First Aid Beauty,Cleansers,24,4.3738,4727,146805,Good for: Redness|Community Favorite|Good for: Dark Circles|Clean at Sephora|Fragrance Free|Cruelty-Free
P278317,Facial Radiance Pads,First Aid Beauty,Treatments,36,4.2781,2571,127405,"Good for: Dullness/Uneven Texture|Community Favorite|Clean at Sephora|Fragrance Free|Best for Oily, Combo, Normal Skin|Cruelty-Free"
P415237,Hello FAB Coconut Skin Smoothie Priming Moisturizer,First Aid Beauty,Moisturizers,32,4.1988,1826,77772,Best for Normal Skin|Radiant Finish|Oil Free|Vegan|Cruelty-Free|Clean at Sephora
P426707,Hello FAB Coconut Water Cream,First Aid Beauty,Moisturizers,36,4.0009,1072,64785,Best for Combination Skin|Good for: Dryness|Fragrance Free|Cruelty-Free|Clean at Sephora
P384539,Deep Cleanser with Red Clay,First Aid Beauty,Cleansers,24,4.2608,1062,37998,Good for: Acne/Blemishes|Good for: Pores|Cruelty-Free|Clean at Sephora
P375534,Ultra Repair Face Moisturizer,First Aid Beauty,Moisturizers,28,4.1964,988,59220,Best for Normal Skin|Good for: Dryness|Fragrance Free|Cruelty-Free|Clean at Sephora
P393076,Ultra Repair Hydra-Firm Night Cream,First Aid Beauty,Moisturizers,44,4.3114,562,54167,Good for: Dark Circles|Good for: Loss of firmness|Fragrance Free|Cruelty-Free|Clean at Sephora
P468821,Ultra Repair Firming Collagen Cream with Peptides and Niacinamide,First Aid Beauty,Moisturizers,44,4.5356,534,60505,Good for: Dark Circles|Good for: Anti-Aging|Collagen|Niacinamide|Cruelty-Free|Clean at Sephora
P447603,Ultra Repair Wild Oat Hydrating Toner,First Aid Beauty,Cleansers,24,4.4746,531,54752,Good for: Dark Circles|Good for: Dryness|Fragrance Free|Cruelty-Free|Clean at Sephora
P441220,Ultra Repair Oat & Hemp Seed Dry Oil,First Aid Beauty,Moisturizers,36,4.3545,440,28615,allure 2020 Best of Beauty Award Winner|Good for: Redness|Clean at Sephora|Good for: Dryness|Cruelty-Free
P456994,Eye Duty Niacinamide Brightening Eye Cream,First Aid Beauty,Eye Care,36,3.6735,392,49318,Best for Normal Skin|Good for: Dark Circles|Fragrance Free|Cruelty-Free|Clean at Sephora
P500756,10% Vitamin C Brightening Serum,First Aid Beauty,Treatments,50,4.6781,351,16175,Vegan|Good for: Dullness/Uneven Texture|Vitamin C|Clean at Sephora|Fragrance Free|Cruelty-Free
P455894,Ultra Repair Oil-Control Moisturizer,First Aid Beauty,Moisturizers,36,4.2388,289,24055,"Best for Oily, Combo, Normal Skin|Good for: Pores|Good for: Dryness|Fragrance Free|Cruelty-Free|Clean at Sephora"
P483658,Mineral Sunscreen Zinc Oxide Broad Spectrum SPF 30,First Aid Beauty,Sunscreen,28,4.4878,246,9664,Clean at Sephora|Good for: Anti-Aging|Fragrance Free|UV Protection|Cruelty-Free
P467115,Facial Radiance Niacinamide Dark Spot Serum,First Aid Beauty,Treatments,42,3.6559,186,27888,Best for Normal Skin|Good for: Dark spots|Niacinamide|Fragrance Free|Cruelty-Free|Clean at Sephora
P442713,FAB Skin Lab Retinol Eye Cream with Triple Hyaluronic Acid,First Aid Beauty,Eye Care,44,3.7222,162,37716,Good for: Dark Circles|Best for Normal Skin|Good for: Anti-Aging|Fragrance Free|Cruelty-Free|Clean at Sephora
P416825,FAB Skin Lab Retinol Serum 0.25% Pure Concentrate,First Aid Beauty,Treatments,58,3.9811,159,24816,Clean at Sephora|Retinol|Good for: Anti-Aging|Good for: Dullness/Uneven Texture|Vegan|Community Favorite
P500746,Hydrating Serum with Hyaluronic Acid,First Aid Beauty,Treatments,40,4.5727,110,8865,Hyaluronic Acid|Plumping|Hydrating|Clean at Sephora|Fragrance Free|Cruelty-Free
P503809,Bounce-Boosting Serum with Collagen + Peptides,First Aid Beauty,Treatments,44,4.7273,88,7214,"Collagen|Clean at Sephora|Good for: Anti-Aging|Fragrance Free|Best for Dry, Combo, Normal Skin|Cruelty-Free"
P399656,Fab Faves To Go Kit,First Aid Beauty,Value & Gift Sets,30,4.5854,82,10231,
P461161,FAB Pharma BHA Acne Spot Treatment Gel 2% Salicylic Acid,First Aid Beauty,Treatments,26,4.2857,77,13002,Good for: Pores|Good for: Acne/Blemishes|Salicylic Acid|Cruelty-Free|Vegan|Clean at Sephora
P480603,2-in-1 Cleansing Oil + Makeup Remover,First Aid Beauty,Cleansers,26,3.6081,74,9294,"Best for Dry, Combo, Normal Skin|Without Sulfates SLS & SLES|Vegan|Fragrance Free|Cruelty-Free|Clean at Sephora"
P479840,Hydrating Eye Cream with Hyaluronic Acid,First Aid Beauty,Eye Care,30,3.8429,70,17841,Clean at Sephora|Vegan|Cruelty-Free|Hydrating|Plumping|Hyaluronic Acid
P461162,FAB Pharma White Clay Acne Treatment Pads 2% Salicylic Acid,First Aid Beauty,Treatments,30,4.5692,65,13624,Good for: Acne/Blemishes|Good for: Pores|Salicylic Acid|Cruelty-Free|Vegan|Clean at Sephora
P472031,FAB Pharma Calamine Pore Purging Mask,First Aid Beauty,Masks,30,4.5366,41,14414,"Good for: Pores|Clean at Sephora|Salicylic Acid|Best for Oily, Combo, Normal Skin"
P468354,Hydrating Ultra Repair Cream Duo,First Aid Beauty,Value & Gift Sets,46,4.6154,13,5918,Vegan|Best for Dry Skin|Clean at Sephora|Good for: Dryness|Fragrance Free|Cruelty-Free
P480604,FAB Faves Trio,First Aid Beauty,Value & Gift Sets,30,4,4,3738,"Vegan|Good for: Dullness/Uneven Texture|Clean at Sephora|AHA/Glycolic Acid|Best for Dry, Combo, Normal Skin|Cruelty-Free"
P480445,Smooth + FAB Travel Size Duo,First Aid Beauty,Value & Gift Sets,20,5,1,6327,"Vegan|Good for: Dullness/Uneven Texture|Clean at Sephora|AHA/Glycolic Acid|Best for Dry, Combo, Normal Skin|Cruelty-Free"
P504882,Bye Bye Bumps - Best of Body Kit,First Aid Beauty,Value & Gift Sets,30,5,1,921,"Good for: Dullness/Uneven Texture|Clean at Sephora|Fragrance Free|AHA/Glycolic Acid|Best for Dry, Combo, Normal Skin|Cruelty-Free"
P440981,Age Adapting CBD Serum,Flora + Bast,Treatments,77,4.6158,177,13007,CBD|Hydrating
P476860,APHRODISIA Intimate Arousal Cannabis Oil,Flora + Bast,Wellness,77,4.4737,19,4350,Vegan|Unisex/ Genderless Scent|CBD|Plumping|Without Silicones
P500998,Soothe + Hydrate Barrier Building Hydrosol Mist,Flora + Bast,Moisturizers,44,5,3,986,Best for Dry Skin|Hydrating|Good for: Anti-Aging|Good for: Dryness|Good for: Acne/Blemishes
P477160,Mini Age Adapting CBD Serum,Flora + Bast,Mini Size,38.5,,,0,CBD|Hydrating
P433453,LUNA fofo,FOREO,High Tech Tools,89,2.888,241,9822,"Good for: Dryness|Good for: Acne/Blemishes|Best for Dry, Combo, Normal Skin"
P461935,BEAR Facial Toning Device,FOREO,High Tech Tools,329,4.4236,229,11753,"Good for: Loss of firmness|Good for: Anti-Aging|Best for Dry, Combo, Normal Skin"
P419633,ESPADA Blue Light Acne Treatment,FOREO,Treatments,159,3.8873,142,17954,"Good for: Acne/Blemishes|Best for Oily, Combo, Normal Skin"
P461936,BEAR mini Facial Toning Device,FOREO,High Tech Tools,219,4.1228,114,7401,"Good for: Loss of firmness|Good for: Anti-Aging|Best for Dry, Combo, Normal Skin"
P454821,LUNA Mini 3,FOREO,High Tech Tools,179,3.8785,107,16929,"Good for: Dullness/Uneven Texture|Good for: Acne/Blemishes|Best for Oily, Combo, Normal Skin"
P405827,IRIS Illuminating Eye Massager,FOREO,Eye Care,149,3.5,60,10363,
P502848,LUNA 4 go Facial Cleansing & Massaging Device,FOREO,High Tech Tools,129,4.8113,53,2761,"Good for: Dullness/Uneven Texture|Waterproof|Good for: Acne/Blemishes|Best for Oily, Combo, Normal Skin"
P468652,UFO 2,FOREO,High Tech Tools,299,4.3947,38,12668,"Best for Dry, Combo, Normal Skin|Good for: Anti-Aging|Good for: Dryness"
P433466,Call It A Night Activated Mask,FOREO,Masks,10.99,4.5909,22,13055,"Best for Dry, Combo, Normal Skin|Good for: Dryness|Alcohol Free|Without Mineral Oil|Without Parabens|Without Silicones"
P474830,LUNA play plus 2,FOREO,High Tech Tools,69,3.55,20,4264,"Good for: Dullness/Uneven Texture|Good for: Acne/Blemishes|Best for Oily, Combo, Normal Skin"
P436346,Youth Junkie Activated Mask,FOREO,Masks,21.99,4.6316,19,9611,"Best for Dry, Combo, Normal Skin|Good for: Loss of firmness|Collagen|Without Mineral Oil|Without Parabens|Without Silicones"
P433465,Make My Day Activated Mask,FOREO,Masks,10.99,4.1667,18,9889,"Best for Dry, Combo, Normal Skin|Good for: Dryness|Hyaluronic Acid|Alcohol Free|Without Mineral Oil|Without Parabens"
P502818,LUNA 4 Facial Cleansing & Firming Massage for Balanced Skin,FOREO,High Tech Tools,279,5,16,918,Best for Normal Skin|Good for: Dullness/Uneven Texture|Good for: Loss of firmness|Waterproof|Good for: Acne/Blemishes
P502827,LUNA 4 Facial Cleansing & Firming Massage for Sensitive Skin,FOREO,High Tech Tools,279,4.8,15,1769,Good for: Dullness/Uneven Texture|Good for: Loss of firmness|Waterproof|Good for: Acne/Blemishes
P461937,Serum Serum Serum,FOREO,Treatments,59,1.8462,13,1850,"Best for Dry, Combo, Normal Skin|Good for: Anti-Aging|Hyaluronic Acid|Fragrance Free|Alcohol Free"
P502831,LUNA 4 Facial Cleansing & Firming Massage for Combination Skin,FOREO,High Tech Tools,279,4.9231,13,1536,Best for Combination Skin|Good for: Dullness/Uneven Texture|Good for: Loss of firmness|Waterproof|Good for: Acne/Blemishes
P436343,H2Overdose Activated Mask,FOREO,Masks,20,3.8182,11,4878,
P436347,Glow Addict Activated Mask,FOREO,Masks,21.99,4.5,10,8426,
P469862,Rich Bitch Cactus + Vitamin C Moisturizer,Freck Beauty,Moisturizers,34,4.3784,222,17528,Good for: Redness|Best for Dry Skin|Vitamin C|Hydrating|Clean at Sephora|Cruelty-Free
P469818,Cactus Water Cleansing Lactic Acid Toner,Freck Beauty,Cleansers,32,4.5311,209,10510,Vegan|Good for: Dullness/Uneven Texture|Lactic Acid|Clean at Sephora|Good for: Acne/Blemishes|Cruelty-Free
P7880,Soy Hydrating Gentle Face Cleanser,fresh,Cleansers,39,4.3628,8733,282865,"Clean at Sephora|Best for Dry, Combo, Normal Skin|Hydrating|Good for: Dryness|Good for: Dullness/Uneven Texture|Without Parabens"
P302103,Sugar Advanced Lip Balm Intense Hydration Treatment,fresh,Lip Balms & Treatments,28,4.2837,2957,125611,Hyaluronic Acid|Clean at Sephora|Hydrating|Good for: Dryness
P12336,Rose Face Mask,fresh,Masks,64,4.1887,2411,125801,"Hyaluronic Acid|Clean at Sephora|Good for: Dryness|Without Parabens|Best for Dry, Combo, Normal Skin"
P421243,Sugar Hydrating Lip Balm,fresh,Lip Balms & Treatments,19,4.1991,2200,132861,Clean at Sephora|Good for: Dryness
P500633,Tea Elixir Niacinamide & Hyaluronic Acid Anti-Aging Serum,fresh,Treatments,80,4.7724,1872,21533,Hyaluronic Acid|Clean at Sephora|Good for: Anti-Aging|Good for: Dryness|Niacinamide
P471237,Rose & Hyaluronic Acid Deep Hydration Moisturizer,fresh,Moisturizers,46,4.5877,1807,52868,"Good for: Dullness/Uneven Texture|Hyaluronic Acid|Clean at Sephora|Good for: Dryness|Without Parabens|Best for Dry, Combo, Normal Skin"
P440312,Lotus Anti-Aging Night Moisturizer,fresh,Moisturizers,56,4.4843,1687,103629,"Clean at Sephora|Hydrating|Good for: Anti-Aging|Without Parabens|Best for Dry, Combo, Normal Skin"
P503936,Black Tea Anti-Aging Moisturizer with Retinol-Alternative BT Matrix,fresh,Moisturizers,95,4.8434,1386,6292,"Cream Formula|Good for: Dullness/Uneven Texture|Good for: Loss of firmness|Clean at Sephora|Best for Oily, Combo, Normal Skin|Best for Dry, Combo, Normal Skin"
P417936,Rose & Hyaluronic Acid Deep Hydration Toner,fresh,Cleansers,46,4.1636,1351,159149,"Hyaluronic Acid|Community Favorite|Clean at Sephora|Hydrating|Without Parabens|Best for Dry, Combo, Normal Skin"
P445827,Sugar Strawberry Exfoliating Face Wash,fresh,Cleansers,33,4.1597,1259,61862,"Clean at Sephora|Best for Oily, Combo, Normal Skin|Good for: Dullness/Uneven Texture|Good for: Pores|Without Parabens|Without Sulfates SLS & SLES"
P442858,Rose Deep Hydration Sleeping Mask,fresh,Masks,29,4.4586,1232,44288,Hyaluronic Acid|Good for: Dullness/Uneven Texture|Clean at Sephora|Hydrating|Good for: Dryness|Without Parabens
P500777,Sugar Lip Balm Hydrating Treatment,fresh,Lip Balms & Treatments,25,4.5244,1148,41928,Clean at Sephora|Hydrating|Without Phthalates|Without Parabens
P479841,Floral Recovery Overnight Mask with Squalane,fresh,Masks,69,4.797,1128,30022,Good for: Dullness/Uneven Texture|Vitamin C|Clean at Sephora|Good for: Dryness|Without Parabens
P12295,Sugar Face Polish Exfoliator,fresh,Cleansers,64,4.5196,1070,78005,Clean at Sephora|Good for: Pores
P454378,Lotus Anti- Aging Daily Moisturizer,fresh,Moisturizers,54,4.3963,1070,52999,"Hyaluronic Acid|Good for: Dullness/Uneven Texture|Clean at Sephora|Good for: Anti-Aging|Without Parabens|Best for Dry, Combo, Normal Skin"
P457005,Rose & Squalane Deep Hydration Oil-Infused Serum,fresh,Treatments,60,4.5838,978,55320,"Clean at Sephora|Best for Dry, Combo, Normal Skin|Good for: Dryness|Hydrating|Without Parabens"
P39970,Rose Floral Toner,fresh,Cleansers,15,4.1067,937,80841,Clean at Sephora|Good for: Dryness
P217513,Black Tea Instant Perfecting Mask,fresh,Masks,96,4.2919,908,65834,
P454396,Lotus Youth Preserve Eye Cream,fresh,Eye Care,45,4.4037,763,21612,"Clean at Sephora|Best for Dry, Combo, Normal Skin|Good for: Anti-Aging|Hyaluronic Acid|Without Parabens|Without Sulfates SLS & SLES"
P466122,Kombucha 2-in-1 No-Rinse Cleanser & Prebiotic Treatment,fresh,Cleansers,44,4.426,716,8957,Clean at Sephora|Good for: Dryness
P457517,Rose Petal-Soft Deep Hydration Lip Balm,fresh,Lip Balms & Treatments,25,4.3891,699,28208,
P384778,Black Tea Firming and De-Puffing Eye Cream,fresh,Eye Care,68,3.8768,609,58657,"Clean at Sephora|Best for Dry, Combo, Normal Skin|Good for: Dark Circles|Hyaluronic Acid|Without Parabens|Without Sulfates SLS & SLES"
P474832,Sugar Recovery Lip Mask Advanced Therapy,fresh,Lip Balms & Treatments,28,4.6973,598,21441,Hyaluronic Acid|Hydrating|Clean at Sephora|Good for: Dryness|Without Parabens
P442003,Sugar Mint Rush Freshening Lip Treatment,fresh,Lip Balms & Treatments,25,4.0833,528,26121,Clean at Sephora|Hydrating|Good for: Dryness
P426080,Lotus Youth Preserve Rescue Mask,fresh,Masks,69,4.351,490,33687,Clean at Sephora|Good for: Dryness
P391799,Black Tea Firming Overnight Mask,fresh,Masks,96,4.1369,482,73168,"Hyaluronic Acid|Good for: Loss of firmness|Clean at Sephora|Without Parabens|Best for Dry, Combo, Normal Skin|Without Sulfates SLS & SLES"
P420158,Vitamin C Glow Moisturizer,fresh,Moisturizers,48,4.2411,419,36763,"Clean at Sephora|Best for Dry, Combo, Normal Skin"
P436353,Mini Rose & Hyaluronic Acid Deep Hydration Toner,fresh,Mini Size,26,4.125,336,65185,"Hyaluronic Acid|Community Favorite|Clean at Sephora|Hydrating|Without Parabens|Best for Dry, Combo, Normal Skin"
P448192,Mini Sugar Strawberry Exfoliating Face Wash,fresh,Mini Size,15,3.8956,182,25388,"Clean at Sephora|Best for Oily, Combo, Normal Skin|Good for: Dullness/Uneven Texture|Good for: Pores|Without Parabens|Without Sulfates SLS & SLES"
P449158,Mini Lotus Anti-Aging Night Moisturizer,fresh,Mini Size,22,3.9935,154,34666,"Clean at Sephora|Hydrating|Good for: Anti-Aging|Without Parabens|Best for Dry, Combo, Normal Skin"
P481703,Black Tea Corset Cream Firming Moisturizer,fresh,Moisturizers,95,4.0065,153,3371,Good for: Loss of firmness|Clean at Sephora|Good for: Dryness|Without Parabens
P450211,Mini Vitamin Nectar Glow Juice Antioxidant Face Serum,fresh,Mini Size,28,3.9926,136,38157,"Clean at Sephora|Best for Dry, Combo, Normal Skin"
P403748,Black Tea Corset Firming Serum,fresh,Treatments,75,3.901,101,15355,Good for: Dullness/Uneven Texture|Good for: Loss of firmness|Clean at Sephora|Without Parabens
P454395,Mini Lotus Youth Preserve Moisturizer,fresh,Mini Size,21,3.7733,75,16661,"Hyaluronic Acid|Good for: Dullness/Uneven Texture|Clean at Sephora|Good for: Anti-Aging|Without Parabens|Best for Dry, Combo, Normal Skin"
P450210,Vitamin Nectar Glow Juice Antioxidant Face Serum,fresh,Treatments,28,3.9714,70,3789,"Clean at Sephora|Best for Dry, Combo, Normal Skin"
P439626,Black Tea Firming Eye Serum,fresh,Eye Care,72,3.7619,63,14953,Clean at Sephora|Good for: Loss of firmness
P472466,Mini Rose & Hyaluronic Acid Deep Hydration Moisturizer,fresh,Moisturizers,18,3.9808,52,22152,"Good for: Dullness/Uneven Texture|Hyaluronic Acid|Clean at Sephora|Good for: Dryness|Without Parabens|Best for Dry, Combo, Normal Skin"
P432256,Mini Black Tea Instant Perfecting Mask,fresh,Mini Size,40,4.3571,28,9725,Good for: Loss of firmness|Clean at Sephora
P500012,Rose Hydration Pore-Minimizing Mist,fresh,Moisturizers,24,4.4706,17,14153,Good for: Dullness/Uneven Texture|Good for: Pores|Clean at Sephora|Hydrating|Without Parabens
P429538,Lotus Youth Preseve Rescue Mask Mini,fresh,Shop by Concern,28,4.2667,15,0,
P435387,Mini Rose Floral Toner,fresh,Mini Size,15,3.7,10,0,Clean at Sephora|Good for: Dryness
P504272,Hydrating Skincare Gift Set,fresh,Value & Gift Sets,59,3.2857,7,6842,Clean at Sephora|Good for: Dryness
P503226,Sugar Triple-Action Lip Serum Advanced Therapy,fresh,Lip Balms & Treatments,36,3.8571,7,3996,Good for: Dullness/Uneven Texture|Good for: Loss of firmness|Clean at Sephora
P504273,Treat & Tint Mini Lip Care Gift Set,fresh,Value & Gift Sets,35,4,5,8577,Clean at Sephora|Good for: Dryness
P481704,Umbrian Clay Pore Purifying Face Mask,fresh,Masks,58,4.5,4,6419,Clean at Sephora|Good for: Pores|Good for: Acne/Blemishes|Without Parabens
P432255,Mini Black Tea Firming Overnight Mask,fresh,Mini Size,40,4,3,0,"Hyaluronic Acid|Good for: Loss of firmness|Clean at Sephora|Without Parabens|Best for Dry, Combo, Normal Skin|Without Sulfates SLS & SLES"
P504289,Prep & Treat Lip Care Gift Set,fresh,Value & Gift Sets,28,3.5,2,4428,Clean at Sephora|Good for: Dryness
P503915,Mini Floral Recovery Overnight Mask with Squalane,fresh,Masks,28,5,1,3539,Good for: Dullness/Uneven Texture|Vitamin C|Clean at Sephora|Good for: Dryness|Without Parabens
P505493,Mini Kombucha Antioxidant Facial Treatment Essence,fresh,Moisturizers,39,,,26,Good for: Dullness/Uneven Texture|Hyaluronic Acid|Clean at Sephora|Good for: Dryness|Without Parabens
P505509,Kombucha Antioxidant Facial Treatment Essence,fresh,Moisturizers,82,,,22,Good for: Dullness/Uneven Texture|Hyaluronic Acid|Clean at Sephora|Good for: Dryness|Without Parabens
P505233,Honey Infused Lip Oil,Gisou,Lip Balms & Treatments,32,4.9474,19,547,Hyaluronic Acid|High Shine Finish|Plumping|Clean at Sephora|Hydrating
P281835,GLO Brilliant White Smile - At Home Teeth Whitening Device,GLO Science,Value & Gift Sets,159,3.9987,779,95949,Refill Available|Without Phthalates|Without Parabens|Gluten Free|Without Sulfates SLS & SLES|Cruelty-Free
P404465,GLO Lit Teeth Whitening Vials 3 Pack,GLO Science,High Tech Tools,24,4.1409,149,35507,Good for: Anti-Aging|Gluten Free|Vegan|Without Triclosan
P395389,GLO Brilliant Teeth Whitening GLO Vials 10 Pack plus Lip Care,GLO Science,High Tech Tools,65,4.4211,133,16148,Good for: Anti-Aging|Gluten Free|Vegan|Without Triclosan
P399755,GLO Lit Teeth Whitening Vials 7 Pack + Lip Care,GLO Science,High Tech Tools,49,4.3917,120,17417,Good for: Anti-Aging|Gluten Free|Vegan|Without Triclosan
P472467,GLO to Go Teeth Whitening Pen,GLO Science,High Tech Tools,25,4.4889,90,8059,Vegan|Good for: Anti-Aging|Gluten Free
P504523,Futuredew Facial Oil-Serum Hybrid,Glossier,Moisturizers,26,3.9651,86,17832,"Vegan|Good for: Dullness/Uneven Texture|Hydrating|Clean at Sephora|Best for Dry, Combo, Normal Skin|Cruelty-Free"
P504524,Milky Jelly Gentle Gel Face Cleanser,Glossier,Cleansers,19,4.0877,57,10558,"Vegan|Hydrating|Clean at Sephora|Best for Dry, Combo, Normal Skin|Without Sulfates SLS & SLES|Cruelty-Free"
P504794,After Baume Moisture Barrier Recovery Cream,Glossier,Moisturizers,28,4.1429,42,9402,Vegan|Best for Dry Skin|Hydrating|Clean at Sephora|Good for: Dryness|Cruelty-Free
P504786,Solution Skin-Perfecting Daily Chemical Exfoliator,Glossier,Cleansers,26,3.7143,21,3786,Vegan|Good for: Dullness/Uneven Texture|Clean at Sephora|AHA/Glycolic Acid|Salicylic Acid|Cruelty-Free
P504773,Priming Moisturizer Rich Face Cream with Ceramides,Glossier,Moisturizers,35,4.05,20,5907,Vegan|Cream Formula|Best for Dry Skin|Clean at Sephora|Hydrating|Cruelty-Free
P504774,Super Pure Clarifying Face Serum with Niacinamide + Zinc,Glossier,Treatments,29,4.5882,17,10568,"Vegan|Good for: Dullness/Uneven Texture|Clean at Sephora|Best for Oily, Combo, Normal Skin|Niacinamide|Cruelty-Free"
P504795,Super Bounce Hyaluronic Acid + Vitamin B5 Hydrating Face Serum,Glossier,Treatments,29,4.7333,15,13371,"Vegan|Hyaluronic Acid|Clean at Sephora|Hydrating|Best for Dry, Combo, Normal Skin|Cruelty-Free"
P504919,Milky Oil Dual-Phase Waterproof Makeup Remover,Glossier,Cleansers,14,4.2667,15,8821,Vegan|Liquid Formula|Clean at Sephora|Without Sulfates SLS & SLES|Cruelty-Free
P504784,Priming Moisturizer Lightweight Buildable Face Cream,Glossier,Moisturizers,24,4.2143,14,7249,"Vegan|Cream Formula|Hyaluronic Acid|Clean at Sephora|Best for Oily, Combo, Normal Skin|Cruelty-Free"
P504778,Invisible Shield Water-Gel Transparent Sunscreen SPF 35,Glossier,Sunscreen,25,4.1818,11,7420,Vegan|Natural Finish|Clean at Sephora|Good for: Anti-Aging|SPF|Cruelty-Free
P504780,Super Glow Vitamin C Brightening Face Serum,Glossier,Treatments,29,2.7778,9,8275,Vegan|Good for: Dullness/Uneven Texture|Vitamin C|Clean at Sephora|Good for: Dark spots|Cruelty-Free
P504810,Priming Moisturizer Balance Oil-Control Gel-Cream,Glossier,Moisturizers,25,4.6667,9,5826,Vegan|Best for Oily Skin|Clean at Sephora|Niacinamide|Cruelty-Free
P504815,Universal Pro-Retinol Overnight Renewing Treatment,Glossier,Treatments,35,3.7778,9,3669,Vegan|Good for: Dullness/Uneven Texture|Retinol|Good for: Dark spots|Cruelty-Free
P504790,Cleanser Concentrate AHA Clarifying and Exfoliating Face Wash,Glossier,Cleansers,21,3.625,8,5305,"Vegan|Clean at Sephora|AHA/Glycolic Acid|Best for Oily, Combo, Normal Skin|Niacinamide|Cruelty-Free"
P458219,Watermelon Glow PHA + BHA Pore-Tight Toner,Glow Recipe,Cleansers,34,4.3728,3305,252846,Hyaluronic Acid|Good for: Dullness/Uneven Texture|Clean + Planet Positive|Good for: Pores|Hydrating|Salicylic Acid
P467762,Mini Watermelon Glow PHA + BHA Pore-Tight Toner,Glow Recipe,Mini Size,15,4.3728,3305,111141,Vegan|Community Favorite|Clean + Planet Positive
P466123,Watermelon Glow Niacinamide Dew Drops,Glow Recipe,Treatments,35,4.3975,2136,389213,Vegan|Community Favorite|High Shine Finish|Clean + Planet Positive|Niacinamide|Cruelty-Free
P428819,Watermelon Pink Juice Oil-Free Moisturizer,Glow Recipe,Moisturizers,39,3.9995,1927,162336,"Hyaluronic Acid|Clean + Planet Positive|Hydrating|Good for: Dryness|Oil Free|Best for Oily, Combo, Normal Skin"
P462699,Plum Plump Hyaluronic Acid Serum,Glow Recipe,Treatments,45,4.4249,1918,159339,Hyaluronic Acid|Good for: Dullness/Uneven Texture|Good for: Loss of firmness|Community Favorite|Plumping|Clean + Planet Positive|Hydrating
P447791,Avocado Fine Line Eye Cream with Retinol,Glow Recipe,Eye Care,42,4.1087,1886,176653,Good for: Dullness/Uneven Texture|Good for: Loss of firmness|Clean + Planet Positive|Good for: Dark Circles|Hydrating|Retinol
P479327,Plum Plump Hyaluronic Acid Moisturizer,Glow Recipe,Moisturizers,39,4.4624,1449,146036,Refill Available|Hyaluronic Acid|Good for: Dullness/Uneven Texture|Best for Dry Skin|Clean + Planet Positive|Hydrating
P500472,Mini Plum Plump Hyaluronic Acid Moisturizer,Glow Recipe,Mini Size,21,4.4624,1449,26404,Refill Available|Hyaluronic Acid|Good for: Dullness/Uneven Texture|Best for Dry Skin|Clean + Planet Positive|Hydrating
P460516,Papaya Sorbet Smoothing Enzyme Cleansing Balm & Makeup Remover,Glow Recipe,Cleansers,32,4.1989,1428,87376,Good for: Dullness/Uneven Texture|Hydrating|Fragrance Free|Cruelty-Free|Clean + Planet Positive
P470529,Avocado Soothing Skin Barrier Serum with Ceramides,Glow Recipe,Treatments,45,4.471,1412,112842,Good for: Redness|Good for: Dullness/Uneven Texture|Clean + Planet Positive|Hydrating|Fragrance Free|Cruelty-Free
P481989,Watermelon Glow Niacinamide Sunscreen SPF 50,Glow Recipe,Sunscreen,35,3.761,1293,64453,Vegan|Hyaluronic Acid|Good for: Dullness/Uneven Texture|Clean + Planet Positive|Hydrating|SPF|Niacinamide|Cruelty-Free
P436359,Blueberry Bounce Gentle Cleanser,Glow Recipe,Cleansers,34,3.8103,1065,72289,Hyaluronic Acid|AHA/Glycolic Acid|Good for: Dullness/Uneven Texture|Good for: Acne/Blemishes|Vegan|Clean + Planet Positive
P455236,Glow Lip Pop Lip Balm,Glow Recipe,Lip Balms & Treatments,22,4.5778,1047,73756,Hydrating|Natural Finish|Clean + Planet Positive
P482535,Strawberry Smooth BHA + AHA Salicylic Acid Serum,Glow Recipe,Treatments,42,4.5439,1024,118258,Good for: Dullness/Uneven Texture|Hyaluronic Acid|Good for: Pores|Clean + Planet Positive|AHA/Glycolic Acid|Good for: Acne/Blemishes|Salicylic Acid
P442744,Watermelon Glow Ultra-Fine Mist,Glow Recipe,Moisturizers,29,4.1552,992,120381,Good for: Dryness|Hyaluronic Acid|Good for: Dullness/Uneven Texture|Clean + Planet Positive|Community Favorite
P472468,Watermelon Glow Hyaluronic Clay Pore-Tight Facial Mask,Glow Recipe,Masks,40,4.5912,981,76226,Hyaluronic Acid|Good for: Pores|Clean + Planet Positive|Hydrating|Good for: Dryness|Cruelty-Free
P501760,Guava Vitamin C Bright-Eye Gel Cream,Glow Recipe,Eye Care,38,4.5109,914,72173,Hyaluronic Acid|Vitamin C|Clean + Planet Positive|Good for: Dark Circles|Good for: Dryness|Niacinamide
P475543,Guava Vitamin C Dark Spot Treatment Serum,Glow Recipe,Treatments,45,4.2613,750,106447,Vegan|Good for: Dullness/Uneven Texture|Good for: Loss of firmness|Vitamin C|Clean + Planet Positive|Good for: Dark spots
P501254,Watermelon Glow AHA Night Treatment,Glow Recipe,Treatments,40,4.6795,730,46292,Good for: Dullness/Uneven Texture|Hyaluronic Acid|Good for: Pores|Clean + Planet Positive|AHA/Glycolic Acid|Good for: Dryness
P503634,Avocado Ceramide Moisture Barrier Cleanser,Glow Recipe,Cleansers,28,4.4387,620,30873,"Good for: Redness|Good for: Dullness/Uneven Texture|Clean + Planet Positive|Hydrating|Good for: Dryness|Best for Dry, Combo, Normal Skin"
P504125,Strawberry BHA Pore-Smooth Blur Drops,Glow Recipe,Treatments,32,4.686,535,31946,"Good for: Pores|Clean + Planet Positive|Good for: Acne/Blemishes|Salicylic Acid|Best for Oily, Combo, Normal Skin|Cruelty-Free"
P435386,Mini Watermelon Pink Juice Oil-Free Moisturizer,Glow Recipe,Mini Size,21,3.7555,409,69635,"Good for: Dryness|Hyaluronic Acid|Hydrating|Best for Oily, Combo, Normal Skin|Clean + Planet Positive|Community Favorite"
P441323,Mini Blueberry Bounce Gentle Cleanser,Glow Recipe,Mini Size,10,3.7057,316,47027,Good for: Dullness/Uneven Texture|AHA/Glycolic Acid|Hyaluronic Acid|Cruelty-Free|Clean + Planet Positive
P504171,Fruit Babies Bestsellers Kit,Glow Recipe,Value & Gift Sets,34,4.6339,183,57316,"Good for: Redness|Good for: Dullness/Uneven Texture|Clean + Planet Positive|Hydrating|Good for: Dryness|Best for Dry, Combo, Normal Skin"
P504325,Glowy Skin Prep Besties Set,Glow Recipe,Value & Gift Sets,52,4.875,112,26624,Recyclable Packaging|Good for: Dullness/Uneven Texture|Clean + Planet Positive|Hydrating|Good for: Dryness|Cruelty-Free
P504849,Plumping Power Duo,Glow Recipe,Value & Gift Sets,54,4.8454,97,12092,"Good for: Dullness/Uneven Texture|Hyaluronic Acid|Good for: Loss of firmness|Clean + Planet Positive|Good for: Dryness|Best for Dry, Combo, Normal Skin"
P504636,Mini Watermelon Glow Niacinamide Dew Drops,Glow Recipe,Treatments,20,4,13,18565,Vegan|Community Favorite|High Shine Finish|Clean + Planet Positive|Niacinamide|Cruelty-Free
P456213,GOOPGLOW Microderm Instant Glow Exfoliator,goop,Cleansers,125,4.4821,2128,17838,"Good for: Dullness/Uneven Texture|Vitamin C|Clean at Sephora|Fresh Scent|AHA/Glycolic Acid|Best for Dry, Combo, Normal Skin"
P459299,Mini GOOPGLOW Microderm Instant Glow Exfoliator,goop,Mini Size,42,4.4821,2128,14292,"Good for: Dullness/Uneven Texture|Vitamin C|Clean at Sephora|Fresh Scent|AHA/Glycolic Acid|Best for Dry, Combo, Normal Skin"
P456208,GOOPGLOW 15% Glycolic Acid Overnight Glow Peel,goop,Treatments,125,4.255,1196,4597,Vegan|Best for Normal Skin|Good for: Dullness/Uneven Texture|Hyaluronic Acid|Clean at Sephora|AHA/Glycolic Acid
P459301,Mini GOOPGLOW 15% Glycolic Acid Overnight Glow Peel,goop,Mini Size,45,4.255,1196,3228,Vegan|Best for Normal Skin|Good for: Dullness/Uneven Texture|Hyaluronic Acid|Clean at Sephora|AHA/Glycolic Acid
P456211,GOOPGLOW Morning Skin Superpowder,goop,Wellness,60,3.991,1110,3866,"Vegan|Good for: Dullness/Uneven Texture|Vitamin C|Best for Dry, Combo, Normal Skin|Gluten Free"
P459300,Mini GOOPGLOW Morning Skin Superpowder,goop,Mini Size,12,3.991,1110,2276,"Vegan|Good for: Dullness/Uneven Texture|Vitamin C|Best for Dry, Combo, Normal Skin|Gluten Free"
P471029,GOOPGLOW Glow Lotion,goop,Moisturizers,58,4.0638,815,4306,"Radiant Finish|Vitamin C|Clean at Sephora|Good for: Dryness|Best for Dry, Combo, Normal Skin"
P460578,GOOPGENES All-In-One Nourishing Face Cream,goop,Moisturizers,98,4.2846,738,2987,"Clean at Sephora|Best for Dry, Combo, Normal Skin|Good for: Anti-Aging|Without Retinyl Palmitate|Vegan|Fragrance Free"
P461165,GOOPGENES All-In-One Nourishing Eye Cream,goop,Eye Care,55,4.2026,627,2741,"Vegan|Without Retinyl Palmitate|Clean at Sephora|Good for: Anti-Aging|Fragrance Free|Best for Dry, Combo, Normal Skin"
P480606,goopglow Cloudberry Exfoliating Jelly Cleanser,goop,Cleansers,35,4.0194,413,2403,"Good for: Dullness/Uneven Texture|Vitamin C|Clean at Sephora|Good for: Dryness|Best for Dry, Combo, Normal Skin"
P501243,GOOPGLOW Exfoliating Dark Spot Sleep Serum,goop,Treatments,98,4.0598,251,2143,"Good for: Dullness/Uneven Texture|Hyaluronic Acid|Clean at Sephora|AHA/Glycolic Acid|Best for Dry, Combo, Normal Skin|Good for: Dark spots"
P458964,G.Tox Ultimate Dry Brush,goop,High Tech Tools,25,3.9815,54,16978,"Good for: Dullness/Uneven Texture|Clean at Sephora|Best for Dry, Combo, Normal Skin"
P468143,GOOPGENES All-In-One Super Nutrient Face Oil,goop,Moisturizers,98,3.5676,37,3159,Clean at Sephora|Vegan
P456210,GOOPGLOW 20% Vitamin C and Hyaluronic Glow Serum,goop,Treatments,125,3.5357,28,2613,"Clean at Sephora|Best for Dry, Combo, Normal Skin|Good for: Dullness/Uneven Texture|Vitamin C|Hyaluronic Acid|Vegan"
P478274,GOOPGENES Clean Nourishing Lip Balm Trio,goop,Value & Gift Sets,48,3.5556,27,3354,Vegan|Best for Dry Skin|Vitamin C|Hydrating|Clean at Sephora|Good for: Dryness
P505408,GOOPGLOW Vita-C Brightening Eye Cream,goop,Eye Care,58,4.2308,26,10,Good for: Dullness/Uneven Texture|Vitamin C|Good for: Dark Circles|Good for: Dryness|Niacinamide|Cruelty-Free
P464250,GOOPGENES Nourishing Repair Body Butter,goop,Moisturizers,65,3.8261,23,1403,Vegan|Clean at Sephora
P455010,Knock Me Out Sleep Chews,goop,Wellness,30,3.2381,21,2036,
P458961,G.Tox Malachite and Fruit Acid Pore Purifying Cleanser,goop,Cleansers,48,4.3889,18,2395,Vegan|Clean at Sephora
P458962,G.Tox Malachite and AHA Pore Refining Tonic,goop,Cleansers,75,3.9333,15,2373,"Clean at Sephora|Best for Oily, Combo, Normal Skin|Good for: Pores|AHA/Glycolic Acid|Niacinamide|Vegan"
P483058,GOOPGLOW Flower Acids Resurfacing Toner,goop,Cleansers,45,4.6667,6,1797,"Vegan|Good for: Dullness/Uneven Texture|Hyaluronic Acid|Clean at Sephora|Best for Dry, Combo, Normal Skin|Gluten Free"
P458963,G.Tox Detoxifying Superpowder,goop,Wellness,12,1.8,5,894,
P474323,GOOPGENES All-in-One Nourishing Skincare Kit,goop,Value & Gift Sets,85,4.5,2,1575,
P500471,Brume de Beauté Beauty Mist,Gucci,Moisturizers,78,4.6652,451,6498,Radiant Finish|Hyaluronic Acid|Hydrating|Long-wearing
P474953,Abeille Royale Advanced Youth Watery Oil,GUERLAIN,Moisturizers,145,4.3465,1215,13825,Radiant Finish|Good for: Dullness/Uneven Texture|Plumping|Clean at Sephora|Hydrating|Good for: Anti-Aging
P476513,Mini Abeille Royale Advanced Youth Watery Oil,GUERLAIN,Mini Size,55,4.3465,1215,6222,Radiant Finish|Good for: Dullness/Uneven Texture|Plumping|Clean at Sephora|Hydrating|Good for: Anti-Aging
P461451,Abeille Royale Anti-Aging Fortifying Lotion Toner,GUERLAIN,Cleansers,85,4.2566,834,6480,Radiant Finish|Good for: Dullness/Uneven Texture|Plumping|Clean at Sephora|Good for: Dark Circles|Good for: Anti-Aging
P501236,Abeille Royale Anti-Aging Double R Advanced Serum,GUERLAIN,Treatments,240,4.6196,418,3942,"Good for: Dullness/Uneven Texture|Good for: Loss of firmness|Plumping|Good for: Pores|Clean at Sephora|Best for Dry, Combo, Normal Skin"
P408678,Midnight Secret Late Night Recovery Treatment Anti-Fatigue Serum,GUERLAIN,Treatments,32,4.102,49,26130,Clean at Sephora|Good for: Dullness/Uneven Texture|Good for: Dark Circles|Best for Normal Skin
P469806,Abeille Royale Anti-Aging Eye Lifting Serum,GUERLAIN,Eye Care,130,3.7333,15,4148,Radiant Finish|Good for: Dullness/Uneven Texture|Good for: Loss of firmness|Clean at Sephora|Good for: Dark Circles|Good for: Anti-Aging
P457272,Abeille Royale Anti-Aging Eye Cream,GUERLAIN,Eye Care,110,3.7857,14,3420,Radiant Finish|Good for: Dullness/Uneven Texture|Good for: Loss of firmness|Clean at Sephora|Good for: Dark Circles|Good for: Anti-Aging
P450934,Abeille Royale Day Cream,GUERLAIN,Moisturizers,170,4.2857,14,2188,Radiant Finish|Good for: Dullness/Uneven Texture|Good for: Loss of firmness|Plumping|Clean at Sephora|Good for: Anti-Aging
P450935,Abeille Royale Night Cream,GUERLAIN,Moisturizers,200,3.6667,3,2226,Radiant Finish|Good for: Dullness/Uneven Texture|Good for: Loss of firmness|Plumping|Clean at Sephora|Good for: Anti-Aging
P504985,Abeille Royale Bestsellers Travel Set,GUERLAIN,Value & Gift Sets,195,2,2,214,"Radiant Finish|Good for: Dullness/Uneven Texture|Plumping|Clean at Sephora|Good for: Anti-Aging|Best for Dry, Combo, Normal Skin"
P481993,Abeille Royale Intense Repair Youth Oil in Balm,GUERLAIN,Masks,235,3,1,655,"Radiant Finish|Good for: Dullness/Uneven Texture|Plumping|Clean at Sephora|Hydrating|Best for Dry, Combo, Normal Skin"
P500112,N°41 Facial Sunscreen Mist with SPF 41,HABIT,Sunscreen,30,4.4904,208,9474,Without Oxybenzone|Vegan|Clean at Sephora|Good for: Anti-Aging|SPF|Cruelty-Free
P500778,N°39 Facial Sunscreen Mist with SPF 39,HABIT,Sunscreen,30,4.708,137,5554,Without Oxybenzone|Vegan|Clean at Sephora|Good for: Anti-Aging|SPF|Cruelty-Free
P500117,N°38 Facial Sunscreen Mist with SPF 38,HABIT,Sunscreen,30,4.3578,109,8924,"Without Oxybenzone|Vegan|Clean at Sephora|SPF|Best for Dry, Combo, Normal Skin|Cruelty-Free"
P483453,Shave Starter Set,Hanni,Value & Gift Sets,68,4.55,180,4292,Vegan|Unisex/ Genderless Scent|Refill Available|Clean + Planet Positive|Without Sulfates SLS & SLES
P483455,The Weighted Razor Kit,Hanni,High Tech Tools,42,4.6452,155,5333,Clean + Planet Positive|allure 2021 Best of Beauty Award Winner
P483457,Shave Pillow Moisturizing Body Gel,Hanni,Moisturizers,24,4.6954,151,3023,"Vegan|Stick Formula|Clean + Planet Positive|Hydrating|Best for Dry, Combo, Normal Skin|Cruelty-Free"
P483458,Blades,Hanni,High Tech Tools,6,3.6667,3,1586,Clean + Planet Positive
P483460,Shower Holder,Hanni,High Tech Tools,12,5,2,1932,Clean + Planet Positive
P400207,Blue Tansy BHA and Enzyme Pore Refining Mask,Herbivore,Masks,50,4.2448,1928,126177,"Good for: Acne/Blemishes|Best for Oily, Combo, Normal Skin|Salicylic Acid|Cruelty-Free|Vegan|Clean + Planet Positive"
P400203,Lapis Blue Tansy Face Oil - For Oily & Acne-Prone Skin,Herbivore,Moisturizers,74,4.2461,959,68960,"Good for: Acne/Blemishes|Good for: Redness|Best for Oily, Combo, Normal Skin|Cruelty-Free|Vegan|Community Favorite"
P479904,Mini Lapis Blue Tansy Face Oil - For Oily & Acne-Prone Skin,Herbivore,Moisturizers,15,4.2461,959,4593,"Vegan|Good for: Redness|Community Favorite|Good for: Acne/Blemishes|Best for Oily, Combo, Normal Skin|Cruelty-Free"
P460747,Pink Cloud Rosewater + Squalane Makeup Removing Face Wash,Herbivore,Cleansers,26,4.3577,629,41051,Good for: Dark Circles|Good for: Dullness/Uneven Texture|Hyaluronic Acid|Cruelty-Free|Vegan|Clean + Planet Positive
P442564,Emerald CBD + Adaptogens Deep Moisture Glow Oil,Herbivore,Moisturizers,60,4.3645,557,41254,CBD|Cruelty-Free|Clean + Planet Positive|Community Favorite
P437981,Emerald Hemp Seed Deep Moisture Glow Oil,Herbivore,Moisturizers,50,4.3291,477,42381,Good for: Dark Circles|Good for: Redness|Good for: Dryness|Cruelty-Free|Vegan|Clean + Planet Positive
P400204,Phoenix Rosehip Anti-Aging Face Oil - For Dry Skin,Herbivore,Moisturizers,88,4.4169,343,43956,Best for Dry Skin|Good for: Anti-Aging|Clean + Planet Positive|Vegan
P479903,Mini Phoenix Rosehip Anti-Aging Face Oil - For Dry Skin,Herbivore,Moisturizers,60,4.4169,343,3119,Vegan|Best for Dry Skin|Clean + Planet Positive|Good for: Anti-Aging
P407444,Bamboo Charcoal Detoxifying Soap Bar,Herbivore,Cleansers,14,4.3012,342,28997,Vegan|Clean at Sephora|Cruelty-Free
P421600,Jasmine Green Tea Oil Control Toner,Herbivore,Cleansers,39,4.0833,312,39251,"Good for: Acne/Blemishes|Best for Oily, Combo, Normal Skin|Salicylic Acid|Cruelty-Free|Vegan|Clean + Planet Positive"
P454100,Prism AHA + BHA Exfoliating Glow Facial,Herbivore,Treatments,58,4.2616,302,45368,Good for: Dark Circles|Good for: Dullness/Uneven Texture|AHA/Glycolic Acid|Cruelty-Free|Vegan|Clean + Planet Positive
P436891,Jade De-Puffing Face Roller,Herbivore,Wellness,32,3.5479,292,33236,Vegan|Good for: Loss of firmness|Clean + Planet Positive|Good for: Anti-Aging
P481096,Nova 15% Vitamin C + Turmeric Brightening Serum,Herbivore,Treatments,65,4.504,252,24635,Vegan|Good for: Dullness/Uneven Texture|Vitamin C|Clean + Planet Positive|Good for: Dark spots|Cruelty-Free
P400205,Orchid Antioxidant Beauty Face Oil - For Combination Skin,Herbivore,Moisturizers,74,4.3527,241,26322,Good for: Anti-Aging|Good for: Dullness/Uneven Texture|Best for Normal Skin|Cruelty-Free|Vegan|Clean + Planet Positive
P474326,Pink Cloud Soft Moisture Cream,Herbivore,Moisturizers,46,3.786,229,10870,Clean + Planet Positive|Best for Normal Skin|Good for: Dryness|Hydrating|Plumping
P474325,Aquarius Pore Purifying BHA Cream,Herbivore,Moisturizers,46,4.287,216,16279,"Clean + Planet Positive|Best for Oily, Combo, Normal Skin|Good for: Dryness|Hydrating|Salicylic Acid"
P471033,CLOUD JELLY Plumping Hydration Serum,Herbivore,Treatments,50,4.3876,209,19480,Good for: Dark Circles|Hydrating|Plumping|Cruelty-Free|Vegan|Clean + Planet Positive
P503923,Super Nova 5% THD Vitamin C + Caffeine Brightening Eye Cream,Herbivore,Eye Care,48,4.6207,174,14229,Vegan|Hyaluronic Acid|Vitamin C|Clean + Planet Positive|Good for: Dark Circles|Good for: Dryness
P450583,Prism AHA + BHA Exfoliating Glow Serum,Herbivore,Treatments,54,3.9532,171,31466,Vegan|Clean + Planet Positive|Good for: Dark Circles|AHA/Glycolic Acid|Good for: Dark spots|Cruelty-Free
P431840,Coconut Milk Bath Soak,Herbivore,Wellness,22,3.5497,151,31953,Good for: Dryness|Cruelty-Free|Vegan|Clean + Planet Positive
P500988,Moon Dew 1% Bakuchiol + Peptides Retinol Alternative Eye Cream,Herbivore,Eye Care,48,4.2297,148,22997,Vegan|Good for: Loss of firmness|Clean + Planet Positive|Good for: Anti-Aging|Good for: Dryness|Cruelty-Free
P483661,Moon Fruit 1% Bakuchiol + Peptides Retinol Alternative Serum,Herbivore,Treatments,62,4.5135,111,15482,Vegan|Good for: Loss of firmness|Clean + Planet Positive|Good for: Anti-Aging|Good for: Dryness|Cruelty-Free
P441045,Rose Quartz Gua Sha,Herbivore,Wellness,25,3.8971,68,30982,Good for: Anti-Aging|Good for: Loss of firmness|Clean + Planet Positive|Vegan
P452004,Rose Hibiscus Hydrating Mist,Herbivore,Moisturizers,36,4.0588,68,13225,Vegan|Clean + Planet Positive
P432662,Rose Quartz Facial Roller,Herbivore,Wellness,40,3.0952,63,14116,Good for: Anti-Aging|Good for: Loss of firmness|Clean + Planet Positive|Vegan
P505316,Aquarius BHA + Blue Tansy Clarity Cleanser,Herbivore,Cleansers,26,5,15,518,"Vegan|Clean + Planet Positive|Good for: Acne/Blemishes|Salicylic Acid|Best for Oily, Combo, Normal Skin|Cruelty-Free"
P480607,Skin in the Clouds Set,Herbivore,Value & Gift Sets,32,4.1429,14,10728,"Vegan|Good for: Loss of firmness|Clean + Planet Positive|Good for: Dryness|Best for Dry, Combo, Normal Skin|Cruelty-Free"
P481334,Moon Fruit Retinol Alternative Sleep Mask,Herbivore,Masks,54,3.4167,12,5029,Good for: Anti-Aging|Good for: Dryness|Clean + Planet Positive|Vegan|Cruelty-Free
P480174,Waves of Clarity Skincare Set,Herbivore,Value & Gift Sets,32,4.5,6,5295,"Good for: Pores|Clean + Planet Positive|AHA/Glycolic Acid|Good for: Acne/Blemishes|Salicylic Acid|Best for Oily, Combo, Normal Skin"
P504637,Equilibrium Resurfacing Retinoid Treatment,Hourglass,Treatments,110,4.8898,118,278,Vegan|Retinol|Alcohol Free|Cruelty-Free
P480608,Equilibrium Instant Plumping Eye Mask,Hourglass,Eye Care,68,4.4719,89,3935,Plumping|Vegan|Cruelty-Free
P469831,Equilibrium Intensive Hydrating Eye Balm,Hourglass,Eye Care,82,4.5303,66,4836,Hydrating|Good for: Dryness|Good for: Anti-Aging|Good for: Dark Circles|Without Parabens|Vegan
P469832,Equilibrium Rebalancing Cream Cleanser,Hourglass,Cleansers,52,4.4,55,1812,Hydrating|Good for: Dryness|Good for: Dullness/Uneven Texture|Vegan|Without Parabens|Cruelty-Free
P469833,Equilibrium Restoring Essence,Hourglass,Moisturizers,65,4.7692,52,3526,Vegan|Hydrating|allure 2021 Best of Beauty Award Winner|Good for: Dryness|Without Sulfates SLS & SLES
P469830,Equilibrium Day Fluid Sunscreen Broad Spectrum SPF 30,Hourglass,Sunscreen,86,4.0625,16,799,Vegan|Good for: Anti-Aging|Good for: Dryness|Without Parabens|SPF|Cruelty-Free
P476686,Equilibrium Restorative Hydrating Cream,Hourglass,Moisturizers,94,5,3,876,Good for: Anti-Aging|Good for: Dryness|Good for: Dullness/Uneven Texture|Vegan|Cruelty-Free|Without Parabens
P469801,Mini Equilibrium Rebalancing Cream Cleanser,Hourglass,Cleansers,25,5,1,1149,Hydrating|Good for: Dryness|Good for: Dullness/Uneven Texture|Vegan|Without Parabens|Cruelty-Free
P469829,Equilibrium Biomimetic Skin Active Serum,Hourglass,Treatments,198,5,1,482,Good for: Anti-Aging|Good for: Dryness|Good for: Dullness/Uneven Texture|Without Parabens|Vegan|Cruelty-Free
P469850,Mini Equilibrium Biomimetic Skin Active Serum,Hourglass,Treatments,124,,,438,Good for: Anti-Aging|Good for: Dryness|Good for: Dullness/Uneven Texture|Without Parabens|Vegan|Cruelty-Free
P443349,Skin Squad Pre + ProbioticSupplement for Acne-Prone Skin,HUM Nutrition,Wellness,40,4.1152,660,15373,Vegan|Clean at Sephora|Without Phthalates|Good for: Acne/Blemishes|Without Parabens|Gluten Free
P386754,Daily Cleanse Clear Skin and Body Detox Supplement,HUM Nutrition,Wellness,26,4.0535,617,49678,Vegan|Clean at Sephora|Without Phthalates|Good for: Acne/Blemishes|Without Parabens|Gluten Free
P394826,Flatter Me Digestive Enzyme Supplement,HUM Nutrition,Wellness,26,4.2643,401,31935,Vegan|Clean at Sephora|Without Phthalates|Without Parabens|Gluten Free
P503052,Mini Flatter Me Digestive Enzyme Supplement,HUM Nutrition,Wellness,15,4.2643,401,1375,Vegan|Clean at Sephora|Without Phthalates|Without Parabens|Gluten Free
P457510,Private Party: Supports Vaginal & Urinary Tract Health,HUM Nutrition,Wellness,26,4.6727,278,14955,Vegan|Without Phthalates|Without Parabens|Gluten Free
P405826,Raw Beauty Skin & Energy Green Superfood Powder,HUM Nutrition,Wellness,39,4.1903,247,11891,
P453713,Collagen POP + Vitamin C Dissolvable Tablets,HUM Nutrition,Wellness,12,4.3455,220,5372,Hyaluronic Acid|Good for: Loss of firmness|Vitamin C|Collagen|Clean at Sephora|Good for: Dryness
P407387,Beauty zzZz Sleep Support Supplement with Melatonin,HUM Nutrition,Wellness,10,4.1542,214,14123,Vegan|Clean at Sephora|Without Phthalates|Without Parabens|Gluten Free
P431847,Glow Sweet Glow - Skin Hydration Vegan Gummies with Hyaluronic Acid & Vitamin C + E,HUM Nutrition,Wellness,26,4.107,187,18297,Vegan|Hyaluronic Acid|Vitamin C|Hydrating|Good for: Dryness|Gluten Free
P504575,PRO ACV Healthy Gut Vegan Gummies with 100% Organic Apple Cider Vinegar and Probiotics,HUM Nutrition,Wellness,26,4.6607,168,797,Vegan|Clean at Sephora|Without Phthalates|Without Parabens
P386755,Collagen Love Skin Firming Supplement with Hyaluronic Acid & Vitamin C,HUM Nutrition,Wellness,40,4.4074,135,17120,Hyaluronic Acid|Good for: Loss of firmness|Vitamin C|Collagen|Good for: Anti-Aging
P468149,Calm Sweet Calm Stress Management Vegan Gummies with Ashwagandha & L-Theanine,HUM Nutrition,Wellness,30,4.2056,107,4531,
P474839,Counter Cravings - Helps Reduce Cravings and Boosts Metabolism,HUM Nutrition,Wellness,50,4.4,90,5494,Vegan|Clean at Sephora|Without Phthalates|Without Parabens|Gluten Free
P474838,Boost Sweet Boost - Vegan Gummies for Immune Support,HUM Nutrition,Wellness,26,4.8636,88,1748,Vegan|Vitamin C|Clean at Sephora|Gluten Free
P482005,Fan Club - multi-symptom menopause support,HUM Nutrition,Wellness,40,4.8171,82,728,Vegan|Clean at Sephora|Gluten Free
P386759,Moody Bird PMS Support Supplement,HUM Nutrition,Wellness,26,4.2222,81,9393,
P500111,Womb Service - OBGYN Formulated Prenatal Support Supplement,HUM Nutrition,Wellness,45,4.8148,81,864,Vegan|Vitamin C|Clean at Sephora|Without Parabens|Without Silicones|Gluten Free
P388982,Big ChillAdaptogenStress Management Supplement,HUM Nutrition,Wellness,25,4.2609,69,14443,
P386760,OMG! Omega The Great Fish Oil Supplement,HUM Nutrition,Wellness,30,4.3077,65,11224,Good for: Redness|Without Phthalates|Without Parabens|Gluten Free
P386764,Uber Energy Adrenal Fatigue and Adaptogen Supplement,HUM Nutrition,Wellness,26,3.5385,65,11104,
P386757,Wing Man Liver Detox and Dark Circle Supplement,HUM Nutrition,Wellness,26,3.8254,63,14381,Vegan|Good for: Dark Circles|Clean at Sephora|Without Phthalates|Without Parabens|Gluten Free
P386762,Here Comes The Sun Vitamin D Immune System Support Supplement,HUM Nutrition,Wellness,12,4.6444,45,14709,Vegan|Clean at Sephora|Without Phthalates|Without Parabens|Gluten Free
P408271,Turn Back Time Turmeric Supplement for UV Damage,HUM Nutrition,Wellness,40,4.0435,23,6956,
P389097,Arctic Repair Fine Lines and Wrinkles Supplement,HUM Nutrition,Wellness,60,3.7778,18,4938,
P476428,Brightening Dark Spot Vitamin C Serum,Hyper Skin,Treatments,58,4.5664,143,13429,Good for: Dullness/Uneven Texture|Vitamin C|Clean at Sephora|Oil Free|Good for: Acne/Blemishes|Good for: Dark spots
P500614,Gentle Brightening Gel Cleanser with Mandelic Acid,Hyper Skin,Cleansers,28,4.701,97,5176,"Good for: Dullness/Uneven Texture|Good for: Pores|Hydrating|Good for: Acne/Blemishes|Best for Dry, Combo, Normal Skin|Good for: Dark spots"
P481710,Fade and Glow AHA Mask,Hyper Skin,Masks,48,4.4762,63,6857,Good for: Dullness/Uneven Texture|Good for: Pores|Clean at Sephora|AHA/Glycolic Acid|Good for: Dark spots|Niacinamide
P503216,Hyper Even Daily Duo Kit for Hyperpigmentation,Hyper Skin,Value & Gift Sets,39,4.6667,15,4569,"Good for: Dullness/Uneven Texture|Hyaluronic Acid|Vitamin C|AHA/Glycolic Acid|Best for Oily, Combo, Normal Skin|Good for: Dark spots"
P476515,Mini Brightening Dark Spot Vitamin C Serum,Hyper Skin,Mini Size,36,3.1429,14,7676,Good for: Dullness/Uneven Texture|Vitamin C|Clean at Sephora|Oil Free|Good for: Acne/Blemishes|Good for: Dark spots
P500445,Prep Set Tan Tanning Mist with Hyaluronic Acid,Iconic London,Self Tanners,29,4.2703,37,6187,Vegan|Radiant Finish|Hyaluronic Acid|Liquid Formula|Without Parabens|Cruelty-Free
P500412,Prep Set Tan Face and Body Brush,Iconic London,Self Tanners,25,4.8214,28,5266,Vegan|Cruelty-Free
P500245,C Beyond Triple Serum SPF 40 Mineral Sunscreen with Vitamin C 10% + Niacinamide,ILIA,Sunscreen,64,3.6609,634,24716,"Good for: Dullness/Uneven Texture|Vitamin C|Clean at Sephora|Best for Dry, Combo, Normal Skin|SPF|Niacinamide"
P504071,Bright Start Retinol Alternative Brightening Eye Cream,ILIA,Eye Care,46,4.4004,457,35799,Vegan|Good for: Dark Circles|Hydrating|Clean at Sephora|Fragrance Free|Without Silicones
P395417,Touch Home Permanent Hair Removal Device,iluminage,High Tech Tools,449,3.67,100,14204,
P449102,Crystal Ball Roller Gloss,INC.redible,Wellness,12,4.3839,112,14595,
P469478,Party Recharge Hydrating Hyaluronic Under Eye Masks,INC.redible,Eye Care,20,3.6842,76,30543,Vegan|Hyaluronic Acid|Hydrating|Without Parabens|Niacinamide
P481712,Party Recharge Cryo Me Crazy Under-eye Masks,INC.redible,Eye Care,20,4.5556,18,10008,Vegan|Cruelty-Free
P458958,Hydrating Boob and Bum Sheet Mask Duo,INC.redible,Masks,15,4.0833,12,10245,Vegan|Vitamin C|Plumping|Hydrating|Good for: Anti-Aging
P471037,Slushy Serum Moisturizer Crush Infused with Bakuchiol,iNNBEAUTY PROJECT,Treatments,30,4.6047,387,29785,Vegan|Good for: Dullness/Uneven Texture|Hyaluronic Acid|Good for: Pores|Hydrating|Clean at Sephora
P472469,Green Machine Vitamin C + Green Superfoods Jelly Serum,iNNBEAUTY PROJECT,Treatments,34,4.4043,376,30846,Good for: Dark spots|Good for: Loss of firmness|Good for: Dullness/Uneven Texture|Vitamin C|Vegan|Good for: Anti-Aging
P480447,10 + 10 Moisturizer with 10% Vitamin C + 10% Peptide Complex + Ceramides,iNNBEAUTY PROJECT,Moisturizers,35,4.5646,294,13877,Good for: Dullness/Uneven Texture|Good for: Loss of firmness|Vitamin C|Hydrating|Good for: Dryness|Fragrance Free
P471039,Pimple Paste Overnight Blemish Drying Paste,iNNBEAUTY PROJECT,Treatments,17,4.1673,251,23827,"Vegan|Good for: Pores|Clean at Sephora|Good for: Acne/Blemishes|Best for Oily, Combo, Normal Skin|Alcohol Free"
P483127,Retinol Remix 1% Retinol Treatment With Peptide & Tranexamic Acid,iNNBEAUTY PROJECT,Treatments,48,4.7545,224,13387,
P471038,Glaze Lip Oil,iNNBEAUTY PROJECT,Lip Balms & Treatments,17,4.4293,205,41560,Vegan|High Shine Finish|Plumping|Hydrating|Clean at Sephora
P474329,Face Glaze Skin Barrier Protect & Glow Moisturizer,iNNBEAUTY PROJECT,Moisturizers,25,4.6237,194,18465,Vegan|Hyaluronic Acid|Good for: Dullness/Uneven Texture|Good for: Loss of firmness|Vitamin C|Hydrating
P503865,Bright & Tight Dark Circle Firming Eye Cream with Vitamin C & Peptides,iNNBEAUTY PROJECT,Eye Care,34,4.4176,182,15443,Vegan|Good for: Loss of firmness|Good for: Dark Circles|Good for: Anti-Aging|Good for: Dryness|Cruelty-Free
P500687,Keep It Clean Hydrating Gel Cleanser with Ceramides & 10 Amino Acids,iNNBEAUTY PROJECT,Cleansers,26,4.5226,155,7237,Vegan|Good for: Dullness/Uneven Texture|Clean at Sephora|Good for: Dryness|Alcohol Free|Without Sulfates SLS & SLES
P471041,Down to Tone Resurfacing Acid Toner,iNNBEAUTY PROJECT,Cleansers,28,4.3607,122,9487,Vegan|Good for: Dullness/Uneven Texture|Good for: Pores|Clean at Sephora|Alcohol Free|Good for: Dark spots
P471042,Next Level Moisturizer,iNNBEAUTY PROJECT,Moisturizers,24,4.4946,93,8788,"Vegan|Good for: Dullness/Uneven Texture|Plumping|Hydrating|Clean at Sephora|Best for Dry, Combo, Normal Skin"
P502322,The Healthy Skin Edit Bestsellers Kit,iNNBEAUTY PROJECT,Value & Gift Sets,36,4.7849,93,5447,Good for: Dullness/Uneven Texture|Good for: Loss of firmness|Plumping|Hydrating|Clean at Sephora|Gluten Free
P471040,Foam Around Clarifying Daily Cleanser Infused with Glycolic Acid,iNNBEAUTY PROJECT,Cleansers,22,4.3908,87,7064,"Vegan|Good for: Dullness/Uneven Texture|Good for: Pores|Clean at Sephora|Best for Oily, Combo, Normal Skin|Alcohol Free"
P504892,Refine AHA + BHA Texture & Pore Serum,iNNBEAUTY PROJECT,Treatments,38,4.7895,57,790,Good for: Dullness/Uneven Texture|Lactic Acid|Good for: Pores|AHA/Glycolic Acid|Salicylic Acid|Good for: Acne/Blemishes
P477413,GREEN MACHINE insta-glo resurfacing acid mask,iNNBEAUTY PROJECT,Masks,30,4.6531,49,7419,"Vegan|Good for: Dullness/Uneven Texture|Good for: Pores|Clean at Sephora|Best for Oily, Combo, Normal Skin|Good for: Dark spots"
P456392,Daily UV Defense Invisible Broad Spectrum SPF 36 Sunscreen,innisfree,Sunscreen,16,4.5393,1452,145749,"Hydrating|Without Phthalates|UV Protection|Without Parabens|Best for Dry, Combo, Normal Skin|SPF"
P468658,Volcanic AHA Pore Clearing Clay Mask,innisfree,Masks,16,4.6149,1197,104838,"Good for: Dullness/Uneven Texture|Good for: Pores|AHA/Glycolic Acid|Best for Oily, Combo, Normal Skin|Without Parabens"
P503891,Green Tea Hyaluronic Acid Hydrating Moisturizer,innisfree,Moisturizers,29,4.7299,411,13619,"Hyaluronic Acid|Hydrating|Without Mineral Oil|Good for: Dryness|Without Parabens|Best for Dry, Combo, Normal Skin"
P475951,Green Tea Hyaluronic Acid Hydrating Serum,innisfree,Treatments,30,4.5836,365,41215,"Hyaluronic Acid|Best for Oily Skin|Hydrating|Good for: Dryness|Without Parabens|Best for Dry, Combo, Normal Skin"
P482006,Dewy Glow Moisturizer with Cherry Blossom & Niacinamide,innisfree,Moisturizers,26,4.3745,267,40516,Good for: Dullness/Uneven Texture|Hydrating|Without Mineral Oil|Without Phthalates|Without Parabens|Niacinamide
P456395,Volcanic Clusters Pore Clearing Toner,innisfree,Cleansers,22,4.5664,143,12712,Best for Combination Skin|Best for Oily Skin|Lactic Acid|Good for: Pores|Without Parabens|Without Sulfates SLS & SLES
P475112,Pore Clearing Matte Moisturizer with Volcanic Clusters,innisfree,Moisturizers,24,4.5392,102,11430,"Good for: Dullness/Uneven Texture|Matte Finish|AHA/Glycolic Acid|Best for Oily, Combo, Normal Skin|Without Parabens"
P468672,Clarifying Spot Serum with Bija Seed Oil,innisfree,Treatments,18,4.5347,101,3131,"Good for: Pores|Without Mineral Oil|Salicylic Acid|Best for Oily, Combo, Normal Skin|Without Parabens|Without Silicones"
P482007,Dewy Glow Jam Cleanser with Jeju Cherry Blossom,innisfree,Cleansers,13,4.3095,42,9095,"Without Parabens|Best for Dry, Combo, Normal Skin|Without Sulfates SLS & SLES|Without Phthalates|Hydrating|Good for: Dullness/Uneven Texture"
P468671,Clarifying Cleansing Foam with Bija Seed Oil,innisfree,Cleansers,12,4.2162,37,4981,"Good for: Pores|Without Mineral Oil|Salicylic Acid|Best for Oily, Combo, Normal Skin|Without Parabens|Without Silicones"
P503928,Green Tea Hyaluronic Acid Face Cleanser,innisfree,Cleansers,12,4.0385,26,7953,"Hyaluronic Acid|Hydrating|Without Mineral Oil|Good for: Dryness|Without Parabens|Best for Dry, Combo, Normal Skin"
P503901,Hydration Heroes Green Tea Skincare Routine Set,innisfree,Value & Gift Sets,39,3.7059,17,7004,"Hyaluronic Acid|Hydrating|Without Mineral Oil|Good for: Dryness|Without Parabens|Best for Dry, Combo, Normal Skin"
P503890,Green Tea Hyaluronic Acid Hydrating Toner,innisfree,Cleansers,22,4.5714,14,8957,"Hyaluronic Acid|Best for Oily Skin|Hydrating|Good for: Dryness|Without Parabens|Best for Dry, Combo, Normal Skin"
P503942,Green Tea Hydrating Cleansing Oil,innisfree,Cleansers,24,4.3077,13,6627,"Hydrating|Without Mineral Oil|Good for: Dryness|Without Parabens|Best for Dry, Combo, Normal Skin|Without Sulfates SLS & SLES"
P503930,Green Tea Hyaluronic Acid Hydrating Eye Serum,innisfree,Eye Care,22,3.8,10,6741,"Hyaluronic Acid|Hydrating|Without Mineral Oil|Good for: Dryness|Without Parabens|Best for Dry, Combo, Normal Skin"
P503935,Volcanic Pore Clearing Facial Cleanser with AHA + BHA,innisfree,Cleansers,14,4.4444,9,4123,"Good for: Pores|Without Mineral Oil|AHA/Glycolic Acid|Salicylic Acid|Best for Oily, Combo, Normal Skin|Without Parabens"
P503894,Green Tea Hyaluronic Acid Hydrating Eye Cream,innisfree,Eye Care,26,3.5,4,1784,"Hyaluronic Acid|Hydrating|Without Mineral Oil|Good for: Dryness|Without Parabens|Best for Dry, Combo, Normal Skin"
P504840,Hydrate + Purify Mini Bestsellers Discovery Skincare Set,innisfree,Value & Gift Sets,18,3.25,4,1592,"Hyaluronic Acid|Hydrating|Without Mineral Oil|Good for: Dryness|Without Parabens|Best for Dry, Combo, Normal Skin"
P431180,Self Tanning Bronzing Face Drops,Isle of Paradise,Self Tanners,32,3.9547,2849,209716,Natural Finish|Good for: Dullness/Uneven Texture|Vitamin C|Clean at Sephora|Customizable|Good for: Dark spots
P431181,Self-Tanning Water,Isle of Paradise,Self Tanners,32,3.712,1073,73112,Vegan|Refill Available|Hydrating|Clean at Sephora|Cruelty-Free
P469482,Even Skin Tone Self-Tanning Body Butter,Isle of Paradise,Self Tanners,28,3.7379,557,34228,Vegan|Good for: Dullness/Uneven Texture|Hydrating|Clean at Sephora|Good for: Dryness|Cruelty-Free
P443829,"Glow Clear, Color Correcting Self-Tanning Mousse",Isle of Paradise,Self Tanners,32,3.4289,394,23933,Hydrating|Customizable|Cruelty-Free|Vegan|Clean at Sephora
P482008,Self-Tanning Oil Mist,Isle of Paradise,Self Tanners,32,4.3937,320,17225,Hyaluronic Acid|Clean at Sephora|Hydrating
P456988,Own Your Glow Kit,Isle of Paradise,Value & Gift Sets,35,3.7714,280,33502,Hydrating|Refill Available|Customizable|Cruelty-Free|Vegan|Clean at Sephora
P444614,Express Ultra Dark Mousse,Isle of Paradise,Self Tanners,32,3.7833,120,9912,Hydrating|Customizable|Cruelty-Free|Vegan|Clean at Sephora
P476540,Pro Glow Spray Tan Kit,Isle of Paradise,Value & Gift Sets,30,4.0946,74,26141,Hydrating|Vegan|Clean at Sephora|Cruelty-Free|Good for: Dullness/Uneven Texture|Customizable
P474957,Night Glow Self-Tan Face Mist,Isle of Paradise,Self Tanners,24,3.7606,71,11912,Clean at Sephora|Hydrating|Vegan|Cruelty-Free|Hyaluronic Acid
P474956,Day Dew Self-Tan Face Mist,Isle of Paradise,Self Tanners,24,4.1887,53,9157,Clean at Sephora|Hydrating|Hyaluronic Acid|Vegan|Cruelty-Free
P459140,Self-Tanning Water Refill,Isle of Paradise,Self Tanners,24,3.619,42,12579,Refill Available|Liquid Formula|Clean at Sephora
P470533,Blending Brush,Isle of Paradise,Self Tanners,24,4.8056,36,17964,
P433155,Prep It Self-Tan Priming Spray,Isle of Paradise,Self Tanners,24,4.0313,32,11103,Vegan|Hydrating|Fresh Scent|Clean at Sephora|Cruelty-Free
P444990,Blend It Multi-Purpose Self-Tan Blender,Isle of Paradise,Self Tanners,22,2.3846,26,5294,Hydrating|Gluten Free|Cruelty-Free|Vegan|Clean at Sephora
P431419,Over It Magic Self-Tan Eraser,Isle of Paradise,Moisturizers,30,3.04,25,5750,AHA/Glycolic Acid|Hydrating|Cruelty-Free|Vegan|Clean at Sephora
P431418,Disco Tan Instant Wash-Off Body Bronzer,Isle of Paradise,Self Tanners,24,3.5,24,5272,Vegan|Radiant Finish|Good for: Dullness/Uneven Texture|Clean at Sephora|Cruelty-Free
P482009,Self-Tanning Mitt,Isle of Paradise,Self Tanners,10,3.4,5,4790,
P411403,Confidence in a Cream Anti-Aging Hydrating Moisturizer,IT Cosmetics,Moisturizers,20,4.62,2484,62988,"Vegan|Hyaluronic Acid|Good for: Loss of firmness|Good for: Anti-Aging|Without Parabens|Best for Dry, Combo, Normal Skin"
P433435,CC+ Cream Oil-Free Matte with SPF 40,IT Cosmetics,Moisturizers,44,3.846,1422,94058,Cream Formula|Matte Finish|Good for: Anti-Aging|Full Coverage|SPF
P411401,Bye Bye Under Eye Brightening Eye Cream for Dark Circles,IT Cosmetics,Eye Care,49.5,4.0049,1024,64892,Vegan|Hyaluronic Acid|Good for: Dark Circles|Good for: Anti-Aging|Fragrance Free|Without Parabens
P411393,Bye Bye Redness Neutralizing Color-Correcting Cream,IT Cosmetics,Moisturizers,35,4.1768,933,64038,"Best for Dry, Combo, Normal Skin|Good for: Redness|Full Coverage|Long-wearing"
P502656,Secret Sauce Moisturizer,IT Cosmetics,Moisturizers,72,4.0935,920,1132,"Good for: Dullness/Uneven Texture|Hyaluronic Acid|Vitamin C|Collagen|Good for: Anti-Aging|Best for Dry, Combo, Normal Skin"
P439057,Confidence in a Gel Lotion,IT Cosmetics,Moisturizers,45,4.5826,448,14365,"Best for Oily, Combo, Normal Skin|Good for: Dryness|Good for: Anti-Aging|Oil Free"
P426829,Confidence in a Cleanser Hydrating Facial Cleanser Serum,IT Cosmetics,Cleansers,29,4.4758,414,24647,"Best for Dry, Combo, Normal Skin|Good for: Anti-Aging|Good for: Dullness/Uneven Texture|Hyaluronic Acid|Collagen"
P454837,Confidence in Your Beauty Sleep Night Cream,IT Cosmetics,Moisturizers,58,4.4599,411,15582,"Best for Dry, Combo, Normal Skin|Good for: Anti-Aging|Good for: Dullness/Uneven Texture|Good for: Loss of firmness|Hyaluronic Acid"
P482681,Bye Bye Makeup 3-in-1 Makeup Melting Cleansing Balm,IT Cosmetics,Cleansers,42,4.6741,359,5368,Vitamin C|Alcohol Free|Without Mineral Oil|Good for: Dullness/Uneven Texture|Hydrating|Vegan
P474332,Bye Bye Lines 1.5% Hyaluronic Acid Serum,IT Cosmetics,Treatments,29,4.4615,273,8711,Hyaluronic Acid|Good for: Loss of firmness|Plumping|Good for: Anti-Aging|Without Parabens
P474330,Bye Bye Dark Spots 4% Niacinamide Serum,IT Cosmetics,Treatments,29,4.3284,271,15408,Good for: Dullness/Uneven Texture|Vitamin C|Without Mineral Oil|Without Parabens|Good for: Dark spots|Niacinamide
P474333,Bye Bye Pores 10% Glycolic Acid Serum,IT Cosmetics,Treatments,29,4.3532,269,12144,Good for: Dullness/Uneven Texture|Good for: Pores|AHA/Glycolic Acid
P448934,Bye Bye Pores Leave-On Solution Pore-Refining Toner,IT Cosmetics,Cleansers,34,4.0481,187,25082,"Best for Oily, Combo, Normal Skin|Good for: Pores|Good for: Acne/Blemishes"
P468369,Hello Results Wrinkle-Reducing Daily Retinol Serum-in-Cream,IT Cosmetics,Moisturizers,69,4.4419,172,6989,
P455610,Confidence in a Neck Cream,IT Cosmetics,Moisturizers,54,3.5417,48,7661,"Best for Dry, Combo, Normal Skin|Good for: Anti-Aging|Good for: Loss of firmness|Hyaluronic Acid|Collagen"
P427641,Mini Confidence in a Cream Hydrating Moisturizer,IT Cosmetics,Moisturizers,20,3.6809,47,13406,"Vegan|Hyaluronic Acid|Good for: Loss of firmness|Good for: Anti-Aging|Without Parabens|Best for Dry, Combo, Normal Skin"
P430143,Mini Confidence in a Cleanser,IT Cosmetics,Mini Size,15,4.1667,12,2196,"Good for: Dullness/Uneven Texture|Hyaluronic Acid|Collagen|Good for: Anti-Aging|Best for Dry, Combo, Normal Skin"
P480610,Hello Results Baby-Smooth Glycolic Peel + Caring Oil,IT Cosmetics,Treatments,59,4.5,6,2199,"Good for: Dullness/Uneven Texture|Hydrating|Good for: Anti-Aging|AHA/Glycolic Acid|Best for Dry, Combo, Normal Skin"
P12573,Intense Therapy Lip Balm SPF 25,Jack Black,Lip Balms & Treatments,10,4.6818,3595,123439,Without Parabens|Alcohol Free|SPF|Gluten Free
P474057,Lip Service - Lip Balm Duo Mint & Shea,Jack Black,Lip Balms & Treatments,13,4.8947,19,6167,Hydrating|SPF|Gluten Free|Alcohol Free|UV Protection
P458573,Lip Balm Trio,Jack Black,Value & Gift Sets,22,4.7222,18,8564,
P428414,Skin Saviors,Jack Black,Value & Gift Sets,37,4.5,14,8231,
P472471,Acne Remedy Overnight Repair Moisturizer,Jack Black,Moisturizers,40,4.1429,7,972,Good for: Acne/Blemishes|Salicylic Acid|Oil Free|Vegan|Alcohol Free
P432240,Oil-Control Toner,Jack Black,Cleansers,25,2,4,473,
P476571,Turbo Body Lotion Energizing Gel Moisturizer with Eucalyptus & Aloe,Jack Black,Moisturizers,38,5,1,326,Hydrating|Without Parabens
P472470,Acne Remedy Balancing Foam Cleanser,Jack Black,Cleansers,25,,,338,Good for: Acne/Blemishes|Salicylic Acid|Oil Free|Vegan|Alcohol Free
P449156,Gold Sculpting Bar,Jillian Dempsey,Wellness,195,4.4328,67,10451,
P467126,That Jlo Glow Brightening & Firming Serum with Niacinamide,JLo Beauty,Treatments,79,3.9452,602,13307,Good for: Loss of firmness|Good for: Anti-Aging|Niacinamide|Cruelty-Free
P467124,That Blockbuster Cream with Hyaluronic Acid,JLo Beauty,Moisturizers,59,4.1612,552,8948,"Plumping|Hydrating|Good for: Anti-Aging|Best for Oily, Combo, Normal Skin|Cruelty-Free"
P467123,That Big Screen Moisturizer with Broad Spectrum SPF 30,JLo Beauty,Moisturizers,55,4.1435,467,5411,"Hyaluronic Acid|Hydrating|Best for Oily, Combo, Normal Skin|SPF|Cruelty-Free"
P467122,That Fresh Take Eye Cream with Peptides,JLo Beauty,Eye Care,49,4.1559,449,7449,Good for: Dark Circles|Good for: Anti-Aging|Good for: Dryness|Cruelty-Free
P467120,That Hit Single Gel-Cream Cleanser,JLo Beauty,Cleansers,39,4.0992,363,6260,"Liquid Formula|Good for: Pores|Floral Scent|Best for Oily, Combo, Normal Skin|Cruelty-Free"
P467118,That Limitless Glow Sheet Mask,JLo Beauty,Masks,49,4.013,307,11890,Good for: Loss of firmness|Good for: Anti-Aging|Niacinamide|Cruelty-Free
P500002,Brighten. Tighten. Hydrate. 3-Piece Set,JLo Beauty,Value & Gift Sets,64,4.2782,133,3952,Hyaluronic Acid|Good for: Loss of firmness|Hydrating|Good for: Anti-Aging|Good for: Dryness|Cruelty-Free
P500318,That Overnight Hustle AHA + BHA Resurfacer,JLo Beauty,Treatments,58,4.4409,127,3724,Good for: Dullness/Uneven Texture|Hyaluronic Acid|Lactic Acid|Good for: Anti-Aging|AHA/Glycolic Acid|Good for: Dark spots
P218700,100 percent Pure Argan Oil,Josie Maran,Moisturizers,49,4.4998,7763,134089,Cruelty-Free|Clean at Sephora
P283501,Argan Cleansing Oil,Josie Maran,Moisturizers,36,4.0524,2023,29027,Cruelty-Free|Vegan|Clean at Sephora
P404338,Whipped Argan Oil Face Butter,Josie Maran,Moisturizers,45,4.1421,1393,40417,
P377570,Argan Infinity Cream Intensive Creamy Oil,Josie Maran,Moisturizers,28,4.5163,1197,33244,
P384780,Pure Argan Milk Intensive Hydrating Treatment,Josie Maran,Treatments,56,4.068,1088,39408,Vegan|Clean at Sephora|Cruelty-Free
P454084,Argan Beta Retinol Pink Algae Serum,Josie Maran,Treatments,69,4.4132,760,15095,Cruelty-Free|Vegan|Clean at Sephora
P458900,Pineapple Enzyme Pore Clearing Cleanser,Josie Maran,Cleansers,29,4.2437,677,16013,Good for: Anti-Aging|Cruelty-Free|allure 2018 Best of Beauty Award Winner
P471043,Argan Pro-Retinol Eye Cream,Josie Maran,Eye Care,42,4.4774,641,27604,Good for: Dark Circles|Good for: Anti-Aging|Retinol|Cruelty-Free|Clean at Sephora
P446641,Argan Bright Skin Vitamin C Serum,Josie Maran,Treatments,66,4.3955,531,12342,Cruelty-Free|Vegan|Clean at Sephora
P394124,Argan Daily Moisturizer Tinted SPF 47 Protect + Perfect,Josie Maran,Sunscreen,38,4.0123,487,20882,Clean at Sephora|Reef Safe SPF|Cruelty-Free
P504044,Pro-Retinol Megamoisture Face Cream,Josie Maran,Moisturizers,54,4.7518,278,3498,Vegan|Plumping|Clean at Sephora|Retinol|Good for: Anti-Aging|Fragrance Free
P482269,Get Even Sun Milk SPF 33,Josie Maran,Sunscreen,46,4.6917,266,6781,Hydrating|Clean at Sephora|Good for: Dryness|Reef Safe SPF|UV Protection|Cruelty-Free
P503123,Smooth Like Butter Kit,Josie Maran,Value & Gift Sets,30,4.5,10,5990,Good for: Loss of firmness|Clean at Sephora|Hydrating|Good for: Anti-Aging|Retinol|Cruelty-Free
P504277,Face Stone Nourishing Solid Refillable Facial Oil with Tamanu + Blue Tansy,Kate McLeod,Moisturizers,68,4.6567,134,1182,Vegan|Good for: Redness|Refill Available|Good for: Dullness/Uneven Texture|Clean + Planet Positive|Hydrating
P232903,EradiKate Acne Treatment,Kate Somerville,Treatments,28,4.2243,3152,93898,"Good for: Acne/Blemishes|Salicylic Acid|Best for Oily, Combo, Normal Skin|Cruelty-Free"
P232915,ExfoliKate Intensive Pore Exfoliating Treatment,Kate Somerville,Cleansers,98,4.4375,2990,75332,"Best for Oily, Combo, Normal Skin|Good for: Dullness/Uneven Texture|Good for: Pores|AHA/Glycolic Acid|Salicylic Acid|Cruelty-Free"
P421276,ExfoliKate Glow Moisturizer,Kate Somerville,Moisturizers,76,4.511,1041,15906,"Best for Oily, Combo, Normal Skin|Good for: Pores|Good for: Acne/Blemishes|Cruelty-Free"
P404322,ExfoliKate Cleanser Daily Foaming Wash,Kate Somerville,Cleansers,44,4.4494,948,62349,"Good for: Dullness/Uneven Texture|Good for: Pores|AHA/Glycolic Acid|Best for Oily, Combo, Normal Skin|Cruelty-Free"
P232906,Oil Free Moisturizer,Kate Somerville,Moisturizers,76,4.1489,705,17558,"Best for Oily, Combo, Normal Skin|Good for: Loss of firmness|Good for: Dryness|Oil Free|Fragrance Free|Cruelty-Free"
P415667,EradiKate Daily Cleanser Acne Treatment,Kate Somerville,Treatments,44,4.2392,623,36518,"Good for: Pores|Good for: Acne/Blemishes|Best for Oily, Combo, Normal Skin|Cruelty-Free"
P232910,Goat Milk Moisturizing Cream,Kate Somerville,Moisturizers,76,4.0449,623,19623,Good for: Dark Circles|Good for: Dullness/Uneven Texture|Good for: Dryness
P232907,Anti Bac Acne Clearing Lotion,Kate Somerville,Treatments,56,4.4599,611,28025,"Best for Oily, Combo, Normal Skin|Good for: Acne/Blemishes|Cruelty-Free"
P306941,DermalQuench Hyaluronic Acid Hydration Treatment,Kate Somerville,Treatments,110,4.1824,603,9711,
P377368,D-Scar Scar Diminishing Serum,Kate Somerville,Treatments,56,4.0531,414,29199,
P442867,Kx Active Concentrates Bio-Mimicking Peptides Serum,Kate Somerville,Treatments,98,4.4297,384,6479,
P415202,Wrinkle Warrior 2-in-1 Plumping Moisturizer + Serum,Kate Somerville,Moisturizers,98,3.7075,359,19713,Good for: Dark Circles|Good for: Dryness|Good for: Loss of firmness|Hyaluronic Acid|Cruelty-Free
P457695,DeliKate Recovery Cream,Kate Somerville,Moisturizers,76,4.4971,350,8961,Good for: Dark Circles|Good for: Redness|Good for: Dryness|Fragrance Free|Cruelty-Free
P439927,Liquid ExfoliKate Triple Acid Resurfacing Treatment,Kate Somerville,Treatments,72,4.3723,282,20613,allure 2020 Best of Beauty Award Winner|Good for: Dullness/Uneven Texture|Good for: Pores|AHA/Glycolic Acid|Cruelty-Free
P232902,Gentle Daily Wash,Kate Somerville,Cleansers,44,4.1909,220,7501,
P448932,+Retinol Vitamin C Moisturizer,Kate Somerville,Moisturizers,110,4.2938,177,11055,
P440305,Goat Milk Moisturizing Cleanser,Kate Somerville,Cleansers,44,4.5575,174,16803,
P457697,DeliKate Recovery Serum,Kate Somerville,Treatments,98,4.641,156,8729,
P457696,DeliKate Soothing Cleanser,Kate Somerville,Cleansers,44,4.1875,144,4060,
P411881,Retinol Firming Eye Cream,Kate Somerville,Eye Care,98,3.4462,130,17127,
P470535,"KateCeuticals Resurfacing Overnight Peel with Glycolic Acid, Retinol & Niacinamide",Kate Somerville,Treatments,98,4.7377,122,6963,Good for: Pores|Good for: Dullness/Uneven Texture|Good for: Anti-Aging|AHA/Glycolic Acid|Retinol|Niacinamide
P436365,+Retinol Vita C Power Serum,Kate Somerville,Treatments,110,3.5041,121,8879,
P412117,Dry Skin Saver,Kate Somerville,Moisturizers,56,4.3009,113,12883,
P433468,EradiKate Salicylic Acid Acne Treatment,Kate Somerville,Treatments,68,4.1143,105,8230,"Good for: Acne/Blemishes|Good for: Dullness/Uneven Texture|Good for: Pores|Salicylic Acid|Retinol|Best for Oily, Combo, Normal Skin"
P469111,KateCeuticals Lifting Eye Cream,Kate Somerville,Eye Care,140,4.6354,96,3993,Good for: Anti-Aging|Good for: Loss of firmness|Good for: Dark Circles|Good for: Dryness|Vitamin C|Hyaluronic Acid
P471045,Daily Deflector Mineral Sunscreen SPF 40  PA++++,Kate Somerville,Sunscreen,54,4.4149,94,2924,Good for: Anti-Aging|UV Protection|Reef Safe SPF|SPF
P469112,KateCeuticals Total Repair Cream,Kate Somerville,Moisturizers,140,4.7143,91,2129,Good for: Anti-Aging|Good for: Loss of firmness|Good for: Dryness|Hyaluronic Acid
P421271,Wrinkle Warrior Eye Gel Visible Dark Circle Eraser,Kate Somerville,Eye Care,76,3.0667,90,4822,
P502200,HydraKate Recharging Serum with Hyaluronic Acid,Kate Somerville,Treatments,78,4.764,89,1808,Hyaluronic Acid|Good for: Dullness/Uneven Texture|Good for: Loss of firmness|Plumping|Hydrating|Good for: Dryness
P479701,EradiKate Acne Mark Fading Gel with Salicylic Acid,Kate Somerville,Treatments,68,4.7011,87,4497,Good for: Redness|Good for: Dullness/Uneven Texture|Good for: Pores|Salicylic Acid|Good for: Acne/Blemishes|Niacinamide
P382356,Age Arrest Anti-Wrinkle Cream,Kate Somerville,Moisturizers,98,4.0349,86,6101,
P502197,HydraKate Recharging Water Cream Moisturizer,Kate Somerville,Moisturizers,76,4.8256,86,3226,"Hyaluronic Acid|Good for: Dullness/Uneven Texture|Plumping|Hydrating|Good for: Dryness|Best for Dry, Combo, Normal Skin"
P469110,KateCeuticals Firming Serum with Hyaluronic Acid,Kate Somerville,Treatments,110,4.8765,81,2724,Good for: Anti-Aging|Good for: Loss of firmness|Good for: Dryness|Hyaluronic Acid
P479703,EradiKate Clarifying Acne Gel Cleanser with Salicylic Acid,Kate Somerville,Treatments,44,4.6709,79,2655,Salicylic Acid|Niacinamide|Good for: Redness|Good for: Pores|Good for: Dullness/Uneven Texture|Good for: Acne/Blemishes
P467028,Glow In A Wink ExfoliKate Bestsellers Set,Kate Somerville,Value & Gift Sets,72,4.9067,75,3372,
P404232,DermalQuench +Retinol Advanced Resurfacing Treatment,Kate Somerville,Treatments,110,4.0541,74,8412,
P232920,Line Release Under Eye Repair Cream,Kate Somerville,Eye Care,140,3.9143,70,4556,
P383308,Age Arrest Eye Cream,Kate Somerville,Eye Care,98,3.7451,51,4568,
P460511,Mini Liquid ExfoliKate Triple Acid Resurfacing Treatment,Kate Somerville,Mini Size,24,4.1176,17,8596,"allure 2020 Best of Beauty Award Winner|Good for: Dullness/Uneven Texture|Good for: Pores|AHA/Glycolic Acid|Best for Oily, Combo, Normal Skin|Cruelty-Free"
P500124,EradiKate Try-Me-Kit,Kate Somerville,Value & Gift Sets,49,4,4,1311,"Good for: Dullness/Uneven Texture|Good for: Pores|Without Phthalates|Good for: Acne/Blemishes|Salicylic Acid|Best for Oily, Combo, Normal Skin"
P502195,DelIKate Try Me Kit,Kate Somerville,Value & Gift Sets,49,5,3,1959,Good for: Redness|Best for Dry Skin|Good for: Dryness|Cruelty-Free
P502186,Retinol Try Me Kit,Kate Somerville,Value & Gift Sets,59,3,2,628,Hyaluronic Acid|Good for: Dullness/Uneven Texture|Vitamin C|Retinol|Good for: Anti-Aging|Good for: Dark spots
P500155,ExfoliKate All Over Glow Kit,Kate Somerville,Value & Gift Sets,115,5,1,1243,"Good for: Dullness/Uneven Texture|Lactic Acid|Good for: Pores|Good for: Dryness|Without Parabens|Best for Dry, Combo, Normal Skin"
P421996,Ultra Facial Moisturizing Cream with Squalane,Kiehl's Since 1851,Moisturizers,78,4.4469,2515,201776,"Refill Available|Clean at Sephora|Fragrance Free|Good for: Dryness|Without Parabens|Best for Dry, Combo, Normal Skin"
P422510,Mini Ultra Facial Moisturizing Cream with Squalane,Kiehl's Since 1851,Mini Size,24,4.4469,2515,31687,"Good for: Dullness/Uneven Texture|Clean at Sephora|Fragrance Free|Good for: Dryness|Without Parabens|Best for Dry, Combo, Normal Skin"
P422000,Creamy Eye Treatment with Avocado,Kiehl's Since 1851,Eye Care,36,3.9994,1668,68043,"Clean at Sephora|Fragrance Free|Good for: Dryness|Without Parabens|Best for Dry, Combo, Normal Skin"
P421998,Midnight Recovery Concentrate Moisturizing Face Oil,Kiehl's Since 1851,Treatments,56,4.2174,1173,101394,Good for: Dullness/Uneven Texture|Community Favorite|Clean at Sephora|Good for: Anti-Aging|Good for: Dryness
P445951,Midnight Recovery Concentrate Moisturizing Face Oil,Kiehl's Since 1851,Mini Size,30,4.2174,1173,29687,Good for: Dullness/Uneven Texture|Community Favorite|Clean at Sephora|Good for: Anti-Aging|Good for: Dryness
P454838,Powerful-Strength Dark Circle Reducing Vitamin C Eye Serum,Kiehl's Since 1851,Eye Care,55,3.8646,1041,46025,Good for: Dark Circles|Good for: Anti-Aging|Vitamin C|Hyaluronic Acid|Without Parabens
P422022,Clearly Corrective Dark Spot Correcting Serum,Kiehl's Since 1851,Treatments,65,3.8478,913,75403,Good for: Dullness/Uneven Texture|Vitamin C|Clean at Sephora|Salicylic Acid|Without Parabens|Good for: Dark spots
P455611,Clearly Corrective Dark Spot Solution Duo,Kiehl's Since 1851,Value & Gift Sets,125,3.8478,913,10273,Good for: Dullness/Uneven Texture|Vitamin C|Clean at Sephora|Salicylic Acid|Without Parabens|Good for: Dark spots
P422007,Ultra Facial Cleanser,Kiehl's Since 1851,Cleansers,30,4.3712,862,63080,"Without Parabens|Best for Dry, Combo, Normal Skin"
P501029,Retinol Fast-Release Wrinkle Reducing Night Serum,Kiehl's Since 1851,Treatments,85,4.5163,614,8391,Without Mineral Oil|Clean at Sephora|Good for: Anti-Aging|Fragrance Free|Without Parabens|Without Silicones
P474840,Micro-Dose Anti-Aging Retinol Serum with Ceramides and Peptide,Kiehl's Since 1851,Treatments,65,4.4916,598,42766,Good for: Dullness/Uneven Texture|Good for: Pores|Clean at Sephora|Retinol|Good for: Anti-Aging|Without Parabens
P457864,Vital Skin-Strengthening Hyaluronic Acid Super Serum,Kiehl's Since 1851,Treatments,60,4.2194,597,10302,"Good for: Pores|Clean at Sephora|Good for: Anti-Aging|Good for: Dryness|Without Parabens|Best for Dry, Combo, Normal Skin"
P480177,Super Multi-Corrective Anti-Aging Eye Cream,Kiehl's Since 1851,Eye Care,60,4.5714,581,22539,Good for: Loss of firmness|Clean at Sephora|Good for: Dark Circles|Good for: Anti-Aging|Fragrance Free|Niacinamide
P422002,Rare Earth Deep Pore Minimizing Cleansing Clay Mask,Kiehl's Since 1851,Masks,45,4.542,524,112588,Good for: Dullness/Uneven Texture|Good for: Pores|Clean at Sephora|Good for: Acne/Blemishes|Without Parabens
P474060,Mini Rare Earth Deep Pore Minimizing Cleansing Clay Mask,Kiehl's Since 1851,Mini Size,25,4.542,524,19428,"Clean at Sephora|Fragrance Free|Good for: Dryness|Without Parabens|Best for Dry, Combo, Normal Skin"
P472472,Ferulic Brew Facial Treatment Essence with Lactic Acid,Kiehl's Since 1851,Moisturizers,60,4.5603,514,22873,Good for: Dullness/Uneven Texture|Lactic Acid|Clean at Sephora|Good for: Anti-Aging|Without Parabens|Without Sulfates SLS & SLES
P479329,Ultra Facial Overnight Hydrating Face Mask with 10.5% Squalane,Kiehl's Since 1851,Masks,45,4.5461,434,29217,Best for Dry Skin|Clean at Sephora|Fragrance Free|Good for: Dryness|Without Parabens
P427529,Powerful-Strength Vitamin C Serum,Kiehl's Since 1851,Treatments,78,3.6684,389,45478,Good for: Anti-Aging|Good for: Dullness/Uneven Texture|Vitamin C|Without Parabens|Hyaluronic Acid
P446422,Avocado Nourishing Hydration Mask,Kiehl's Since 1851,Masks,48,3.9019,316,18646,
P503913,Ultra Facial Advanced Repair Barrier Cream,Kiehl's Since 1851,Moisturizers,48,4.7556,311,6823,Good for: Redness|Hydrating|Clean at Sephora|Good for: Dryness
P422013,Calendula Deep Clean Foaming Face Wash,Kiehl's Since 1851,Cleansers,38,4.5033,306,39855,"Clean at Sephora|Best for Oily, Combo, Normal Skin|Without Parabens|Without Sulfates SLS & SLES"
P470221,Milk-Peel Gentle Exfoliating Toner,Kiehl's Since 1851,Cleansers,60,4.682,305,14773,Best for Normal Skin|Good for: Dullness/Uneven Texture|Best for Dry Skin|Clean at Sephora|Good for: Dryness
P483664,Midnight  Recovery Omega-Rich Cloud Cream,Kiehl's Since 1851,Moisturizers,60,4.5233,300,11696,Good for: Dullness/Uneven Texture|Best for Dry Skin|Hydrating|Clean at Sephora|Good for: Dryness|Without Parabens
P422257,Midnight Recovery Botanical Cleansing Oil,Kiehl's Since 1851,Cleansers,35,4.2844,225,24814,Medium Hold|Clean at Sephora
P440937,Cannabis Sativa Seed Oil Herbal Concentrate (Hemp-Derived),Kiehl's Since 1851,Moisturizers,55,4.1396,222,17721,Best for Normal Skin|Good for: Redness|Good for: Dullness/Uneven Texture|Clean at Sephora|Good for: Acne/Blemishes
P449541,Pure Vitality Skin Renewing Cream,Kiehl's Since 1851,Moisturizers,75,4.3301,206,5068,Good for: Dullness/Uneven Texture|Clean at Sephora|Good for: Anti-Aging|Good for: Dryness
P470040,Ultra Facial Oil-Free Gel Cream,Kiehl's Since 1851,Moisturizers,38,4.4876,201,11677,"Clean at Sephora|Fragrance Free|Oil Free|Best for Oily, Combo, Normal Skin|Without Parabens|Alcohol Free"
P421997,Calendula Herbal Extract Alcohol Free Toner,Kiehl's Since 1851,Cleansers,47,4.2216,194,37317,"Good for: Redness|Good for: Dullness/Uneven Texture|Clean at Sephora|Best for Oily, Combo, Normal Skin|Without Parabens|Alcohol Free"
P432239,Buttermask Intense Repair Lip Treatment,Kiehl's Since 1851,Lip Balms & Treatments,28,4.0419,191,40755,
P422248,Rare Earth Deep Pore Daily Cleanser,Kiehl's Since 1851,Cleansers,28,4.2872,188,22813,"Clean at Sephora|Without Parabens|Best for Dry, Combo, Normal Skin"
P422011,Ultra Facial Toner,Kiehl's Since 1851,Cleansers,24,4.2637,182,27710,"Good for: Dullness/Uneven Texture|Clean at Sephora|Good for: Dryness|Best for Dry, Combo, Normal Skin"
P461948,Super Multi-Corrective Anti-Aging Face and Neck Cream,Kiehl's Since 1851,Moisturizers,76,4.2824,170,9733,
P422012,Ultra Facial Cream Sunscreen SPF 30,Kiehl's Since 1851,Moisturizers,38,3.8344,157,24886,Good for: Dullness/Uneven Texture|Clean at Sephora|Good for: Dryness|Without Parabens
P422003,Daily Reviving Concentrate,Kiehl's Since 1851,Treatments,59,4.3986,138,26859,
P429522,Super Fluid Daily UV Defense Sunscreen Broad Spectrum SPF 50+,Kiehl's Since 1851,Sunscreen,68,3.6048,124,18993,
P422004,Ultra Facial Moisturizer Sunscreen SPF 30,Kiehl's Since 1851,Moisturizers,38,3.7473,91,12320,
P422005,Ultra Facial Moisturizer,Kiehl's Since 1851,Moisturizers,38,3.7143,84,10346,
P431733,Epidermal Re-Texturizing Micro-Dermabrasion,Kiehl's Since 1851,Cleansers,46,4.6173,81,17152,
P461947,Calendula Petal-Infused Calming Mask with Aloe Vera,Kiehl's Since 1851,Masks,47,4.5111,45,10799,Good for: Redness|Clean at Sephora|Good for: Dryness|Without Parabens|Without Sulfates SLS & SLES
P436378,Dermatologist Solutions Centella Sensitive Cica-Cream,Kiehl's Since 1851,Moisturizers,46,4.5152,33,6043,Best for Oily Skin|Clean at Sephora|Salicylic Acid|Good for: Acne/Blemishes
P422253,Rare Earth Pore Refining Tonic,Kiehl's Since 1851,Cleansers,25,3.5758,33,5263,
P467628,Mini Clearly Corrective Dark Spot Correcting Serum,Kiehl's Since 1851,Mini Size,35,3.0455,22,10130,Good for: Dullness/Uneven Texture|Vitamin C|Clean at Sephora|Salicylic Acid|Without Parabens|Good for: Dark spots
P422260,Super Multi-Corrective Cream Sunscreen Broad Spectrum SPF 30,Kiehl's Since 1851,Moisturizers,95,3.6,15,3510,
P482021,Ultra Facial Hydrating Concentrated Cleansing Bar,Kiehl's Since 1851,Cleansers,20,4.3333,6,1558,Fragrance Free|Good for: Dryness
P480176,Mini Calendula Deep Clean Foaming Face Wash,Kiehl's Since 1851,Cleansers,18,5,3,3514,"Clean at Sephora|Best for Oily, Combo, Normal Skin|Without Parabens|Without Sulfates SLS & SLES"
P504464,Mask and Moisturize Duo Skincare Gift Set,Kiehl's Since 1851,Value & Gift Sets,30,5,1,1314,"Good for: Pores|Clean at Sephora|Good for: Dryness|Without Parabens|Best for Dry, Combo, Normal Skin"
P477811,Rare Earth Pore Minimizing Lotion,Kiehl's Since 1851,Moisturizers,33,,,606,
P505339,Ultra Pure High-Potency 5.0% Niacinamide Serum,Kiehl's Since 1851,Treatments,35,,,80,"Good for: Redness|Clean at Sephora|Fragrance Free|Best for Oily, Combo, Normal Skin"
P505376,Ultra Pure High-Potency 9.8% Glycolic Acid Serum,Kiehl's Since 1851,Treatments,35,,,55,Good for: Dullness/Uneven Texture|Good for: Pores|Clean at Sephora|AHA/Glycolic Acid
P505614,Ultra Facial Cream Refill Bundle,Kiehl's Since 1851,Value & Gift Sets,78,,,25,Clean at Sephora|Good for: Dryness|Without Parabens
P504635,Ultra Pure Hyaluronic Acid 1.5% Serum,Kiehl's Since 1851,Treatments,35,,,22,Hyaluronic Acid|Plumping|Hydrating|Clean at Sephora|Good for: Dryness
P505499,Deep Pore Cleansing Kit,Kiehl's Since 1851,Value & Gift Sets,63,,,13,Good for: Pores|Hydrating|Clean at Sephora|Good for: Dryness|Without Parabens
P505615,Ultra Facial Cleanser Home & Away Bundle,Kiehl's Since 1851,Value & Gift Sets,26,,,9,"Clean at Sephora|Without Parabens|Best for Dry, Combo, Normal Skin"
P294018,Cleansing Spa Water Cloths,Koh Gen Do,Cleansers,23,4.4789,284,23197,
P434336,Mini Noni Glow Face Oil,KORA Organics,Mini Size,28,4.3877,1166,26453,Vegan|Good for: Dullness/Uneven Texture|Plumping|Clean at Sephora|Good for: Dryness
P418624,Noni Glow Plumping Face Oil,KORA Organics,Moisturizers,72,4.4112,1121,38003,Good for: Damage|Good for: Dullness/Uneven Texture|Plumping|Clean + Planet Positive|Good for: Dryness|allure 2017 Best of Beauty Award Winner
P471046,Turmeric Glow Brightening Moisturizer,KORA Organics,Moisturizers,62,4.4985,1017,17005,Radiant Finish|Cream Formula|Hydrating|Clean at Sephora|Good for: Anti-Aging|allure 2021 Best of Beauty Award Winner
P455241,Noni Night AHA Pore & Resurfacing Serum,KORA Organics,Treatments,74,4.3946,555,8710,allure 2020 Best of Beauty Award Winner|Good for: Dullness/Uneven Texture|Good for: Pores|Clean + Planet Positive|Good for: Acne/Blemishes|Good for: Dark spots
P433627,Turmeric BHA Pore & Brightening Treatment Mask,KORA Organics,Masks,52,4.1626,492,40323,Good for: Dullness/Uneven Texture|Good for: Pores|Clean + Planet Positive|Good for: Anti-Aging|Good for: Acne/Blemishes|Good for: Dark spots
P461177,Mini Turmeric BHA Pore & Brightening Treatment Mask,KORA Organics,Mini Size,18,4.1626,492,12716,Vegan|Good for: Dullness/Uneven Texture|Good for: Pores|Clean + Planet Positive|Salicylic Acid
P468684,Milky Mushroom Gentle Cleansing Oil Makeup Remover,KORA Organics,Cleansers,44,4.4597,459,8251,Vegan|Plumping|Clean + Planet Positive|Hydrating|Good for: Dryness|Cruelty-Free
P476876,Berry Bright Firming Vitamin C Eye Cream,KORA Organics,Eye Care,58,4.6225,408,16219,"Refill Available|Good for: Loss of firmness|Vitamin C|Plumping|Good for: Anti-Aging|Best for Dry, Combo, Normal Skin"
P428816,Noni Radiant Brightening Eye Oil,KORA Organics,Eye Care,42,3.7915,398,24957,"Good for: Redness|Good for: Loss of firmness|Good for: Dark Circles|Clean at Sephora|Good for: Anti-Aging|Best for Oily, Combo, Normal Skin"
P446419,Noni Bright 12% Vitamin C Serum,KORA Organics,Treatments,73,4.2288,389,21320,Good for: Dullness/Uneven Texture|Good for: Loss of firmness|Vitamin C|Clean + Planet Positive|Good for: Anti-Aging|Good for: Dark spots
P500618,Turmeric Glow Foaming Cleanser,KORA Organics,Cleansers,44,4.6111,288,9992,Vegan|Good for: Dullness/Uneven Texture|Good for: Pores|Hydrating|Clean at Sephora|Good for: Dryness
P500055,Active Algae Lightweight Moisturizer,KORA Organics,Moisturizers,48,4.6763,207,5384,Refill Available
P474068,Minty Mineral Hydration Face Mist with Aloe Vera,KORA Organics,Moisturizers,44,4.5027,183,4877,Vegan|Clean + Planet Positive|Hydrating|Good for: Dryness|Alcohol Free|Cruelty-Free
P440072,Noni Glow Overnight Plumping Hydration Mask,KORA Organics,Masks,52,3.7283,92,12672,Vegan|Plumping|Vitamin C|Clean + Planet Positive|Hydrating|Good for: Dryness
P432835,Rose Quartz Facial De-Puffing & Lifting Gua Sha,KORA Organics,Wellness,63,4.0714,28,10216,Vegan|Good for: Loss of firmness|Clean + Planet Positive|Good for: Anti-Aging|Cruelty-Free
P456412,Greek Yoghurt Foaming Cream Cleanser,KORRES,Cleansers,28,4.5667,4186,38097,Good for: Redness|Clean at Sephora|Good for: Dryness
P480612,Santorini Grape Poreless Skin Cream,KORRES,Moisturizers,38.5,4.4026,3167,5890,Vegan|Hyaluronic Acid|Good for: Pores|Clean at Sephora|Salicylic Acid|Cruelty-Free
P456207,Greek Yoghurt Nourishing Probiotic Gel-Cream,KORRES,Moisturizers,38.5,4.348,3112,9157,
P456418,Wild Rose Night-Brightening Sleeping Facial,KORRES,Moisturizers,50,4.3596,1424,10482,Good for: Dullness/Uneven Texture|Clean at Sephora
P456417,Wild Rose Brightening Absolute Oil,KORRES,Moisturizers,54,4.3553,622,5462,Clean at Sephora|Good for: Dullness/Uneven Texture
P456414,Greek Yoghurt Probiotic Superdose Face Mask,KORRES,Masks,52,4.5049,509,12229,
P474340,Santorini Grape Velvet Skin Drink,KORRES,Moisturizers,50,4.5878,427,13454,Vegan|Good for: Dullness/Uneven Texture|Clean at Sephora|Without Silicones
P456421,Black Pine 3D Eye-Lift Super Serum,KORRES,Eye Care,61,4.0063,158,4302,
P456413,Mini Greek Yoghurt Foaming Cream Cleanser,KORRES,Mini Size,16,4.2471,85,12738,Clean at Sephora|Good for: Dryness|Good for: Redness
P455919,MenoReverse Volumizing Serum-in-Moisturizer,KORRES,Moisturizers,45,4.0517,58,3897,
P500329,Plump + Juicy Lip Booster Buttery Treatment,Kosas,Lip Balms & Treatments,25,4.2938,194,22688,Vegan|High Shine Finish|Clean + Planet Positive|Plumping|Hydrating|Hypoallergenic
P502745,Plump + Juicy Vegan Collagen + Probiotic Spray-On Serum,Kosas,Moisturizers,48,4.3741,139,22286,Vegan|Good for: Redness|Clean + Planet Positive|Hydrating|Good for: Anti-Aging|Oil Free
P387511,Immortelle Divine Cream,L'Occitane,Moisturizers,115,3.8805,159,6151,Cream Formula|Good for: Dullness/Uneven Texture|Good for: Anti-Aging|Without Phthalates|Without Parabens|Increases Shine
P442734,Immortelle Reset Overnight Reset Oil-In Serum,L'Occitane,Treatments,65,4.5333,60,12040,"Good for: Anti-Aging|Best for Oily, Combo, Normal Skin|Without Parabens|Best for Dry, Combo, Normal Skin|Without Sulfates SLS & SLES"
P457273,Immortelle Overnight Reset Eye Serum,L'Occitane,Eye Care,60,3.6,10,3415,Best for Normal Skin|Good for: Dark Circles|Good for: Anti-Aging
P457274,Hand Cream Trio,L'Occitane,Value & Gift Sets,29,4.1429,7,8278,
P416341,Crème de la Mer Moisturizer,La Mer,Moisturizers,380,4.0566,1377,90776,Best for Dry Skin|Without Phthalates|Good for: Dryness|Without Parabens|Without Sulfates SLS & SLES
P426501,Mini Crème de la Mer Moisturizer,La Mer,Mini Size,100,4.0566,1377,18102,Best for Dry Skin|Good for: Dryness|Without Sulfates SLS & SLES|Without Parabens|Without Phthalates
P461949,The Concentrate Serum,La Mer,Treatments,425,4.5187,563,7514,"Without Phthalates|Good for: Dryness|Without Parabens|Best for Dry, Combo, Normal Skin|Without Sulfates SLS & SLES"
P480613,The Treatment Lotion,La Mer,Moisturizers,180,4.6439,424,8097,Good for: Loss of firmness|Plumping|Good for: Pores|Hydrating|Good for: Anti-Aging|Good for: Dryness
P482024,Mini The Treatment Lotion,La Mer,Moisturizers,125,4.6439,424,5212,Good for: Loss of firmness|Plumping|Good for: Pores|Hydrating|Good for: Anti-Aging|Good for: Dryness
P475124,The Hydrating Infused Emulsion,La Mer,Moisturizers,125,4.6222,360,8930,Good for: Dryness|Good for: Anti-Aging|Good for: Pores|Good for: Redness
P455924,The Eye Concentrate Cream,La Mer,Eye Care,260,4.0535,318,16236,"Best for Dry, Combo, Normal Skin|Good for: Dark Circles|Without Sulfates SLS & SLES|Without Parabens|Without Phthalates"
P417241,The Renewal Oil,La Mer,Moisturizers,270,4.4256,195,14920,"Best for Dry, Combo, Normal Skin|Good for: Dullness/Uneven Texture|Without Sulfates SLS & SLES|Without Parabens|Without Phthalates"
P417242,The Lip Balm,La Mer,Lip Balms & Treatments,75,3.9323,192,28090,
P450290,The Regenerating Serum,La Mer,Treatments,410,4.375,152,5356,"Best for Dry, Combo, Normal Skin|Good for: Anti-Aging|Without Sulfates SLS & SLES|Without Parabens|Without Phthalates|Niacinamide"
P429637,The Moisturizing Cool Gel Cream,La Mer,Moisturizers,200,3.6788,137,8727,Best for Oily Skin|Good for: Dullness/Uneven Texture|Without Sulfates SLS & SLES|Without Parabens|Without Phthalates
P416344,The Cleansing Foam,La Mer,Cleansers,95,4,119,19070,"Good for: Pores|Without Phthalates|Best for Oily, Combo, Normal Skin|Without Parabens|Without Sulfates SLS & SLES"
P505160,The Moisturizing Soft Cream Moisturizer,La Mer,Moisturizers,380,4.5146,103,295,"Good for: Redness|Good for: Loss of firmness|Plumping|Good for: Pores|Good for: Anti-Aging|Best for Dry, Combo, Normal Skin"
P417107,The Moisturizing Soft Lotion,La Mer,Moisturizers,320,4.0704,71,4580,Best for Combination Skin|Good for: Pores|Without Sulfates SLS & SLES|Without Parabens|Without Phthalates
P417118,The Broad Spectrum SPF 50 UV Protecting Fluid,La Mer,Sunscreen,105,4.2537,67,12975,"Without Phthalates|Good for: Dryness|Without Parabens|Best for Dry, Combo, Normal Skin|SPF|Without Sulfates SLS & SLES"
P421249,The Moisturizing Matte Lotion,La Mer,Moisturizers,320,4.2258,62,4347,Best for Oily Skin|Good for: Pores|Without Sulfates SLS & SLES|Without Parabens|Without Phthalates
P444964,The Lip Volumizer,La Mer,Lip Balms & Treatments,85,3.5536,56,19686,
P417111,The Eye Balm Intense,La Mer,Eye Care,260,3.5818,55,10037,"Best for Dry, Combo, Normal Skin|Good for: Dullness/Uneven Texture|Without Sulfates SLS & SLES|Without Parabens|Without Phthalates"
P431416,The Replenishing Oil Exfoliator,La Mer,Cleansers,135,4.6596,47,8653,
P417243,The Tonic,La Mer,Cleansers,95,4.1333,45,9567,
P417114,The Cleansing Micellar Water,La Mer,Cleansers,95,4.2,45,6735,
P416538,The Lifting and Firming Mask,La Mer,Masks,300,4.2857,42,15023,"Best for Dry, Combo, Normal Skin|Good for: Loss of firmness|Without Sulfates SLS & SLES|Without Parabens|Without Phthalates"
P417115,The Intensive Revitalizing Mask,La Mer,Masks,200,4.4571,35,6256,
P416725,The Revitalizing Hydrating Serum,La Mer,Treatments,255,4,29,8300,"Best for Dry, Combo, Normal Skin|Good for: Dullness/Uneven Texture|Without Sulfates SLS & SLES|Without Parabens|Without Phthalates"
P433962,Treatment Lotion Hydrating Mask,La Mer,Masks,190,4.2609,23,8179,
P428636,Mini The Cleansing Foam,La Mer,Cleansers,25,3.6087,23,8063,"Best for Oily, Combo, Normal Skin|Good for: Pores|Without Sulfates SLS & SLES|Without Parabens|Without Phthalates"
P428637,Mini The Lifting and Firming Mask,La Mer,Mini Size,95,4.3636,22,7589,"Best for Dry, Combo, Normal Skin|Good for: Loss of firmness|Without Sulfates SLS & SLES|Without Parabens|Without Phthalates"
P461950,Mini The Concentrate Serum,La Mer,Mini Size,220,4.4444,18,6441,"Without Phthalates|Good for: Dryness|Without Parabens|Best for Dry, Combo, Normal Skin|Without Sulfates SLS & SLES"
P417110,The Lifting Eye Serum,La Mer,Eye Care,300,3.3333,15,7599,
P475961,Crème de La Mer Duet,La Mer,Value & Gift Sets,380,4.4615,13,13729,Best for Dry Skin|Without Phthalates|Good for: Dryness|Without Parabens|Without Sulfates SLS & SLES
P428639,Mini The Renewal Oil,La Mer,Mini Size,145,4.3077,13,6304,"Best for Dry, Combo, Normal Skin|Good for: Dullness/Uneven Texture|Without Sulfates SLS & SLES|Without Parabens|Without Phthalates"
P430405,Mini The Moisturizing Cool Gel Cream,La Mer,Mini Size,100,4.3,10,3320,Best for Oily Skin|Good for: Dullness/Uneven Texture|Without Sulfates SLS & SLES|Without Parabens|Without Phthalates
P501264,The Hydrating Treatment Lotion & Crème Set,La Mer,Value & Gift Sets,200,3,2,3433,Best for Dry Skin|Without Phthalates|Good for: Dryness|Without Parabens|Without Sulfates SLS & SLES
P379510,Advanced Génifique Radiance Boosting Face Serum,Lancôme,Treatments,132,4.4032,1602,82978,Hyaluronic Acid|Good for: Dullness/Uneven Texture|Vitamin C|Good for: Pores|Good for: Anti-Aging|Without Parabens
P54509,Tonique Confort Re-Hydrating Comforting Toner with Acacia Honey,Lancôme,Cleansers,39,4.5585,1581,55339,"Good for: Dullness/Uneven Texture|Hyaluronic Acid|Good for: Dryness|Best for Dry, Combo, Normal Skin|Without Sulfates SLS & SLES"
P453825,Hydra Zen Glow Liquid Lightweight Moisturizer with Hyaluronic Acid,Lancôme,Moisturizers,54,4.413,1511,9381,
P422430,Hydra Zen Gel-Cream Oil-Free Moisturizer with Salicylic Acid,Lancôme,Moisturizers,48,4.5629,1256,15564,"Best for Oily, Combo, Normal Skin|Good for: Dryness|Good for: Dullness/Uneven Texture|Good for: Redness|Salicylic Acid|Oil Free"
P470041,"UV Expert Aquagel Defense Sunscreen, Primer & Moisturizer SPF 50 Duo",Lancôme,Value & Gift Sets,65,4.2383,1045,3271,Best for Combination Skin|Without Mineral Oil|Long-wearing|Good for: Dryness|Without Parabens|SPF
P375841,Advanced Génifique Yeux Light-Pearl Eye Serum,Lancôme,Eye Care,80,4.0968,1002,21787,"Good for: Dark Circles|Good for: Anti-Aging|Good for: Dryness|Without Parabens|Best for Dry, Combo, Normal Skin|Without Sulfates SLS & SLES"
P470536,Clarifique Exfoliating & Hydrating Face Essence with Glycolic Acid,Lancôme,Moisturizers,95,4.643,846,10202,Best for Normal Skin|Good for: Pores|Good for: Dullness/Uneven Texture|AHA/Glycolic Acid|Salicylic Acid|Vitamin C
P472981,Advanced Génifique Wrinkle & Dark Circle Eye Cream,Lancôme,Eye Care,79,4.6133,706,22310,Hyaluronic Acid|Cream Formula|Good for: Loss of firmness|Vitamin C|Good for: Dark Circles|Without Parabens
P479971,Rénergie H.C.F. Triple Serum: For Plumping & Anti-Aging,Lancôme,Treatments,140,4.4419,602,9070,Hyaluronic Acid|Good for: Loss of firmness|Vitamin C|Good for: Anti-Aging|Good for: Dark spots|Niacinamide
P502761,Advanced Génifique Night Cream with Triple Ceramide Complex,Lancôme,Moisturizers,95,4.7127,463,2887,Best for Combination Skin|Hyaluronic Acid|Good for: Dullness/Uneven Texture|Good for: Anti-Aging|Good for: Dryness|Without Parabens
P217932,Crème Radiance Gentle Cleansing Creamy-Foam Cleanser,Lancôme,Cleansers,34,4.4416,394,17120,"Best for Oily, Combo, Normal Skin|Good for: Pores|Without Parabens"
P453826,Rénergie Lift Multi-Action Ultra Dark Spot Correcting Cream SPF 30,Lancôme,Moisturizers,135,4.6909,317,8888,"Hyaluronic Acid|Good for: Loss of firmness|Good for: Anti-Aging|Best for Dry, Combo, Normal Skin|SPF|Good for: Dark spots"
P467630,Rénergie Lift Multi-Action Ultra Dark Circle Correcting Eye Cream,Lancôme,Eye Care,82,4.6376,298,9874,
P217931,Tonique Radiance Clarifying Refining Toner,Lancôme,Cleansers,31,4.103,165,6619,
P474843,Absolue Soft Cream Revitalizing & Brightening Moisturizer,Lancôme,Moisturizers,150,4.6763,139,5913,"Cream Formula|Good for: Dullness/Uneven Texture|Hydrating|Good for: Anti-Aging|Good for: Dryness|Best for Dry, Combo, Normal Skin"
P474844,Absolue Revitalizing Eye Cream,Lancôme,Eye Care,135,4.6094,128,5509,"Cream Formula|Hydrating|Good for: Dark Circles|Good for: Anti-Aging|Best for Dry, Combo, Normal Skin"
P482025,Absolue Rich Cream Moisturizer,Lancôme,Moisturizers,270,4.8031,127,1453,"Good for: Loss of firmness|Hydrating|Good for: Anti-Aging|Good for: Dryness|Best for Dry, Combo, Normal Skin|Without Sulfates SLS & SLES"
P430813,Advanced Génifique Hydrogel Melting Mask,Lancôme,Masks,15,4.0833,108,13528,
P422428,Hydra Zen Anti-Stress Moisturizing Face Cream,Lancôme,Moisturizers,57,4.2692,78,5273,
P376135,Rénergie Lift Multi-Action Night Cream,Lancôme,Moisturizers,160,4.3571,56,8299,"Hyaluronic Acid|Good for: Loss of firmness|Good for: Anti-Aging|Good for: Dryness|Without Formaldehydes|Best for Dry, Combo, Normal Skin"
P433461,Rose Sugar Scrub,Lancôme,Cleansers,34,3.8049,41,7764,
P379009,Rénergie Lift Multi-Action Day Cream with SPF 15 - All Skin Types,Lancôme,Moisturizers,135,3.8108,37,3448,"Best for Oily, Combo, Normal Skin|SPF|Good for: Anti-Aging|Good for: Loss of firmness|Good for: Dryness|Good for: Dullness/Uneven Texture"
P447607,Rose Milk Re-Hydrating Mist,Lancôme,Moisturizers,30,3.5517,29,5507,
P447608,Rose Sorbet Cryo-Mask,Lancôme,Masks,45,3.5185,27,3771,
P454029,Rènergie Lift Multi-Action Ultra Double-Wrapping Cream Face Mask,Lancôme,Masks,68,4.7222,18,4838,
P438362,Tonique Confort Hydrating & Toning Duo,Lancôme,Value & Gift Sets,49,4.6667,9,11331,
P451737,Advanced Génifique Face & Eye Serum Set,Lancôme,Value & Gift Sets,130,3.875,8,10432,
P505452,Clarifique Pro-Solution Brightening & Dark Spot Reducing Serum,Lancôme,Treatments,85,4.4,5,23,Good for: Dullness/Uneven Texture|Good for: Pores|Without Sulfates SLS & SLES|Good for: Dark spots|Niacinamide
P502823,Absolue The Serum,Lancôme,Treatments,270,3.5,2,353,Good for: Dullness/Uneven Texture|Good for: Loss of firmness|Hydrating|Good for: Dryness
P504465,Genifique Routine Set,Lancôme,Value & Gift Sets,165,,,1173,Good for: Dullness/Uneven Texture|Good for: Dark Circles|Good for: Anti-Aging
P501751,Absolue Rose 80 Brightening Toner with Salicylic Acid,Lancôme,Cleansers,120,,,1139,"Good for: Dullness/Uneven Texture|Good for: Dryness|Salicylic Acid|Best for Oily, Combo, Normal Skin|Without Parabens|Without Silicones"
P420652,Lip Sleeping Mask Intense Hydration with Vitamin C,LANEIGE,Lip Balms & Treatments,24,4.3508,16118,1081315,allure 2019 Best of Beauty Award Winner|Community Favorite|Vitamin C|Hydrating|Good for: Dryness|Without Parabens
P443563,Lip Glowy Balm,LANEIGE,Lip Balms & Treatments,18,4.3923,3722,471406,High Shine Finish|Community Favorite|Hydrating|Without Phthalates|Good for: Dryness|Without Parabens
P446930,Cream Skin Toner & Moisturizer,LANEIGE,Moisturizers,33,4.4481,1859,143173,Hydrating|Best for Dry Skin|Hypoallergenic|Fragrance Free|Without Mineral Oil
P454313,Cica Sleeping Mask,LANEIGE,Masks,34,4.6375,971,80111,Good for: Redness|Good for: Dryness|Fragrance Free|Hypoallergenic|Without Parabens
P469490,Lip Treatment Balm,LANEIGE,Lip Balms & Treatments,25,4.2128,719,93358,Good for: Dullness/Uneven Texture|Good for: Loss of firmness|Shimmer Finish|Without Mineral Oil|Good for: Dryness|Without Silicones
P482693,Water Bank Blue Hyaluronic Cream Moisturizer,LANEIGE,Moisturizers,40,3.9928,699,48729,"Hyaluronic Acid|Hydrating|Good for: Dryness|Hypoallergenic|Best for Oily, Combo, Normal Skin|Best for Dry, Combo, Normal Skin"
P466134,Radian-C Cream with Vitamin C,LANEIGE,Moisturizers,35,4.4913,631,45923,
P479330,Water Sleeping Mask with Squalane,LANEIGE,Masks,32,4.3623,472,78940,Good for: Dullness/Uneven Texture|Best for Dry Skin|Hydrating|Good for: Dryness|Without Parabens|Without Sulfates SLS & SLES
P482692,Water Bank Blue Hyaluronic Serum,LANEIGE,Treatments,45,4.7355,310,24759,"Hyaluronic Acid|Hydrating|Good for: Dryness|Hypoallergenic|Best for Oily, Combo, Normal Skin|Best for Dry, Combo, Normal Skin"
P460514,Cream Skin Milk Oil Cleanser,LANEIGE,Cleansers,34,4.3729,303,27415,"Good for: Dryness|Fragrance Free|Without Sulfates SLS & SLES|Best for Dry, Combo, Normal Skin|Without Parabens|Without Phthalates"
P460513,Cream Skin Mist,LANEIGE,Moisturizers,27,4.5739,291,43168,"Hydrating|Hypoallergenic|Fragrance Free|Best for Dry, Combo, Normal Skin|Without Parabens|Without Phthalates"
P503867,Retinol Firming Cream Treatment with Peptides + Hyaluronic Acid,LANEIGE,Treatments,39,4.5728,213,8178,"Hyaluronic Acid|Good for: Loss of firmness|Retinol|Good for: Anti-Aging|Hypoallergenic|Best for Dry, Combo, Normal Skin"
P501030,Radian-C Brightening Treatment Essence,LANEIGE,Moisturizers,39,4.6995,203,10478,"Good for: Dullness/Uneven Texture|Best for Dry Skin|Vitamin C|Hydrating|Good for: Dryness|Best for Dry, Combo, Normal Skin"
P504212,Berries n' Choco Kisses Set,LANEIGE,Value & Gift Sets,26,4.5954,173,71206,"Vitamin C|Hydrating|Good for: Dryness|Without Formaldehydes|Best for Dry, Combo, Normal Skin|Without Sulfates SLS & SLES"
P482695,Water Bank Blue Hyaluronic Gel Moisturizer,LANEIGE,Moisturizers,40,4.0473,169,15636,"Hyaluronic Acid|Best for Oily Skin|Hydrating|Good for: Dryness|Hypoallergenic|Best for Oily, Combo, Normal Skin"
P481825,Hydro UV Defense Sunscreen Broad Spectrum SPF 50+,LANEIGE,Sunscreen,30,4.2583,151,19738,"Good for: Dryness|UV Protection|Hypoallergenic|Best for Oily, Combo, Normal Skin|SPF|Best for Dry, Combo, Normal Skin"
P482696,Water Bank Blue Hyaluronic Eye Cream,LANEIGE,Eye Care,43,4.5385,130,16508,"Hyaluronic Acid|Good for: Dark Circles|Good for: Dryness|Best for Dry, Combo, Normal Skin|Without Sulfates SLS & SLES|Niacinamide"
P484055,Water Bank Blue Hyaluronic Hydration Set,LANEIGE,Value & Gift Sets,45,4.0192,52,40254,"Good for: Loss of firmness|Hydrating|Good for: Dryness|Best for Oily, Combo, Normal Skin|Best for Dry, Combo, Normal Skin"
P459116,Mini Cream Skin Toner & Moisturizer,LANEIGE,Mini Size,15,4.3077,52,17031,
P504208,Midnight to Morning Hydration Set,LANEIGE,Value & Gift Sets,21,4.2632,38,41957,"Hydrating|Good for: Dryness|Best for Oily, Combo, Normal Skin|Best for Dry, Combo, Normal Skin"
P482694,Mini Water Bank Blue Hyaluronic Cream Moisturizer,LANEIGE,Moisturizers,23,3.5135,37,13024,"Hyaluronic Acid|Hydrating|Good for: Dryness|Hypoallergenic|Best for Oily, Combo, Normal Skin|Best for Dry, Combo, Normal Skin"
P500982,Water Bank Cleansing Foam,LANEIGE,Cleansers,25,3.9286,28,7317,"Hyaluronic Acid|Good for: Dryness|Best for Oily, Combo, Normal Skin|Best for Dry, Combo, Normal Skin"
P503868,BTS |  Amorepacific Lip Sleeping Mask Lip & Pop Edition Set,LANEIGE,Value & Gift Sets,35,4.3636,22,23044,"Vitamin C|Hydrating|Good for: Dryness|Without Formaldehydes|Best for Dry, Combo, Normal Skin|Without Sulfates SLS & SLES"
P482698,Water Bank Blue Hyaluronic Exfoliating Toner,LANEIGE,Cleansers,31,4.4118,17,8064,"Good for: Dullness/Uneven Texture|Best for Oily Skin|Hydrating|Best for Oily, Combo, Normal Skin|Without Parabens|Without Sulfates SLS & SLES"
P482697,Water Bank Blue Hyaluronic Revitalizing Toner,LANEIGE,Cleansers,31,4,17,8013,"Hyaluronic Acid|Hydrating|Good for: Dryness|Without Parabens|Best for Dry, Combo, Normal Skin|Without Sulfates SLS & SLES"
P503934,Besties Set,LANEIGE,Value & Gift Sets,35,3.6667,3,6757,"Hydrating|Good for: Dryness|Without Formaldehydes|Best for Oily, Combo, Normal Skin|Best for Dry, Combo, Normal Skin|Without Sulfates SLS & SLES"
P458546,Set The Stage Hydrating Primer Serum,LAWLESS,Treatments,32,4.5976,251,12625,Hydrating|Clean at Sephora|Without Silicones|Without Sulfates SLS & SLES|Cruelty-Free
P454771,Aglow Cleansing Butter,lilah b.,Cleansers,14,4.5349,86,4469,"Vegan|Hydrating|Clean at Sephora|Best for Dry, Combo, Normal Skin|Gluten Free"
P455191,Mini Aglow Cleansing Butter,lilah b.,Mini Size,14,3.5882,17,6802,"Vegan|Hydrating|Clean at Sephora|Best for Dry, Combo, Normal Skin|Gluten Free"
P505047,High Performance Face Serum with Vitamin C and Hyaluronic Acid,MACRENE actives,Treatments,195,4.9268,41,254,Good for: Dullness/Uneven Texture|Good for: Loss of firmness|Vitamin C|Clean at Sephora|Good for: Anti-Aging|Cruelty-Free
P505140,Plumping High Performance Lip Filler with Hyaluronic Acid,MACRENE actives,Lip Balms & Treatments,95,4.7692,26,422,Natural Finish|Hyaluronic Acid|Plumping|Hydrating|Clean at Sephora|Cruelty-Free
P505142,High Performance Eye Cream for Dark Circles with Hyaluronic Acid,MACRENE actives,Eye Care,135,4.8947,19,328,Good for: Dullness/Uneven Texture|Hyaluronic Acid|Good for: Loss of firmness|Good for: Dark Circles|Clean at Sephora|Cruelty-Free
P505131,Moisturizing High Performance Face Cream with Peptides,MACRENE actives,Moisturizers,225,4.9333,15,297,Good for: Redness|Good for: Dullness/Uneven Texture|Good for: Loss of firmness|Clean at Sephora|Good for: Anti-Aging|Cruelty-Free
P505133,High Performance Face Cleanser for Clear Skin with Niacinamide,MACRENE actives,Cleansers,85,4.9231,13,204,"Good for: Dullness/Uneven Texture|Hydrating|Clean at Sephora|Good for: Acne/Blemishes|Best for Dry, Combo, Normal Skin|Cruelty-Free"
P504861,Gentle Eye Gel Waterproof Eye & Lip Makeup Remover,MAKE UP FOR EVER,Cleansers,29,,,1031,Fragrance Free|Alcohol Free
P503992,Chia + Moringa Algae Enzyme Cleansing Oil,MARA,Cleansers,58,4.8839,224,4444,"Good for: Dullness/Uneven Texture|Clean + Planet Positive|Hydrating|AHA/Glycolic Acid|Good for: Dryness|Best for Dry, Combo, Normal Skin"
P503991,Algae + Moringa Universal Hydrating Face Oil,MARA,Moisturizers,72,4.9009,111,1595,"Vegan|Plumping|Clean + Planet Positive|Hydrating|Good for: Anti-Aging|Best for Dry, Combo, Normal Skin"
P504026,Mini Algae + Moringa Universal Face Oil,MARA,Moisturizers,40,4.9009,111,1333,Vegan|Good for: Dullness/Uneven Texture|Clean + Planet Positive|Good for: Anti-Aging|Retinol|Good for: Acne/Blemishes
P504016,Mini Evening Primrose + Green Tea Algae Retinol Face Oil,MARA,Moisturizers,66,4.9487,78,1039,Vegan|Good for: Dullness/Uneven Texture|Clean + Planet Positive|Good for: Anti-Aging|Retinol|Good for: Acne/Blemishes
P504031,Evening Primrose + Green Tea Algae Retinol Face Oil,MARA,Moisturizers,120,4.9487,78,940,Vegan|Good for: Dullness/Uneven Texture|Clean + Planet Positive|Good for: Anti-Aging|Retinol|Good for: Acne/Blemishes
P504059,Chlorella + Reishi Sea Vitamin C Sérum,MARA,Treatments,96,4.9032,62,1554,Vegan|Good for: Dullness/Uneven Texture|Vitamin C|Hydrating|Good for: Anti-Aging|Good for: Dark spots
P504199,Plankton + PHAFlower Acid Algae Serum,MARA,Treatments,74,4.8846,52,1159,Vegan|Good for: Dullness/Uneven Texture|Lactic Acid|Good for: Pores|Hydrating|Good for: Acne/Blemishes
P504134,Sea Silk Lip Balm,MARA,Lip Balms & Treatments,26,4.4444,36,6580,Vegan|Volumizing|Plumping|Vitamin C|Hydrating|Good for: Dryness
P504023,Algae + Zinc Sea Kale Mineral Sunscreen Sérum SPF 30,MARA,Treatments,52,4.5714,28,1323,Vegan|Best for Dry Skin|Vitamin C|Hydrating|Good for: Anti-Aging|Reef Safe SPF
P504040,Spirulina + Ashwagandha Volcanic Sea Clay Detox Masque,MARA,Masks,54,4.8519,27,1713,"Good for: Pores|Plumping|Hydrating|Fragrance Free|Good for: Acne/Blemishes|Best for Oily, Combo, Normal Skin"
P440498,Drying Lotion,Mario Badescu,Treatments,17,4.0955,398,57039,Oil Free|Without Sulfates SLS & SLES|Without Phthalates|Cruelty-Free|Vegan
P440482,"Facial Spray with Aloe, Herbs and Rosewater",Mario Badescu,Moisturizers,7,3.7567,300,42146,Vegan|Oil Free|Without Sulfates SLS & SLES
P440503,Lip Balm,Mario Badescu,Lip Balms & Treatments,8,4.2515,167,32609,
P440483,"Facial Spray with Aloe, Cucumber and Green Tea",Mario Badescu,Moisturizers,7,3.9603,126,19617,Vegan|Without Sulfates SLS & SLES|Without Phthalates|Without Parabens
P444967,"Mini Facial Spray with Aloe, Herbs and Rosewater",Mario Badescu,Mini Size,5,4.1138,123,32572,Vegan|Oil Free|Without Sulfates SLS & SLES
P440484,"Facial Spray with Aloe, Chamomile and Lavender",Mario Badescu,Moisturizers,7,4.4396,91,16337,Vegan|Without Sulfates SLS & SLES|Without Phthalates|Without Parabens
P440490,Acne Facial Cleanser,Mario Badescu,Cleansers,15,3.7625,80,13045,
P440502,Hyaluronic Eye Cream,Mario Badescu,Eye Care,18,3.24,75,10678,Without Sulfates SLS & SLES|Without Phthalates|Cruelty-Free|Vegan
P440486,Glycolic Acid Toner,Mario Badescu,Cleansers,18,4.1507,73,14598,
P440485,Enzyme Cleansing Gel,Mario Badescu,Cleansers,14,3.75,72,6291,Without Sulfates SLS & SLES|Without Phthalates|Cruelty-Free|Vegan
P444968,"Mini Facial Spray with Aloe, Cucumber and Green Tea",Mario Badescu,Mini Size,5,3.8382,68,16475,Vegan|Without Sulfates SLS & SLES|Without Phthalates|Without Parabens
P440489,Glycolic Foaming Cleanser,Mario Badescu,Cleansers,16,4.129,62,8640,
P440501,Seaweed Night Cream,Mario Badescu,Moisturizers,22,3.8387,62,7833,
P440494,Vitamin C Serum,Mario Badescu,Treatments,45,4.0816,49,10060,Oil Free|Vitamin C|Without Phthalates|Without Parabens|Without Sulfates SLS & SLES|Cruelty-Free
P444969,"Mini Facial Spray with Aloe, Chamomile and Lavender",Mario Badescu,Mini Size,5,3.8511,47,11554,Vegan|Without Sulfates SLS & SLES|Without Phthalates|Without Parabens
P440496,Buffering Lotion,Mario Badescu,Cleansers,19,3.9512,41,4679,
P440491,Botanical Exfoliating Scrub,Mario Badescu,Cleansers,26,4.5405,37,6646,
P440492,Buttermilk Moisturizer,Mario Badescu,Moisturizers,18,3.9714,35,5546,
P444615,Witch Hazel & Rosewater Toner,Mario Badescu,Cleansers,14,4.0882,34,12154,Without Parabens|Without Sulfates SLS & SLES|Cruelty-Free|Vegan
P440499,Silver Powder,Mario Badescu,Treatments,12,4.3939,33,6384,
P455909,Facial Spray with Aloe Sage & Orange Blossom,Mario Badescu,Moisturizers,7,4.4375,32,6786,Vegan|Oil Free|Without Parabens|Without Sulfates SLS & SLES|Without Phthalates
P440493,Oil Free Moisturizer Broad Spectrum SPF 30,Mario Badescu,Moisturizers,28,3.6452,31,4935,
P440500,Super Collagen Mask,Mario Badescu,Masks,18,4,21,9986,
P460756,Hyaluronic Dew Cream,Mario Badescu,Moisturizers,26,3.2,15,1647,Oil Free|Without Phthalates|Without Parabens|Without Sulfates SLS & SLES|Cruelty-Free|Vegan
P474964,"Facial Spray with Aloe Adaptogens, and Coconut Water",Mario Badescu,Moisturizers,9,4.2857,14,3932,
P479973,"Mini Facial Spray with Aloe Adaptogens, and Coconut Water",Mario Badescu,Moisturizers,7,3.6,10,5440,
P462378,Anti-Aging Regimen Kit,Mario Badescu,Value & Gift Sets,30,4.3,10,2962,
P462381,Glycolic Eye Cream,Mario Badescu,Eye Care,20,4.1111,9,2932,
P479974,Brightening Eye Serum,Mario Badescu,Eye Care,24,3.2857,7,2532,Vegan|Cruelty-Free|Without Parabens
P462379,Witch Hazel & Lavender Toner,Mario Badescu,Cleansers,14,4,6,2138,
P462375,Hyaluronic Dew Drops Hydrating Serum,Mario Badescu,Treatments,30,3.5,6,2112,Vegan|Without Phthalates|Oil Free|Without Parabens|Without Sulfates SLS & SLES|Cruelty-Free
P462384,Spritz. Mist. Glow. Facial Spray Trio,Mario Badescu,Value & Gift Sets,21,3,5,5387,
P468196,The Glow Up,Mario Badescu,Value & Gift Sets,49,2.5,4,2710,
P462383,Flower & Tonic Clay Mask,Mario Badescu,Masks,18,4.5,4,2333,
P460757,Brightening Mask with Vitamin C,Mario Badescu,Masks,22,3.5,4,2200,
P462386,Drying Cream,Mario Badescu,Treatments,17,3.75,4,1635,
P471784,Gentle Foaming Cleanser,Mario Badescu,Cleansers,14,4,3,2867,
P502709,Mini Mist Collection,Mario Badescu,Value & Gift Sets,20,4.5,2,2768,Recyclable Packaging|Hydrating|Good for: Dryness|Without Parabens|Without Silicones|Cruelty-Free
P500256,Mineral Sunscreen SPF 30,Mario Badescu,Sunscreen,28,5,2,983,Without Oxybenzone|Cream Formula|Hyaluronic Acid|Hydrating|Fragrance Free|Reef Safe SPF
P462377,Acne Repair Kit,Mario Badescu,Value & Gift Sets,46,,,2124,
P480330,Grab and Go Set,Mario Badescu,Value & Gift Sets,22,,,787,
P502966,Great Skin Instant Glow Serum with Niacinamide and Hyaluronic Acid,MERIT,Treatments,38,4.6486,481,45008,"Good for: Dullness/Uneven Texture|Hyaluronic Acid|Hydrating|Clean at Sephora|Best for Dry, Combo, Normal Skin|Niacinamide"
P453253,Vegan Milk Moisturizer,MILK MAKEUP,Moisturizers,38,4.2213,1672,35156,Vegan|Hydrating|Clean at Sephora|Fragrance Free
P404795,Cooling Water,MILK MAKEUP,Moisturizers,28,3.6775,1327,107607,Vegan|Hydrating|Clean at Sephora|Gluten Free
P404793,Sunshine Vitamin C + Squalane Face Oil,MILK MAKEUP,Moisturizers,39,4.3713,967,22337,Vegan|Vitamin C|Clean at Sephora|Hydrating|allure 2021 Best of Beauty Award Winner|Good for: Dryness
P456126,Vegan Milk Cleanser,MILK MAKEUP,Cleansers,30,4.4259,789,17898,Clean at Sephora|Good for: Dryness|Vegan
P430903,Watermelon Brightening Serum,MILK MAKEUP,Treatments,36,3.7258,299,38968,Vegan|Good for: Dullness/Uneven Texture|Clean at Sephora|Good for: Dryness
P404794,Hydrating Oil Stick,MILK MAKEUP,Moisturizers,32,3.8478,276,40465,Vegan|Clean at Sephora|Hydrating
P500102,Hydro Ungrip Makeup Removing Cleansing Balm,MILK MAKEUP,Cleansers,36,4.6829,164,17719,Vegan|Hyaluronic Acid|Clean at Sephora|Hydrating|Good for: Dryness|Cruelty-Free
P500101,Hydro Ungrip Makeup Remover + Cleansing Water,MILK MAKEUP,Cleansers,32,4.6475,139,14632,Vegan|Hyaluronic Acid|Clean at Sephora|Fragrance Free|Oil Free|Cruelty-Free
P432049,SuperYou Daily Stress Management,Moon Juice,Wellness,49,4.5584,505,17924,Vegan|Clean at Sephora|Without Parabens|Without Silicones|Gluten Free|Cruelty-Free
P454799,Mini SuperYou Daily Stress Management,Moon Juice,Mini Size,25,4.5749,494,5313,
P435800,Acid Potion AHA + BHA Resurfacing Exfoliator,Moon Juice,Treatments,42,4.547,404,43083,Vegan|Good for: Pores|Clean at Sephora|AHA/Glycolic Acid|Gluten Free|Cruelty-Free
P432831,Plump Jelly Hyaluronic Serum,Moon Juice,Treatments,58,4.2605,215,12648,Hyaluronic Acid|Clean at Sephora|Good for: Anti-Aging
P423157,Sex Dust   Adaptogens For Fire*,Moon Juice,Wellness,38,3.8529,136,14485,Vegan|Clean at Sephora|Gluten Free|Cruelty-Free
P454090,Cosmic Cream Collagen Protecting Moisturizer,Moon Juice,Moisturizers,58,3.4667,75,4295,Hyaluronic Acid|Clean at Sephora|Good for: Dryness
P457002,SuperBeauty Daily Antioxidant SkinSupplement,Moon Juice,Wellness,60,4.8696,69,6806,Good for: Loss of firmness|Vitamin C
P477202,Ting Energy + Metabolism Non-Stim Supplement With Ginseng,Moon Juice,Wellness,42,4.5932,59,3042,Vegan|Clean at Sephora|Gluten Free
P423159,Brain Dust,Moon Juice,Wellness,38,3.9608,51,6912,
P454315,Milk Cleanse Gentle Foaming Cleanser,Moon Juice,Cleansers,32,4.4043,47,2902,Best for Dry Skin|Clean at Sephora
P503944,Mini Acid Potion AHA + BHA Resurfacing Exfoliator,Moon Juice,Treatments,15,3.5,4,4454,Good for: Pores|Clean at Sephora|AHA/Glycolic Acid
P469193,Supers Set,Moon Juice,Wellness,75,1.25,4,1614,
P468390,Ashwagandha Organic Root Extract,Moon Juice,Wellness,38,5,3,2514,
P470538,SuperPower Immune Support Supplement,Moon Juice,Wellness,38,5,1,820,
P432823,Gua Sha Facial Lifting Tool,Mount Lai,High Tech Tools,30,4.1254,303,93790,Good for: Dullness/Uneven Texture|Good for: Loss of firmness|Good for: Anti-Aging
P432824,De-Puffing Jade Facial Roller,Mount Lai,Wellness,36,3.8771,179,32471,Good for: Loss of firmness|Good for: Anti-Aging|Good for: Dullness/Uneven Texture|Good for: Redness
P501518,Calming Herbal Repair Overnight Recovery Balm for Skin Barrier Support,Mount Lai,Treatments,60,4.0875,160,2516,Vegan|Good for: Redness|Good for: Loss of firmness|Plumping|Clean at Sephora|Without Mineral Oil
P434340,De-Puffing Rose Quartz Facial Roller,Mount Lai,Wellness,40,4,75,18840,Good for: Loss of firmness|Good for: Anti-Aging|Good for: Dullness/Uneven Texture|Good for: Redness
P440309,Amethyst Roller,Mount Lai,Wellness,46,4.3774,53,13390,Good for: Redness|Good for: Dullness/Uneven Texture|Good for: Loss of firmness|Good for: Anti-Aging
P444470,De-Puffing Rose Quartz Eye Treatment Tool,Mount Lai,Wellness,30,4.7241,29,9940,Good for: Dark Circles|Good for: Anti-Aging|Good for: Loss of firmness
P446639,Massaging Jade Textured Facial Roller,Mount Lai,Wellness,36,3.8276,29,5375,Good for: Loss of firmness|Good for: Anti-Aging|Good for: Dullness/Uneven Texture
P467635,Jade Tension Melting Massager for Face & Neck,Mount Lai,Wellness,72,4.0909,22,6912,
P447604,De-Puffing Jade Eye Treatment Tool,Mount Lai,Wellness,30,4.7368,19,8818,Good for: Loss of firmness|Good for: Dark Circles|Good for: Anti-Aging
P4016,Acne Control Clarifying Cleanser,Murad,Cleansers,36,4.2348,2572,56973,"Best for Oily, Combo, Normal Skin|Good for: Acne/Blemishes|Salicylic Acid|Without Parabens|Cruelty-Free"
P440651,Mini Acne Control Clarifying Cleanser,Murad,Mini Size,14,4.236,2449,12651,"Best for Oily, Combo, Normal Skin|Good for: Acne/Blemishes|Salicylic Acid|Without Parabens|Cruelty-Free"
P411365,Retinol Youth Renewal Serum,Murad,Treatments,92,4.5878,1031,38145,Good for: Dark Circles|Good for: Anti-Aging|Retinol|Without Parabens|Gluten Free|Cruelty-Free
P440650,Mini Retinol Youth Renewal Serum,Murad,Mini Size,32,4.6089,987,16664,Good for: Dark Circles|Good for: Anti-Aging|Retinol|Without Parabens|Gluten Free|Cruelty-Free
P254720,Acne Control Clarifying Cream Cleanser,Murad,Cleansers,39,4.3477,906,32202,
P4015,Clarifying Toner,Murad,Cleansers,30,4.318,890,21951,
P9940,Essential-C Day Moisture Broad Spectrum SPF 30 PA+++,Murad,Moisturizers,68,4.2485,829,24570,"Vitamin C|Without Phthalates|Best for Oily, Combo, Normal Skin|Without Parabens|SPF|Cruelty-Free"
P4010,AHA/BHA Exfoliating Cleanser,Murad,Cleansers,46,4.4981,789,54926,Good for: Dark Circles|Good for: Dullness/Uneven Texture|Salicylic Acid|Lactic Acid|Without Phthalates|Cruelty-Free
P394397,Invisiblur Perfecting Shield Broad Spectrum SPF 30 PA+++,Murad,Treatments,71,3.9547,773,36774,Good for: Dullness/Uneven Texture|Best for Dry Skin|Without Mineral Oil|Without Parabens|SPF|Cruelty-Free
P471788,Mini AHA/BHA Exfoliating Cleanser,Murad,Mini Size,17,4.4898,733,10438,Good for: Dark Circles|Good for: Dullness/Uneven Texture|Salicylic Acid|Lactic Acid|Without Phthalates|Cruelty-Free
P446423,InvisiScar Post-Acne Resurfacing Treatment,Murad,Treatments,38,4.1167,711,43504,Salicylic Acid|Good for: Acne/Blemishes|Best for Dry Skin|Gluten Free|Cruelty-Free|Without Formaldehydes
P466673,Rapid Dark Spot Correcting Serum,Murad,Treatments,83,4.3876,663,19264,"Best for Oily, Combo, Normal Skin|Good for: Dark spots|AHA/Glycolic Acid|Cruelty-Free"
P34402,Acne Control Clarifying Body Spray,Murad,Treatments,48,4.2898,635,16688,
P427638,Nutrient-Charged Water Gel,Murad,Moisturizers,71,4.4755,633,21135,Good for: Dullness/Uneven Texture|Good for: Dark Circles|Good for: Dryness|Without Parabens|Gluten Free|Cruelty-Free
P421432,Rapid Relief Acne Spot Treatment,Murad,Treatments,26,3.9253,589,41475,Good for: Acne/Blemishes|Best for Oily Skin|Salicylic Acid|Without Parabens|allure 2018 Best of Beauty Award Winner|Cruelty-Free
P446934,Oil and Pore Control Mattifier Broad Spectrum SPF 45 PA++++,Murad,Moisturizers,49,3.9357,544,17782,Good for: Dark Circles|Good for: Acne/Blemishes|Without Parabens|SPF|Gluten Free|Cruelty-Free
P500857,Deep Relief Acne Treatment with Salicylic Acid,Murad,Treatments,45,4.7074,516,15103,"Good for: Acne/Blemishes|Salicylic Acid|Best for Oily, Combo, Normal Skin|Without Parabens|Without Sulfates SLS & SLES|Cruelty-Free"
P7365,Pure Skin Clarifying Dietary Supplement,Murad,Wellness,50,4.0723,512,12516,
P479645,Targeted Wrinkle Corrector,Murad,Treatments,79,4.7252,484,10901,Hyaluronic Acid|Best for Dry Skin|Good for: Anti-Aging|Without Parabens|Gluten Free|Cruelty-Free
P482540,Correct & Protect Broad Spectrum SPF 45| PA++++,Murad,Sunscreen,69,4.7366,467,5581,"Without Parabens|Best for Dry, Combo, Normal Skin|SPF|Good for: Dark spots|Gluten Free|Cruelty-Free"
P268700,Hydro-Dynamic Ultimate Moisture,Murad,Moisturizers,83,4.3565,446,17680,"Hyaluronic Acid|Without Phthalates|Good for: Dryness|Without Parabens|Best for Dry, Combo, Normal Skin"
P9941,Essential-C Cleanser,Murad,Cleansers,44,4.4962,391,18246,Vitamin C|Good for: Dark Circles|Without Phthalates|Without Parabens|Gluten Free|Cruelty-Free
P480461,Retinol Youth Renewal Eye Masks,Murad,Eye Care,42,4.6294,367,20483,"Retinol|Good for: Anti-Aging|Without Parabens|Best for Dry, Combo, Normal Skin|Gluten Free|Cruelty-Free"
P453928,Retinol Youth Renewal Eye Serum,Murad,Eye Care,89,4.5278,360,27356,Good for: Dark Circles|Good for: Anti-Aging|Retinol|Without Parabens|Gluten Free|Cruelty-Free
P470227,Vitamin C Triple Exfoliating Facial,Murad,Treatments,85,4.7306,360,7452,"Best for Oily, Combo, Normal Skin|Good for: Dullness/Uneven Texture|Vitamin C|AHA/Glycolic Acid|Without Sulfates SLS & SLES|Cruelty-Free"
P444970,Replenishing Multi-Acid Peel,Murad,Treatments,79,4.6106,357,8621,
P456571,Vitamin C Glycolic Brightening Serum,Murad,Treatments,88,4.2621,351,28653,Good for: Dark Circles|Good for: Dullness/Uneven Texture|AHA/Glycolic Acid|Vitamin C|Cruelty-Free
P417980,City Skin Age Defense Broad Spectrum SPF 50 PA++++,Murad,Sunscreen,69,4.3219,351,26245,Good for: Dullness/Uneven Texture|Vitamin C|Without Parabens|SPF|Without Sulfates SLS & SLES|Cruelty-Free
P475135,Mini Vitamin C Glycolic Brightening Serum,Murad,Mini Size,30,4.2621,351,10296,Good for: Dullness/Uneven Texture|Vitamin C|Good for: Dark Circles|AHA/Glycolic Acid|Cruelty-Free
P474075,AHA/BHA/Retinoid Daily Clarifying Peel,Murad,Treatments,44,4.739,341,7135,"Retinol|Salicylic Acid|Best for Oily, Combo, Normal Skin|Without Parabens|Gluten Free|Cruelty-Free"
P453929,Retinol Youth Renewal Night Cream,Murad,Moisturizers,88,4.6078,334,21491,Good for: Dark Circles|Good for: Anti-Aging|Good for: Loss of firmness|Retinol|Without Parabens|Cruelty-Free
P4032,Hydrating Toner,Murad,Cleansers,42,4.2934,317,15366,
P434550,Revitalixir Recovery Serum,Murad,Treatments,97,4.3693,306,7556,"Without Phthalates|Without Parabens|Without Mineral Oil|Good for: Anti-Aging|Best for Dry, Combo, Normal Skin"
P456572,Vitamin C Dark Circle Correcting Eye Serum,Murad,Eye Care,67,4.0687,291,23093,Good for: Dark Circles|Vitamin C|Without Parabens|Cruelty-Free
P9939,Essential-C Toner,Murad,Cleansers,42,4.3088,272,15154,
P433143,Outsmart Acne Clarifying Treatment,Murad,Treatments,49,4.1923,260,10030,
P38217,Renewing Cleansing Cream,Murad,Cleansers,45,4.4646,254,7682,
P107306,Renewing Eye Cream,Murad,Eye Care,89,4.0316,253,13212,
P4039,Perfecting Day Cream Broad Spectrum SPF 30 PA+++,Murad,Moisturizers,65,4.1724,174,7792,
P377178,Rapid Collagen Infusion,Murad,Treatments,89,4.128,125,10417,
P429526,Multi-Vitamin Infusion Oil,Murad,Moisturizers,85,4.4272,103,5518,
P454514,"Youth Renewal Retinol Trial Kit for Smoother, Younger-Looking Skin",Murad,Value & Gift Sets,59,3.7879,33,17238,
P467129,Acne Control 30-Day Trial Kit for Clearer Skin,Murad,Value & Gift Sets,36,3.5333,15,4471,
P501003,Clarifying Water Gel Moisturizer with Hyaluronic Acid,Murad,Moisturizers,49,3,8,1415,"Hyaluronic Acid|Good for: Acne/Blemishes|Best for Oily, Combo, Normal Skin|Without Parabens|Without Sulfates SLS & SLES|Cruelty-Free"
P479646,Mini City Skin Age Defense Broad Spectrum SPF 50 PA++++,Murad,Sunscreen,25,4.3333,3,5567,Good for: Dullness/Uneven Texture|Vitamin C|Without Parabens|SPF|Without Sulfates SLS & SLES|Cruelty-Free
P479696,Brighten Trial Kit,Murad,Value & Gift Sets,52,5,2,3779,Vitamin C|Best for Dry Skin|Good for: Dullness/Uneven Texture|Without Parabens|Cruelty-Free|Gluten Free
P504438,Retinal Rescuplt Overnight Treatment,Murad,Treatments,105,,,71,"Vegan|Good for: Dullness/Uneven Texture|Retinol|Good for: Anti-Aging|Best for Oily, Combo, Normal Skin|Cruelty-Free"
P505343,Retinol Youth Renewal Value Duo,Murad,Value & Gift Sets,126,,,18,"Vegan|Good for: Dullness/Uneven Texture|Retinol|Good for: Anti-Aging|Best for Oily, Combo, Normal Skin|Cruelty-Free"
P433973,Get Even Cold-Pressed Peel Pads,Naturally Serious,Treatments,32,4.7217,230,8129,"Vegan|Good for: Dullness/Uneven Texture|Clean at Sephora|Best for Oily, Combo, Normal Skin|Best for Dry, Combo, Normal Skin|Cruelty-Free"
P473133,Fruit-Tox Resurfacing Facial Remedy,Naturally Serious,Treatments,27,4.6,195,1467,"Best for Oily, Combo, Normal Skin|Good for: Dullness/Uneven Texture|AHA/Glycolic Acid|Lactic Acid|Vegan|Clean at Sephora"
P444216,After-Dark Natural Peptide Sleeping Cream,Naturally Serious,Moisturizers,37,4.4407,177,6996,"Best for Dry, Combo, Normal Skin|Good for: Dryness|Good for: Loss of firmness|Good for: Anti-Aging|Clean at Sephora|Cruelty-Free"
P433971,Skin Warrior Moisture Rescue Cream,Naturally Serious,Moisturizers,35,4.1905,168,3211,"Hyaluronic Acid|Good for: Dullness/Uneven Texture|Clean at Sephora|Good for: Anti-Aging|Good for: Dryness|Best for Dry, Combo, Normal Skin"
P473148,Mask-imum Revival Hydra-Plumping Mask,Naturally Serious,Masks,27,4.381,126,978,"Vegan|Good for: Dullness/Uneven Texture|Good for: Pores|Clean at Sephora|Good for: Dryness|Best for Dry, Combo, Normal Skin"
P433975,Zero Baggage Anti-Dark Circle Eye Cream,Naturally Serious,Eye Care,26,4.2155,116,6994,Hyaluronic Acid|Good for: Dark Circles|Clean at Sephora|Good for: Anti-Aging|Good for: Dryness|Cruelty-Free
P433974,Supercharge Anti-Oxidant Moisture Serum,Naturally Serious,Treatments,39,4.5758,99,3597,"Best for Dry, Combo, Normal Skin|Good for: Dryness|Good for: Dullness/Uneven Texture|Hyaluronic Acid|Clean at Sephora|Vegan"
P450587,Illumi-nation Anti-Fatigue Power Serum,Naturally Serious,Treatments,39,4.6705,88,2843,"Vegan|Good for: Dullness/Uneven Texture|Clean at Sephora|Good for: Anti-Aging|Best for Dry, Combo, Normal Skin|Cruelty-Free"
P500160,Mineral Sun Defense Moisturizer Broad Spectrum SPF 30,Naturally Serious,Sunscreen,36,4.3766,77,647,"Clean at Sephora|Good for: Anti-Aging|Best for Dry, Combo, Normal Skin|SPF|Cruelty-Free"
P478020,Lemon-Aid Makeup-Removing Cleansing Gel,Naturally Serious,Cleansers,19,4.5522,67,2017,Good for: Dullness/Uneven Texture|Good for: Pores|Vitamin C|Vegan|Without Sulfates SLS & SLES|Without Parabens
P478021,Sleepover Retin-Oil Nighttime Treatment,Naturally Serious,Treatments,39,4.7656,64,3771,Good for: Anti-Aging|Good for: Dullness/Uneven Texture|Retinol|Vegan|Without Silicones|Good for: Dryness
P500993,"The Sunscreen - 100% Mineral, Broad Spectrum SPF 30 with 20% Non-Nano Zinc, Hyaluronic Acid and Niacinamide",Nécessaire,Sunscreen,25,4.5322,451,11896,Hyaluronic Acid|Clean + Planet Positive|Good for: Anti-Aging|Reef Safe SPF|UV Protection|Without Silicones
P500039,The Neck Serum - With 5 Peptides | 9% Peptide Blend,Nécessaire,Moisturizers,60,4.6903,226,21558,Vegan|Clean + Planet Positive|Collagen|Good for: Anti-Aging|Good for: Dryness
P481828,Nudescreen Daily Mineral Veil SPF 30,NUDESTIX,Moisturizers,36,4.0789,152,5697,Clean at Sephora|Good for: Anti-Aging|UV Protection|Without Parabens|Without Sulfates SLS & SLES|Niacinamide
P476894,NUDESKIN Lemon-Aid Detox & Glow Micro-Peel,NUDESTIX,Treatments,35,4.4691,81,1215,Clean at Sephora
P476893,NUDESKIN Citrus-C Mask & Daily Moisturizer,NUDESTIX,Moisturizers,39,4.2603,73,653,"Good for: Dullness/Uneven Texture|Good for: Loss of firmness|Hydrating|Good for: Acne/Blemishes|Good for: Dryness|Best for Dry, Combo, Normal Skin"
P475143,NUDESKIN 3-Step: Citrus Renew Set For Makeup,NUDESTIX,Value & Gift Sets,29,3.7639,72,1520,Clean at Sephora
P504322,Gentle Hydra-Gel Face Cleanser,NUDESTIX,Cleansers,19,5,1,177,Clean at Sephora
P504330,5% Citrus Fruit & Glycolic Glow Toner,NUDESTIX,Cleansers,29,,,793,Clean at Sephora
P504286,Nudestix Lemon-Aid Detox & Glow Micro-Peel,NUDESTIX,Treatments,35,,,0,Clean at Sephora
P502852,NuFACE Mini+ Petite Facial Toning Device,NuFACE,High Tech Tools,245,4.5314,175,11514,Good for: Dullness/Uneven Texture|Hyaluronic Acid|Good for: Loss of firmness|Good for: Anti-Aging|Fragrance Free|Without Parabens
P385320,Trinity + Eye and Lip Enhancer Attachment Bundle,NuFACE,High Tech Tools,449,3.4381,105,16672,Good for: Anti-Aging|Good for: Loss of firmness|Good for: Dullness/Uneven Texture|Hyaluronic Acid|Fragrance Free|Without Parabens
P402992,Trinity + Eye and Lip Enhancer Attachment Bundle,NuFACE,High Tech Tools,429,3.4381,105,4122,
P474968,NuFACE Hydrating Aqua Gel,NuFACE,Moisturizers,39,4.3182,22,5336,Hyaluronic Acid|Hydrating|Good for: Anti-Aging|Good for: Dryness|Oil Free|Without Parabens
P428005,NuBODY Skin Toning Device,NuFACE,High Tech Tools,399,4.25,20,6851,Good for: Dullness/Uneven Texture|Hyaluronic Acid|Good for: Loss of firmness|Hydrating|Good for: Anti-Aging
P474967,NuFACE Firming and Brightening Silk Crème,NuFACE,Moisturizers,69,4.5625,16,2299,Hyaluronic Acid|Good for: Loss of firmness|Hydrating|Good for: Anti-Aging|Oil Free|Without Parabens
P383182,Wrinkle Reducer Trinity Attachment,NuFACE,High Tech Tools,159,2.7143,14,4948,Good for: Dullness/Uneven Texture|Good for: Loss of firmness|Good for: Anti-Aging
P393600,Trinity Facial Toning Device + Wrinkle Reducer Attachment Bundle,NuFACE,High Tech Tools,449,3.5385,13,5875,Good for: Anti-Aging|Good for: Loss of firmness|Good for: Dullness/Uneven Texture|Hyaluronic Acid|Fragrance Free|Without Parabens
P481138,FIX  Line Smoothing Device,NuFACE,High Tech Tools,159,2,12,2054,Hydrating|Good for: Anti-Aging|Good for: Dryness|Hyaluronic Acid|Oil Free|Without Parabens
P402993,Trinity Facial Toning Device + Wrinkle Reducer Attachment Bundle,NuFACE,High Tech Tools,429,3.6667,9,2112,
P500464,NuBODY - Body Toning Device,NuFACE,High Tech Tools,399,1,2,1312,Good for: Dullness/Uneven Texture|Hyaluronic Acid|Good for: Loss of firmness|Hydrating|Good for: Anti-Aging
P504221,Trinity+ Starter Kit,NuFACE,High Tech Tools,395,5,2,1085,allure 2022 Best of Beauty Award Winner|Hyaluronic Acid|Good for: Loss of firmness|Hydrating|Good for: Anti-Aging|Oil Free
P504676,NuFACE Trinity+ & Effective Lip and Eye Attachment,NuFACE,High Tech Tools,495,,,760,Good for: Dullness/Uneven Texture|Hyaluronic Acid|Good for: Loss of firmness|Good for: Anti-Aging|Fragrance Free|Without Parabens
P481137,FIX Line Smoothing Serum,NuFACE,Treatments,49,,,540,Hydrating|Good for: Anti-Aging|Good for: Dryness|Hyaluronic Acid|Oil Free|Without Parabens
P504706,NuFACE Effective Lip & Eye Attachment,NuFACE,High Tech Tools,160,,,205,Good for: Loss of firmness|Good for: Anti-Aging
P430337,C-Rush Vitamin C Gel Moisturizer,OLEHENRIKSEN,Moisturizers,51,4.3404,2961,105730,Vitamin C|Good for: Dryness|Good for: Dullness/Uneven Texture|Good for: Loss of firmness|Without Parabens|Vegan
P439061,Glow2OH Dark Spot Toner,OLEHENRIKSEN,Cleansers,35,4.1922,2955,182201,Vegan|Good for: Dullness/Uneven Texture|AHA/Glycolic Acid|Without Parabens|Good for: Dark spots|Cruelty-Free
P448207,PHAT Glow Facial Mask,OLEHENRIKSEN,Masks,52,4.3854,1785,49921,Clean at Sephora|Good for: Anti-Aging|Cruelty-Free
P416816,Balancing Force Oil Control Toner,OLEHENRIKSEN,Cleansers,35,4.3017,1674,98160,Vegan|Good for: Pores|AHA/Glycolic Acid|Salicylic Acid|Good for: Acne/Blemishes|Without Parabens
P431848,Cold Plunge Pore Mask,OLEHENRIKSEN,Masks,41,4.5335,1522,102859,Salicylic Acid|Lactic Acid|Good for: Pores|Good for: Dullness/Uneven Texture|Without Parabens|Vegan
P473322,Dewtopia 20% Acid Night Treatment,OLEHENRIKSEN,Treatments,60,4.5614,1466,39989,Vegan|Good for: Dullness/Uneven Texture|Good for: Loss of firmness|Clean at Sephora|Good for: Anti-Aging|AHA/Glycolic Acid
P416815,Find Your Balance Oil Control Cleanser,OLEHENRIKSEN,Cleansers,33,4.4299,1447,72479,Good for: Acne/Blemishes|Good for: Pores|AHA/Glycolic Acid|Lactic Acid|Without Parabens|Vegan
P466142,Lemonade Smoothing Scrub,OLEHENRIKSEN,Cleansers,35,4.5795,1277,42708,Good for: Dullness/Uneven Texture|AHA/Glycolic Acid|Cruelty-Free|Clean at Sephora
P434545,Glow Cycle Retin-ALT Power Serum,OLEHENRIKSEN,Treatments,60,4.2873,1239,43324,Vegan|Good for: Dullness/Uneven Texture|Good for: Pores|Clean at Sephora|Cruelty-Free
P456566,Banana Bright 15% Vitamin C Serum,OLEHENRIKSEN,Treatments,71,3.9404,1041,88410,Vegan|Hyaluronic Acid|Good for: Dullness/Uneven Texture|Good for: Loss of firmness|Vitamin C|Clean at Sephora|Without Parabens|Cruelty-Free
P472050,Cold Plunge Pore Remedy Moisturizer with BHA/LHA,OLEHENRIKSEN,Moisturizers,51,4.3959,1033,23082,Best for Combination Skin|Best for Oily Skin|Good for: Pores|Good for: Acne/Blemishes|Salicylic Acid|Clean at Sephora
P469213,Wrinkle Blur Bakuchiol Eye Gel Crème,OLEHENRIKSEN,Eye Care,52,4.3939,886,26008,Good for: Dark Circles|Good for: Loss of firmness|Good for: Dullness/Uneven Texture|Good for: Anti-Aging|Vegan|Clean at Sephora
P418872,Pore-Balance Facial Sauna Scrub,OLEHENRIKSEN,Cleansers,35,4.5597,879,69759,Good for: Dullness/Uneven Texture|Good for: Pores|AHA/Glycolic Acid|Lactic Acid|Without Parabens|Vegan
P479339,Strength Trainer Peptide Boost Moisturizer,OLEHENRIKSEN,Moisturizers,51,4.5522,862,47908,Vegan|Hyaluronic Acid|Good for: Loss of firmness|Clean at Sephora|Good for: Anti-Aging|Good for: Dryness
P483679,Truth Barrier Booster Orange Ferment Vitamin C Essence,OLEHENRIKSEN,Moisturizers,48,4.814,602,24293,Vitamin C|Clean at Sephora
P500613,Banana Bright+ Vitamin C Eye Crème,OLEHENRIKSEN,Eye Care,42,4.2017,575,45414,Good for: Dullness/Uneven Texture|Vitamin C|Good for: Dark Circles|Clean at Sephora|Good for: Anti-Aging|Good for: Dryness
P453227,Truth Juice Daily Cleanser,OLEHENRIKSEN,Cleansers,33,4.2372,527,48054,Good for: Dullness/Uneven Texture|Good for: Dryness|Without Parabens|Cruelty-Free|Clean at Sephora
P459133,Mini Truth Juice Daily Cleanser,OLEHENRIKSEN,Mini Size,16,4.2372,527,6786,Good for: Dryness|Good for: Dullness/Uneven Texture|Vegan|Without Parabens
P434546,Goodnight Glow Bakuchiol Sleeping Crème,OLEHENRIKSEN,Moisturizers,60,3.8817,524,55708,Vegan|Good for: Dullness/Uneven Texture|Good for: Loss of firmness|Clean at Sephora|AHA/Glycolic Acid|Cruelty-Free
P503651,Dewtopia 5% AHA Firming Night Crème,OLEHENRIKSEN,Moisturizers,60,4.8319,339,10448,Good for: Dullness/Uneven Texture|Good for: Loss of firmness|Clean at Sephora|AHA/Glycolic Acid|Good for: Dryness|Good for: Dark spots
P504639,Banana Bright+ Vitamin CC Eye Sticks,OLEHENRIKSEN,Eye Care,34,4.604,298,17823,Vegan|Good for: Dullness/Uneven Texture|Vitamin C|Good for: Dark Circles|Clean at Sephora|Good for: Dryness
P504043,Hydrabarrier Nourishing Face Oil,OLEHENRIKSEN,Moisturizers,58,4.8186,204,14652,Vegan|Good for: Dullness/Uneven Texture|Good for: Loss of firmness|Clean at Sephora|Good for: Anti-Aging|Good for: Dryness
P470240,Truth Serum Vitamin C Serum,OLEHENRIKSEN,Treatments,56,4.1875,128,38002,Vitamin C|Collagen|Good for: Dryness|Good for: Dullness/Uneven Texture|Without Parabens|Vegan
P503878,Pout Preserve Peptide Lip Treatment,OLEHENRIKSEN,Lip Balms & Treatments,22,4.5727,110,20729,Vegan|Good for: Loss of firmness|Clean at Sephora|Good for: Anti-Aging|Good for: Dryness
P459131,3 Mega Wonders,OLEHENRIKSEN,Value & Gift Sets,65,4.2346,81,22166,Hyaluronic Acid|Good for: Loss of firmness|Vitamin C|Without Parabens|Good for: Dark spots|Without Sulfates SLS & SLES
P471566,Mini Lemonade Smoothing Scrub,OLEHENRIKSEN,Mini Size,18,4.1923,52,13714,Good for: Dullness/Uneven Texture|Clean at Sephora|AHA/Glycolic Acid
P472180,Balance It All Oil Control & Pore-Refining Set,OLEHENRIKSEN,Value & Gift Sets,40,3.6364,22,6808,Best for Combination Skin|Best for Oily Skin|Good for: Pores|Good for: Acne/Blemishes|Salicylic Acid|Clean at Sephora
P503572,Let's Get Luminous Brightening Essentials Set,OLEHENRIKSEN,Value & Gift Sets,46,3.4444,9,11164,Vegan|Good for: Dullness/Uneven Texture|Good for: Dark Circles|Clean at Sephora|Good for: Anti-Aging|Good for: Dryness
P454800,Mini Glow2OH Dark Spot Toner,OLEHENRIKSEN,Mini Size,19,4.5,8,0,Vegan|Good for: Dullness/Uneven Texture|AHA/Glycolic Acid|Without Parabens|Good for: Dark spots
P503933,The Night Time Edit- Jenna Rennert X OLEHENRIKSEN,OLEHENRIKSEN,Value & Gift Sets,65,3.4,5,1927,Vegan|Good for: Dullness/Uneven Texture|Clean at Sephora|Good for: Anti-Aging|Good for: Dryness|Good for: Dark spots
P503876,OLE Glow Icons Skincare Set,OLEHENRIKSEN,Value & Gift Sets,62,3.75,4,1997,Vegan|Good for: Dullness/Uneven Texture|Clean at Sephora|Good for: Anti-Aging|Good for: Dryness|Good for: Dark spots
P504032,Glow Strong Mini Moisturizer + Eye Cream Duo,OLEHENRIKSEN,Value & Gift Sets,25,,,64,Vegan|Good for: Loss of firmness|Good for: Dark Circles|Clean at Sephora|Good for: Anti-Aging|Good for: Dryness
P461667,Mini GO OFF Makeup Dissolving Mist,ONE/SIZE by Patrick Starrr,Mini Size,18,4.168,256,9362,Vegan|Without Parabens
P91627362,GO OFF Makeup Dissolving Mist,ONE/SIZE by Patrick Starrr,Cleansers,24,4.1746,252,18322,Vegan|Without Parabens
P297524,Clear Improvement Active Charcoal Mask to Clear Pores,Origins,Masks,17,4.3292,4526,194892,"Vegan|Good for: Pores|Clean at Sephora|Best for Oily, Combo, Normal Skin"
P297516,Checks and Balances Frothy Face Wash,Origins,Cleansers,27,4.2888,3286,98621,Vegan|Best for Combination Skin|Community Favorite|Oil Free
P378852,GinZing Ultra-Hydrating Energy-Boosting Cream,Origins,Moisturizers,36,4.401,3135,87846,Vegan|Good for: Dullness/Uneven Texture|Clean at Sephora
P422536,Original Skin Matte Moisturizer with Willowherb,Origins,Moisturizers,40,4.4089,2306,54899,
P397890,Original Skin Retexturizing Mask with Rose Clay,Origins,Masks,32,4.6207,1769,103131,
P297517,Super Spot Remover Acne Treatment Gel,Origins,Treatments,20,3.9349,1706,98392,Vegan|Clean at Sephora|Good for: Acne/Blemishes
P440925,Drink Up Intensive Overnight Hydrating Mask with Avocado & Swiss Glacier Water,Origins,Masks,32,4.4954,1643,39378,Vegan|Clean at Sephora|Good for: Dryness
P386197,GinZing Refreshing Scrub Cleanser,Origins,Cleansers,27,4.4763,1627,49081,"Vegan|Good for: Dullness/Uneven Texture|Clean at Sephora|Oil Free|Best for Oily, Combo, Normal Skin|Gluten Free"
P434360,High-Potency Night-a-Mins Resurfacing Cream with Fruit-Derived AHAs,Origins,Moisturizers,52,4.3159,1336,18198,"Vegan|Good for: Dullness/Uneven Texture|Clean at Sephora|AHA/Glycolic Acid|Best for Dry, Combo, Normal Skin"
P446421,Clear Improvement Pore Clearing Moisturizer with Salicylic Acid,Origins,Moisturizers,40,4.2685,1270,17465,
P433444,Clear Improvement Charcoal Honey Mask to Purify and Nourish,Origins,Masks,37,4.6453,1074,34965,Best for Combination Skin|Good for: Dullness/Uneven Texture|Good for: Pores|Clean at Sephora|Good for: Dryness|Without Parabens
P297551,Out of Trouble 10 Minute Mask to Rescue Problem Skin,Origins,Masks,32,4.397,1000,79246,Best for Oily Skin|Clean at Sephora
P475589,Ginzing Vitamin C Eye Cream to Brighten and Depuff,Origins,Eye Care,37,4.457,965,35804,Vegan|Good for: Dullness/Uneven Texture|Vitamin C|Good for: Dark Circles|Good for: Dryness|Niacinamide
P482298,Dr. Andrew Weil for Origins Mega-Mushroom Relief & Resilience Soothing Treatment Lotion,Origins,Moisturizers,40,4.4028,571,6749,Vegan|Good for: Redness|Hyaluronic Acid|Clean at Sephora|Good for: Dryness|Without Parabens
P297531,Eye Doctor Moisture Care For Skin Around Eyes,Origins,Eye Care,49,4.0519,501,27439,Vegan|Good for: Dullness/Uneven Texture|Clean at Sephora
P434361,High-Potency Night-A-Mins Oil-Free Resurfacing Cream with Fruit Derived AHAs,Origins,Moisturizers,52,4.3358,402,10847,Vegan|Clean at Sephora|AHA/Glycolic Acid
P462891,GinZing Into the Glow Brightening Serum,Origins,Treatments,46,4.5328,259,25211,Vegan|Best for Combination Skin|Good for: Dullness/Uneven Texture|Hyaluronic Acid|Clean at Sephora
P468396,PLANTSCRIPTION Multi-powered Anti-Aging Peptide Serum,Origins,Treatments,61,4.4356,225,3806,Vegan|Best for Combination Skin|Good for: Pores|Clean at Sephora|Good for: Anti-Aging|Niacinamide
P385253,Dr. Andrew Weil For Origins Mega-Bright SPF 30 Skin Tone Correcting Oil-Free Moisturizer,Origins,Moisturizers,63,4.0966,207,18986,Vegan|Clean at Sephora|Good for: Dryness|Good for: Dark spots
P394702,Plantscription Anti-Aging Power Eye Cream,Origins,Eye Care,58,3.8372,129,11304,Vegan|Clean at Sephora|Good for: Anti-Aging
P440933,Mini Clear Improvement Active Charcoal Mask to Clear Pore,Origins,Mini Size,17,3.9843,127,43176,"Vegan|Good for: Pores|Clean at Sephora|Best for Oily, Combo, Normal Skin"
P502046,GinZing Energizing Gel Cream with Caffeine & Niacinamide,Origins,Moisturizers,36,4.5966,119,3509,Vegan|Vitamin C|Hydrating|Clean at Sephora|Good for: Dryness|Niacinamide
P440929,Mini Original Skin Retexturizing Mask with Rose Clay,Origins,Mini Size,17,4.4762,105,29477,"Vegan|Good for: Dullness/Uneven Texture|Good for: Pores|Clean at Sephora|Best for Oily, Combo, Normal Skin"
P440926,Mini Drink Up Intensive Overnight Hydrating Mask with Avocado & Swiss Glacier Water,Origins,Mini Size,17,4.1143,105,26184,Vegan|Clean at Sephora|Good for: Dryness
P377919,Plantscription Anti-Aging Cleanser,Origins,Cleansers,36,4.2871,101,8293,Vegan|Unisex/ Genderless Scent|Cream Formula|Good for: Loss of firmness|Clean at Sephora|Good for: Anti-Aging
P471567,Checks and Balances Polishing Exfoliator,Origins,Cleansers,27,4.4624,93,7274,"Vegan|Good for: Dullness/Uneven Texture|Good for: Pores|Clean at Sephora|Best for Oily, Combo, Normal Skin|Without Parabens"
P401570,Mega-Mushroom Skin Relief Micellar Cleanser,Origins,Cleansers,37,4.5,86,11239,Vegan|Clean at Sephora|Good for: Dryness
P408241,Plantscription Youth-Renewing Power Night Cream,Origins,Moisturizers,73,4.5897,78,9952,Vegan|Good for: Loss of firmness|Clean at Sephora|Good for: Anti-Aging
P409834,Plantscription SPF 25 Power Anti-Aging Cream,Origins,Moisturizers,73,4.254,63,10649,"Vegan|Clean at Sephora|Best for Dry, Combo, Normal Skin|SPF"
P409816,Plantscription SPF 25 Power Anti-Aging Oil-Free Cream,Origins,Moisturizers,73,4.4,45,6634,"Vegan|Clean at Sephora|Best for Oily, Combo, Normal Skin|SPF"
P470048,Bestsellers Recruitment Set,Origins,Value & Gift Sets,29,3.881,42,22451,Vegan|Hyaluronic Acid|Good for: Pores|Clean at Sephora|Good for: Anti-Aging|Niacinamide
P475590,MINI GINZING VITAMIN C EYE CREAM TO BRIGHTEN AND DEPUFF,Origins,Eye Care,29,3.45,40,18284,Vegan|Good for: Dullness/Uneven Texture|Vitamin C|Good for: Dark Circles|Good for: Dryness|Niacinamide
P442745,Plantscription Retinol Night Moisturizer,Origins,Moisturizers,73,4.5385,39,11217,Vegan|Clean at Sephora|Retinol|Good for: Anti-Aging|Good for: Dark spots
P443550,Dr. Andrew Weil for Origins Mega-Mushroom Relief & Resilience Hydra Burst Gel Lotion,Origins,Moisturizers,71,4.0345,29,3001,Vegan|Clean at Sephora|Good for: Dryness
P443549,Dr. Andrew Weil for Origins Mega-Mushroom Relief & Resilience Soothing Cream,Origins,Moisturizers,71,4.2667,15,3524,Clean at Sephora|Good for: Dryness|Good for: Redness|Vegan
P433446,Mini Original Skin Matte Moisturizer with Willowherb,Origins,Mini Size,24,4.0714,14,2661,
P482058,Dr. Andrew Weil for Origins Mega-Mushroom Weightless Hydrating Moisturizer,Origins,Moisturizers,40,4.1,10,2424,Vegan|Good for: Redness|Hyaluronic Acid|Clean at Sephora|Good for: Dryness|Without Parabens
P474369,Clear Improvement Zero Oil Cleanser With Charcoal,Origins,Cleansers,27,3.5,8,1959,"Vegan|Good for: Pores|Clean at Sephora|Good for: Acne/Blemishes|Best for Oily, Combo, Normal Skin"
P469502,Skin Perfecting 2% BHA Liquid Exfoliant,Paula's Choice,Cleansers,34,4.4399,1182,275846,"Good for: Dullness/Uneven Texture|Good for: Pores|Fragrance Free|Salicylic Acid|Good for: Acne/Blemishes|Best for Oily, Combo, Normal Skin"
P469506,C15 Vitamin C Super Booster,Paula's Choice,Treatments,55,4.2097,434,74161,Good for: Dullness/Uneven Texture|Vitamin C|Good for: Anti-Aging|Fragrance Free|Without Silicones|Good for: Dark spots
P469503,Mini Skin Perfecting 2% BHA Liquid Exfoliant,Paula's Choice,Mini Size,13,4.2217,406,179137,"Good for: Dullness/Uneven Texture|Good for: Pores|Fragrance Free|Salicylic Acid|Good for: Acne/Blemishes|Best for Oily, Combo, Normal Skin"
P469522,RESIST Youth-Extending Daily Hydrating Fluid SPF 50,Paula's Choice,Sunscreen,37,4.2691,405,43866,"Good for: Anti-Aging|Matte Finish|Oil Free|Best for Oily, Combo, Normal Skin|SPF"
P501288,C5 Super Boost Vitamin C Eye Cream,Paula's Choice,Eye Care,39,4.5,340,22932,Good for: Dullness/Uneven Texture|Hyaluronic Acid|Good for: Loss of firmness|Vitamin C|Good for: Dark Circles|Fragrance Free
P501282,C5 Super Boost Vitamin C Moisturizer,Paula's Choice,Moisturizers,45,4.6986,292,13256,Good for: Dullness/Uneven Texture|Cream Formula|Good for: Loss of firmness|Vitamin C|Good for: Anti-Aging|Fragrance Free
P504433,Pro Collagen Multi-Peptide Booster,Paula's Choice,Treatments,58,4.7386,264,21691,Good for: Redness|Good for: Dullness/Uneven Texture|Good for: Loss of firmness|Good for: Anti-Aging|Fragrance Free|Without Parabens
P469510,CLINICAL 1% Retinol Treatment,Paula's Choice,Treatments,62,4.5551,263,60835,"Good for: Dullness/Uneven Texture|Good for: Loss of firmness|Retinol|Good for: Anti-Aging|Fragrance Free|Best for Dry, Combo, Normal Skin"
P469519,RESIST Advanced Replenishing Toner with Hyaluronic Acid,Paula's Choice,Cleansers,26,4.73,237,37158,"Good for: Anti-Aging|Good for: Dryness|Best for Dry, Combo, Normal Skin|Hyaluronic Acid|Fragrance Free"
P469511,CLINICAL Niacinamide 20% Treatment,Paula's Choice,Treatments,52,4.5318,220,36209,"Good for: Redness|Good for: Dullness/Uneven Texture|Good for: Pores|Fragrance Free|Best for Oily, Combo, Normal Skin|Niacinamide"
P469507,10% Azelaic Acid Booster,Paula's Choice,Treatments,39,4.7535,215,42037,"Good for: Acne/Blemishes|Good for: Redness|Good for: Dullness/Uneven Texture|Salicylic Acid|Best for Dry, Combo, Normal Skin|Fragrance Free"
P469520,RESIST Perfectly Balanced Foaming Cleanser,Paula's Choice,Cleansers,22,4.73,200,27344,"Best for Oily, Combo, Normal Skin|Good for: Pores|Good for: Acne/Blemishes|Hyaluronic Acid|Cruelty-Free|Fragrance Free"
P480628,10% Niacinamide Booster,Paula's Choice,Treatments,49,4.7526,194,9601,Good for: Pores|Good for: Dullness/Uneven Texture|Good for: Dark spots|Niacinamide|Oil Free|Fragrance Free
P481348,Clinical 0.3% Retinol + 2% Bakuchiol Treatment,Paula's Choice,Treatments,62,4.8235,170,13939,Good for: Anti-Aging|Good for: Loss of firmness|Good for: Pores|Retinol|Oil Free|Fragrance Free
P471793,Omega + Complex Cleansing Balm,Paula's Choice,Cleansers,29,4.6667,165,14266,Good for: Dullness/Uneven Texture|Best for Dry Skin|Fragrance Free|Good for: Dryness
P469505,Skin Perfecting BHA 9 Treatment,Paula's Choice,Treatments,46,4.7055,146,11291,"Best for Oily, Combo, Normal Skin|Good for: Acne/Blemishes|Good for: Pores|Salicylic Acid|Cruelty-Free|Fragrance Free"
P473126,CLINICAL Discoloration Repair Serum,Paula's Choice,Treatments,52,4.6522,138,18644,"Good for: Dark spots|Niacinamide|Best for Dry, Combo, Normal Skin|Alcohol Free|Fragrance Free"
P469528,Skin Perfecting 25% AHA + 2% BHA Exfoliant Peel,Paula's Choice,Treatments,42,4.5036,137,33137,allure 2021 Best of Beauty Award Winner|Good for: Pores|Good for: Anti-Aging|Good for: Acne/Blemishes|Salicylic Acid|AHA/Glycolic Acid
P469524,RESIST Super-Light Daily Wrinkle Defense SPF 30,Paula's Choice,Sunscreen,37,4.2556,133,19795,"Good for: Anti-Aging|Matte Finish|Fragrance Free|Best for Oily, Combo, Normal Skin|SPF|Cruelty-Free"
P469517,CLEAR Oil-Free Moisturizer,Paula's Choice,Moisturizers,29,4.5281,89,16079,"Best for Oily, Combo, Normal Skin|Good for: Acne/Blemishes|Good for: Pores|Good for: Redness|Without Silicones|Niacinamide"
P469513,CLEAR Pore Normalizing Acne Cleanser,Paula's Choice,Cleansers,15,4.137,73,24652,"Best for Oily, Combo, Normal Skin|Good for: Acne/Blemishes|Good for: Pores|Salicylic Acid|Cruelty-Free|Fragrance Free"
P469515,CLEAR Daily Skin Clearing Treatment with 2.5% Benzoyl Peroxide,Paula's Choice,Treatments,22,4.8333,66,13705,"Best for Oily, Combo, Normal Skin|Good for: Acne/Blemishes|Good for: Pores|Good for: Redness|Fragrance Free|Oil Free"
P481390,Omega+ Complex Moisturizer,Paula's Choice,Moisturizers,37,4.3281,64,9568,"Hydrating|Good for: Dryness|Good for: Dullness/Uneven Texture|Best for Dry, Combo, Normal Skin|Alcohol Free|Fragrance Free"
P469527,The UnScrub Gentle Cleansing Scrub,Paula's Choice,Cleansers,35,4.5484,62,13473,Good for: Dullness/Uneven Texture|Good for: Dark Circles|Good for: Dryness|allure 2019 Best of Beauty Award Winner|Cruelty-Free|Fragrance Free
P469516,CLEAR Ultra-Light Daily Hydrating Fluid SPF 30+,Paula's Choice,Sunscreen,37,4.4915,59,11227,"Matte Finish|Good for: Anti-Aging|Good for: Acne/Blemishes|Oil Free|Best for Oily, Combo, Normal Skin|SPF"
P469525,Omega+ Complex Serum,Paula's Choice,Treatments,42,4.0545,55,18794,"allure 2018 Best of Beauty Award Winner|Good for: Anti-Aging|Best for Dry, Combo, Normal Skin|Good for: Dryness|Fragrance Free|Vegan"
P469514,CLEAR Anti-Redness Exfoliating Solution with 2% Salicylic Acid,Paula's Choice,Cleansers,34,4.7091,55,13813,Good for: Acne/Blemishes|Good for: Pores|Good for: Dullness/Uneven Texture|Salicylic Acid|Oil Free|Good for: Redness
P474970,Hyaluronic Acid + Peptide Lip Treatment Booster,Paula's Choice,Lip Balms & Treatments,32,4.1538,52,9969,Hyaluronic Acid|Hydrating|Satin Finish|Good for: Anti-Aging|Fragrance Free|Good for: Dryness
P469504,Skin Perfecting 8% AHA Gel Exfoliant,Paula's Choice,Cleansers,34,4.617,47,14565,"AHA/Glycolic Acid|Hyaluronic Acid|Best for Oily, Combo, Normal Skin|Good for: Dullness/Uneven Texture|Good for: Anti-Aging|Good for: Dryness"
P469508,Hyaluronic Acid Booster,Paula's Choice,Treatments,39,4.413,46,7239,"Hyaluronic Acid|Good for: Dryness|Best for Dry, Combo, Normal Skin|Fragrance Free|Good for: Loss of firmness"
P469526,Water-Infusing Electrolyte Moisturizer,Paula's Choice,Moisturizers,37,3.7273,44,8396,Good for: Dark Circles|Good for: Dullness/Uneven Texture|Good for: Dryness|Oil Free|Cruelty-Free|Fragrance Free
P469512,CLINICAL Ceramide-Enriched Firming Eye Cream,Paula's Choice,Eye Care,49,4.1163,43,8104,"Vitamin C|Retinol|Good for: Anti-Aging|Good for: Loss of firmness|Good for: Dark Circles|Best for Dry, Combo, Normal Skin"
P469518,RESIST Barrier Repair Moisturizer with Retinol,Paula's Choice,Moisturizers,37,4.3243,37,17313,"Good for: Anti-Aging|Good for: Loss of firmness|Retinol|Best for Dry, Combo, Normal Skin|Fragrance Free|Without Silicones"
P469521,RESIST Weightless Advanced Repairing Toner,Paula's Choice,Cleansers,26,3.8,25,11114,"Best for Oily, Combo, Normal Skin|Good for: Pores|Good for: Anti-Aging|Good for: Dullness/Uneven Texture|Niacinamide|Hyaluronic Acid"
P469523,RESIST Anti-Aging Clear Skin Hydrator,Paula's Choice,Moisturizers,37,3.4,25,4739,"Good for: Anti-Aging|Best for Oily, Combo, Normal Skin|Good for: Pores|Good for: Acne/Blemishes|Oil Free|Vitamin C"
P481347,Clear Skin Kit Acne Treatment Kit,Paula's Choice,Value & Gift Sets,75,3.4375,16,3884,Good for: Acne/Blemishes|Good for: Redness|Salicylic Acid|Niacinamide|Without Triclosan|Alcohol Free
P481350,Complexion Clarity Kit,Paula's Choice,Value & Gift Sets,64,4.4444,9,15686,Good for: Anti-Aging|Good for: Dullness/Uneven Texture|Good for: Dark spots|Retinol|Salicylic Acid|Fragrance Free
P421275,Salicylic Acid Acne Healing Dots,Peace Out,Treatments,19,4.1779,4560,316297,Good for: Redness|allure 2019 Best of Beauty Award Winner|Clean at Sephora|Good for: Acne/Blemishes|Salicylic Acid|Without Sulfates SLS & SLES
P428250,Oil-Absorbing Pore Treatment Strips,Peace Out,Treatments,19,3.975,1562,102327,"Best for Oily Skin|Good for: Pores|Clean at Sephora|Best for Oily, Combo, Normal Skin|Without Parabens|Cruelty-Free"
P467038,Retinol Eye Stick,Peace Out,Eye Care,28,4.2062,1329,136726,Vegan|Good for: Loss of firmness|Good for: Dark Circles|Clean at Sephora|Good for: Anti-Aging|Retinol
P500757,Microneedling Anti-Wrinkle Retinol Patches,Peace Out,Treatments,24,3.9965,1128,4415,"Vegan|Hyaluronic Acid|Clean at Sephora|Good for: Anti-Aging|Retinol|Best for Oily, Combo, Normal Skin"
P503721,Salicylic Acid Acne Day Dots,Peace Out,Treatments,19,4.4974,384,11747,"Vegan|Clean at Sephora|Good for: Acne/Blemishes|Salicylic Acid|Best for Oily, Combo, Normal Skin|Cruelty-Free"
P472052,Microneedling Dark Spot Brightening Dots,Peace Out,Treatments,28,4.0386,363,22947,Hyaluronic Acid|Clean at Sephora|Good for: Anti-Aging|Good for: Acne/Blemishes|Good for: Dark spots|Niacinamide
P479340,Retinol Face Stick,Peace Out,Treatments,34,4.5148,270,28434,Vegan|Good for: Dullness/Uneven Texture|Good for: Loss of firmness|Clean at Sephora|Retinol|Good for: Anti-Aging
P501781,Instant Pore Perfector,Peace Out,Treatments,28,4.5843,255,11314,Vegan|Good for: Redness|Good for: Pores|Without Silicones|Niacinamide|Cruelty-Free
P480629,Dark Spots Serum,Peace Out,Treatments,29,4.2262,252,7931,Vegan|Good for: Dullness/Uneven Texture|Clean at Sephora|AHA/Glycolic Acid|Good for: Dark spots|Cruelty-Free
P469530,Blemish Balm Cleanser,Peace Out,Cleansers,22,4.5597,243,16182,"Vegan|Good for: Dullness/Uneven Texture|Clean at Sephora|Salicylic Acid|Best for Oily, Combo, Normal Skin|Without Sulfates SLS & SLES"
P474971,Daily Blemish Repairing Moisturizer,Peace Out,Moisturizers,28,4.2624,221,8255,Vegan|Good for: Dullness/Uneven Texture|Clean at Sephora|Good for: Acne/Blemishes|Alcohol Free|Cruelty-Free
P465365,Puffy Under-Eye Patches,Peace Out,Eye Care,25,4.2599,177,28152,Vegan|Good for: Dark Circles|Clean at Sephora|Without Phthalates|Good for: Dryness|Without Parabens
P502997,Salicylic Acid Acne Treatment Serum,Peace Out,Treatments,34,3.6667,120,3297,Good for: Pores|Vitamin C|Clean at Sephora|Good for: Acne/Blemishes|Salicylic Acid|Niacinamide
P503683,Acne Salicylic Acid Day & Night Duo,Peace Out,Value & Gift Sets,19,4.7073,82,6248,"Vegan|Clean at Sephora|Good for: Acne/Blemishes|Salicylic Acid|Best for Oily, Combo, Normal Skin|Cruelty-Free"
P500856,Retinol Anti-Aging Power Duo,Peace Out,Value & Gift Sets,48,4.2222,18,3592,"Good for: Dullness/Uneven Texture|Good for: Loss of firmness|Good for: Dark Circles|Good for: Anti-Aging|Retinol|Best for Dry, Combo, Normal Skin"
P415701,Water Drench Hyaluronic Acid Moisturizer,Peter Thomas Roth,Moisturizers,54,4.265,1830,73776,"Best for Dry, Combo, Normal Skin|Good for: Dryness|Hyaluronic Acid|Alcohol Free|Oil Free|Fragrance Free"
P377561,FIRMx Exfoliating Peel Gel,Peter Thomas Roth,Treatments,49,4.5391,1686,56547,Good for: Dullness/Uneven Texture|Hyaluronic Acid|Good for: Loss of firmness|Good for: Pores|Without Sulfates SLS & SLES
P450917,Mini FIRMx Exfoliating Peel Gel,Peter Thomas Roth,Mini Size,16,4.5391,1686,18585,Good for: Dullness/Uneven Texture|Hyaluronic Acid|Good for: Loss of firmness|Good for: Pores|Without Sulfates SLS & SLES
P39274,Anti-Aging Cleansing Gel,Peter Thomas Roth,Cleansers,39,4.3699,1603,32125,"Best for Oily, Combo, Normal Skin|Good for: Dullness/Uneven Texture|Salicylic Acid|AHA/Glycolic Acid|Without Sulfates SLS & SLES"
P449599,Mini Anti-Aging Cleansing Gel,Peter Thomas Roth,Mini Size,12,4.3699,1603,9844,"Best for Oily, Combo, Normal Skin|Good for: Dullness/Uneven Texture|Salicylic Acid|AHA/Glycolic Acid|Without Sulfates SLS & SLES"
P114902,Goodbye Acne  Max Complexion Correction Pads,Peter Thomas Roth,Treatments,48,4.4199,1529,56955,"Good for: Pores|Good for: Acne/Blemishes|Best for Oily, Combo, Normal Skin|Without Sulfates SLS & SLES"
P3617,Therapeutic Sulfur Acne Treatment Mask,Peter Thomas Roth,Masks,52,4.5111,1217,69468,Best for Oily Skin|Good for: Acne/Blemishes|Good for: Pores|Without Sulfates SLS & SLES
P458576,Water Drench Hyaluronic Hydrating Moisturizer SPF 45,Peter Thomas Roth,Moisturizers,55,4.2886,842,26530,Without Oxybenzone|Hyaluronic Acid|Good for: Dullness/Uneven Texture|Good for: Anti-Aging|Good for: Dryness
P471065,Mini Water Drench  Hyaluronic Hydrating Moisturizer SPF 45,Peter Thomas Roth,Mini Size,23,4.3149,794,9899,Without Oxybenzone|Hyaluronic Acid|Good for: Dullness/Uneven Texture|Good for: Anti-Aging|Good for: Dryness
P428100,Potent-C Vitamin C Power Serum,Peter Thomas Roth,Treatments,105,4.0276,762,30830,Good for: Dullness/Uneven Texture|Good for: Loss of firmness|Vitamin C|Good for: Anti-Aging|Without Sulfates SLS & SLES
P387261,Pumpkin Enzyme Mask Enzymatic Dermal Resurfacer,Peter Thomas Roth,Masks,60,4.6611,720,55129,Good for: Dullness/Uneven Texture|AHA/Glycolic Acid|Good for: Pores|Without Sulfates SLS & SLES
P453824,Vital-E Antioxidant Recovery Cream,Peter Thomas Roth,Moisturizers,75,4.4112,676,5199,
P283106,Instant FIRMx Eye Temporary Eye Tightener,Peter Thomas Roth,Eye Care,38,3.3254,627,47539,Good for: Anti-Aging|Good for: Loss of firmness|Vitamin C|Good for: Dark Circles|Without Retinyl Palmitate|Fragrance Free
P3550,Goodbye Acne AHA/BHA Acne Clearing Gel Face Body Spot Treatment,Peter Thomas Roth,Treatments,48,4.2768,625,23319,Good for: Acne/Blemishes|Good for: Pores|Salicylic Acid|AHA/Glycolic Acid|Without Sulfates SLS & SLES
P474078,Mini Goodbye Acne  AHA/BHA Acne Clearing Gel Face Body Spot Treatment,Peter Thomas Roth,Mini Size,20,4.2768,625,4443,Good for: Acne/Blemishes|Good for: Pores|Salicylic Acid|AHA/Glycolic Acid|Without Sulfates SLS & SLES
P453823,Vital-E Antioxidant Recovery Eye Cream,Peter Thomas Roth,Eye Care,55,4.3255,599,15022,
P251529,Retinol Fusion PM Night Serum,Peter Thomas Roth,Treatments,65,4.3262,564,28361,
P442741,Peptide 21 Wrinkle Resist Serum,Peter Thomas Roth,Treatments,125,4.4472,559,8393,
P399932,Acne-Clear Invisible Dots,Peter Thomas Roth,Treatments,32,3.4314,554,24178,
P442742,Peptide 21 Amino Acid Exfoliating Peel Pads,Peter Thomas Roth,Treatments,55,4.6453,547,16263,
P392608,Irish Moor Mud Purifying Black Mask,Peter Thomas Roth,Masks,60,4.3724,537,23860,
P382204,Cucumber Gel Mask Extreme Detoxifying Hydrator,Peter Thomas Roth,Masks,55,4.1989,533,31288,"Good for: Dryness|Good for: Redness|Best for Dry, Combo, Normal Skin|Without Sulfates SLS & SLES"
P442743,Peptide 21 Wrinkle Resist Moisturizer,Peter Thomas Roth,Moisturizers,95,4.5531,508,9001,Hydrating|Good for: Anti-Aging|Good for: Loss of firmness|Hyaluronic Acid
P467137,Water Drench Hyaluronic Glow Serum,Peter Thomas Roth,Treatments,72,4.444,482,7390,
P271682,Instant FIRMx Temporary Face Tightener,Peter Thomas Roth,Treatments,49,3.5567,476,19631,Good for: Anti-Aging|Good for: Loss of firmness|Good for: Pores|Vitamin C|Without Retinyl Palmitate|Fragrance Free
P479706,Even Smoother Glycolic Retinol Resurfacing Serum,Peter Thomas Roth,Treatments,65,4.5803,467,5185,Good for: Dullness/Uneven Texture|Good for: Anti-Aging|AHA/Glycolic Acid|Retinol|Niacinamide|Collagen
P470243,PRO Strength Microdermabrasion Blackhead Eliminator,Peter Thomas Roth,Cleansers,68,4.4936,466,11835,"Best for Oily, Combo, Normal Skin|Good for: Pores|Good for: Acne/Blemishes|Salicylic Acid|Without Sulfates SLS & SLES"
P474079,Goodbye Acne   Complete Acne Treatment Gel,Peter Thomas Roth,Treatments,44,4.2702,459,5639,
P448719,PRO Strength Lactic Pore Treatment,Peter Thomas Roth,Treatments,88,4.5779,443,16862,
P479705,Even Smoother Glycolic Retinol Resurfacing Peel Pads,Peter Thomas Roth,Treatments,52,4.6009,441,7622,Good for: Dullness/Uneven Texture|Good for: Anti-Aging|AHA/Glycolic Acid|Retinol|Niacinamide|Hyaluronic Acid
P462390,PRO Strength 10% PHA Exfoliating Clarifying Liquid,Peter Thomas Roth,Treatments,58,4.3836,438,6220,
P412025,Cucumber De-Tox Hydra-Gel Eye Patches,Peter Thomas Roth,Eye Care,55,3.9668,391,52503,Hyaluronic Acid|Good for: Dark Circles|Good for: Anti-Aging|Without Sulfates SLS & SLES
P454102,PRO Strength Niacinamide Discoloration Treatment,Peter Thomas Roth,Treatments,88,4.1608,367,32582,Niacinamide|Good for: Dark spots|Good for: Pores|Best for Normal Skin|Without Sulfates SLS & SLES
P433456,Potent-C Vitamin C Power Eye Cream,Peter Thomas Roth,Eye Care,68,4.0116,345,11436,
P406104,24K Gold Pure Luxury Lift & Firm Hydra-Gel Eye Patches,Peter Thomas Roth,Eye Care,75,3.7594,320,49824,Hyaluronic Acid|Good for: Loss of firmness|Good for: Dark Circles|Good for: Anti-Aging|Without Sulfates SLS & SLES
P433457,Potent-C Vitamin C Targeted Spot Brightener,Peter Thomas Roth,Treatments,62,4.3428,318,8238,
P423254,Water Drench Hyaluronic Cloud Hydra-Gel Eye Patches,Peter Thomas Roth,Eye Care,55,4.069,290,60266,Good for: Dryness|Good for: Dark Circles|Hyaluronic Acid|Without Parabens|Fragrance Free|Good for: Anti-Aging
P482061,Max Clear Invisible Priming Sunscreen Broad Spectrum SPF 45,Peter Thomas Roth,Sunscreen,38,4.4746,276,5462,"Good for: Dullness/Uneven Texture|Good for: Anti-Aging|Best for Dry, Combo, Normal Skin|Without Sulfates SLS & SLES"
P503690,Water Drench Hyaluronic Cloud Rich Barrier Moisturizer,Peter Thomas Roth,Moisturizers,58,4.7489,219,2975,"Hyaluronic Acid|Good for: Anti-Aging|Fragrance Free|Good for: Dryness|Best for Dry, Combo, Normal Skin|Alcohol Free"
P500244,FIRMx Collagen Face & Eye Hydra-Gel Patches,Peter Thomas Roth,Eye Care,65,4.6912,217,16592,Hyaluronic Acid|Good for: Loss of firmness|Collagen|Good for: Anti-Aging|Without Parabens|Niacinamide
P392607,24K Gold Mask Pure Luxury Lift & Firm,Peter Thomas Roth,Masks,85,3.5,196,16676,
P481142,PRO Strength Vitamin A/C/E Retinoid Treatment,Peter Thomas Roth,Treatments,65,4.7416,178,7915,"Good for: Anti-Aging|Retinol|Vitamin C|Good for: Dullness/Uneven Texture|Best for Dry, Combo, Normal Skin|Without Retinyl Palmitate"
P430812,Max Mineral Tinted Sunscreen Broad Spectrum SPF 45,Peter Thomas Roth,Sunscreen,38,4.2035,172,17046,"Good for: Redness|Good for: Dullness/Uneven Texture|allure 2019 Best of Beauty Award Winner|Good for: Anti-Aging|Best for Dry, Combo, Normal Skin|Without Sulfates SLS & SLES"
P505158,Max Vitamin D-Fense Sunscreen Serum Broad Spectrum SPF 50,Peter Thomas Roth,Sunscreen,42,4.8514,148,340,"Without Oxybenzone|Good for: Dullness/Uneven Texture|Good for: Anti-Aging|Good for: Dryness|SPF|Best for Dry, Combo, Normal Skin"
P410883,Acne Clearing Wash,Peter Thomas Roth,Cleansers,39,4.2263,137,10371,
P440317,Potent-C Vitamin C Bright & Plump Moisturizer,Peter Thomas Roth,Moisturizers,72,3.6239,109,5285,
P471062,Full-Size Water Drench Hydra-Pair 2-Piece Kit,Peter Thomas Roth,Value & Gift Sets,58,4.6,40,15019,Hyaluronic Acid|Good for: Dark Circles|Good for: Anti-Aging|Fragrance Free|Good for: Dryness|Without Parabens
P457519,Water Drench Hyaluronic Cloud Hydrating Eye Gel,Peter Thomas Roth,Eye Care,43,3.4595,37,5917,Good for: Dryness|Good for: Anti-Aging|Good for: Dark Circles|Hyaluronic Acid|Fragrance Free|Good for: Loss of firmness
P471064,Max Matte Shine Control Sunscreen Broad Spectrum SPF 45,Peter Thomas Roth,Sunscreen,38,2.4865,37,2240,"Hyaluronic Acid|Good for: Pores|Good for: Acne/Blemishes|Best for Oily, Combo, Normal Skin|SPF|Without Sulfates SLS & SLES"
P457520,FIRMx Collagen Moisturizer,Peter Thomas Roth,Moisturizers,88,3.3871,31,5148,Best for Normal Skin|Good for: Anti-Aging|Collagen|Without Sulfates SLS & SLES
P464799,Potent-C Power Brightening Hydra-Gels,Peter Thomas Roth,Eye Care,65,2.6429,28,9815,
P473185,Water Drench Hyaluronic Cloud Makeup Removing Gel Cleanser,Peter Thomas Roth,Cleansers,32,4,14,2272,"Best for Dry, Combo, Normal Skin|Good for: Dryness|Hyaluronic Acid|Without Sulfates SLS & SLES|Hydrating"
P474080,Water Drench Hyaluronic Cloud Mask Hydrating Gel,Peter Thomas Roth,Masks,55,4.25,12,4791,"Best for Dry, Combo, Normal Skin|Good for: Dryness|Good for: Dullness/Uneven Texture|Hyaluronic Acid|Hydrating|Without Sulfates SLS & SLES"
P502740,Masking Minis 5-Piece Mask Kit,Peter Thomas Roth,Value & Gift Sets,19,4,7,19378,"Hyaluronic Acid|Good for: Dullness/Uneven Texture|Good for: Pores|Good for: Anti-Aging|Good for: Dryness|Best for Dry, Combo, Normal Skin"
P502725,Multi-Masker 4-Piece Mask Kit,Peter Thomas Roth,Value & Gift Sets,58,4,5,7286,"Hyaluronic Acid|Good for: Loss of firmness|Good for: Anti-Aging|AHA/Glycolic Acid|Good for: Dryness|Best for Dry, Combo, Normal Skin"
P501550,Acne-Clear Essentials 4-Piece Acne Kit,Peter Thomas Roth,Value & Gift Sets,35,2.75,4,3080,
P505380,Patch & Protect Summer Essentials 2-Piece Kit,Peter Thomas Roth,Value & Gift Sets,55,,,155,Without Oxybenzone|Hyaluronic Acid|Good for: Dark Circles|Good for: Anti-Aging|Good for: Dryness|SPF
P505383,Full-Size FIRMx Face & Eye Firmers 2-Piece Kit,Peter Thomas Roth,Value & Gift Sets,65,,,152,Hyaluronic Acid|Good for: Loss of firmness|Vitamin C|Collagen|Good for: Anti-Aging|Without Parabens
P432818,Clean Smart Facial Cleansing Device,PMD,High Tech Tools,99,3.9825,171,12284,
P446630,Clean Pro Rose Quartz,PMD,High Tech Tools,179,4.4559,136,8990,
P398502,Personal Microderm Pro,PMD,High Tech Tools,199,4.4355,124,24832,
P401158,PMD Personal Microderm with Hand & Foot Kit,PMD,High Tech Tools,159,4.6494,77,10303,
P446629,Clean Pro,PMD,High Tech Tools,149,4.2857,77,3044,
P467969,Personal Microderm Elite Pro,PMD,High Tech Tools,299,4.6667,60,5350,Good for: Dullness/Uneven Texture|Good for: Loss of firmness|Good for: Pores|Good for: Anti-Aging|Good for: Dark spots
P398500,Personal Microderm,PMD,High Tech Tools,159,4.322,59,12714,
P467970,Clean Pro Obsidian,PMD,High Tech Tools,179,4.7069,58,3602,
P476436,Clean Pro Jade,PMD,High Tech Tools,179,4.8205,39,4221,Good for: Pores|Good for: Anti-Aging|Good for: Loss of firmness|Good for: Acne/Blemishes
P456192,Night Magic Restorative Face Oil with Firming Botanicals,Prima,Moisturizers,68,4.3488,410,6914,Good for: Dullness/Uneven Texture|Good for: Dryness|Good for: Pores|CBD|Cruelty-Free|Clean + Planet Positive
P456193,The Afterglow Deep Moisturizing Cream with Hyaluronic Acid & Vegan Collagen,Prima,Moisturizers,68,4.5302,381,6228,Good for: Dullness/Uneven Texture|Good for: Anti-Aging|Hyaluronic Acid|CBD|Cruelty-Free|Clean + Planet Positive
P504644,"Personalized Cleanser, SPF Day Moisturizer, Night Cream Set",PROVEN Skincare,Value & Gift Sets,169.99,4.3397,209,1660,Hyaluronic Acid|Good for: Pores|Customizable|Good for: Anti-Aging|SPF|Cruelty-Free
P481335,Brightening Saffron Serum - Radiant Rani,RANAVAT,Treatments,135,4.7824,216,7269,Vegan|Good for: Dullness/Uneven Texture|Good for: Loss of firmness|Clean at Sephora|Good for: Anti-Aging|Good for: Dark spots
P481354,Renewing Bakuchi Crème - Eternal Reign,RANAVAT,Moisturizers,95,4.3676,204,2168,Vegan|Good for: Loss of firmness|Hydrating|Clean at Sephora|Good for: Anti-Aging|Good for: Dryness
P481336,Resurfacing Saffron AHA Masque - Radiant Rani,RANAVAT,Masks,75,4.6298,181,4918,Vegan|Radiant Finish|Good for: Dullness/Uneven Texture|Hydrating|Clean at Sephora|AHA/Glycolic Acid
P481363,Smoothing Facial Polish - Imperial Glow,RANAVAT,Cleansers,45,4.6364,176,3144,Vegan|Good for: Dullness/Uneven Texture|Good for: Pores|Plumping|Clean at Sephora|Good for: Dryness
P481371,Balancing Crème Cleanser - Luminous Ceremony,RANAVAT,Cleansers,45,4.4682,173,2102,Vegan|Good for: Dullness/Uneven Texture|Plumping|Hydrating|Clean at Sephora|Good for: Dryness
P504446,Restoring Moonseed Treatment - L’Immortale Empress,RANAVAT,Moisturizers,125,4.7222,54,1098,Vegan|Good for: Loss of firmness|Hydrating|Clean at Sephora|Good for: Anti-Aging|Good for: Dryness
P481401,Hydrating Jasmine Mist - Royal Refresh,RANAVAT,Moisturizers,45,4.4571,35,3733,Vegan|Best for Dry Skin|Hydrating|Clean at Sephora|Good for: Dryness|Fragrance Free
P481368,Detoxifying Facial Massage Tool - Kansa Wand,RANAVAT,Wellness,70,4.6364,22,1919,Good for: Loss of firmness|Plumping|Clean at Sephora|Good for: Anti-Aging
P203616,Glycol Lactic Radiance Renewal Mask,REN Clean Skincare,Masks,58,4.4022,1283,58212,Good for: Dullness/Uneven Texture|Lactic Acid|Clean + Planet Positive|AHA/Glycolic Acid|Good for: Dark spots
P428095,Ready Steady Glow Daily AHA Tonic,REN Clean Skincare,Cleansers,40,4.143,1238,76269,Vegan|Recyclable Packaging|Good for: Dullness/Uneven Texture|Lactic Acid|Good for: Pores|Good for: Dark spots
P465368,Mini Ready Steady Glow Daily AHA Tonic,REN Clean Skincare,Cleansers,22,4.143,1238,20852,Vegan|Recyclable Packaging|Good for: Dullness/Uneven Texture|Lactic Acid|Good for: Pores|Good for: Dark spots
P214002,Evercalm Barrier Support Antioxidant Moisturizer,REN Clean Skincare,Moisturizers,52,4.2017,1031,27837,Vegan|Good for: Redness|Best for Dry Skin|Clean + Planet Positive|Good for: Dryness
P436094,Evercalm Overnight Recovery Balm,REN Clean Skincare,Moisturizers,55,4.4864,623,38294,"Good for: Redness|Good for: Dullness/Uneven Texture|Clean + Planet Positive|Hydrating|Good for: Dryness|Best for Dry, Combo, Normal Skin"
P415620,Evercalm Ultra Comforting Rescue Mask,REN Clean Skincare,Masks,52,4.5168,505,31464,Good for: Redness|Good for: Dullness/Uneven Texture|Clean + Planet Positive|Good for: Dryness|Gluten Free
P457512,Overnight Glow Dark Spot Sleeping Cream,REN Clean Skincare,Moisturizers,55,4.1408,476,20807,Good for: Dryness|Good for: Dark spots|Good for: Dullness/Uneven Texture|Good for: Loss of firmness|Best for Dry Skin|Clean + Planet Positive
P442990,Clean Screen Mineral SPF 30 Mattifying Face Sunscreen,REN Clean Skincare,Sunscreen,40,3.3558,416,13299,"Clean + Planet Positive|UV Protection|Best for Oily, Combo, Normal Skin|SPF|Gluten Free"
P481732,Radiance Vitamin C Glow Serum,REN Clean Skincare,Treatments,69,4.682,412,7564,Vitamin C|Hyaluronic Acid|Good for: Dark spots|Good for: Dullness/Uneven Texture|Sustainable Packaging|Clean + Planet Positive
P467971,Brightening Dark Circle Eye Cream,REN Clean Skincare,Eye Care,51,4.3027,370,20905,Good for: Dark Circles|Good for: Dryness|Hydrating|Vegan|Clean + Planet Positive
P475159,Evercalm Redness Relief Serum,REN Clean Skincare,Treatments,60,4.3985,271,5110,"Clean + Planet Positive|Good for: Redness|Best for Oily, Combo, Normal Skin|Good for: Dryness|Gluten Free|Vegan"
P454095,Perfect Canvas Clean Jelly Oil Cleanser,REN Clean Skincare,Cleansers,37,4.0263,266,6031,Clean + Planet Positive|Vegan|Good for: Dryness|Good for: Pores
P484067,Evercalm Barrier Support Face Oil,REN Clean Skincare,Moisturizers,60,4.8391,261,8281,"Vegan|Good for: Redness|Good for: Loss of firmness|Clean + Planet Positive|Good for: Dryness|Best for Dry, Combo, Normal Skin"
P473172,Glow Daily Vitamin C Gel Cream,REN Clean Skincare,Moisturizers,54,4.5825,194,6074,Vegan|Clean + Planet Positive|Vitamin C
P474371,Evercalm Gentle Cleansing Milk,REN Clean Skincare,Cleansers,38,4.3208,159,2764,Clean + Planet Positive|Good for: Pores|Good for: Redness|Good for: Acne/Blemishes|Gluten Free
P504056,"Perfect Canvas Smooth, Prep & Plump Essence",REN Clean Skincare,Moisturizers,55,4.7677,155,1944,Good for: Dullness/Uneven Texture|Hyaluronic Acid|Plumping|Hydrating|Niacinamide
P476726,Evercalm Gentle Cleansing Gel,REN Clean Skincare,Cleansers,38,4.36,125,1293,Vegan|Good for: Redness|Hydrating|Good for: Pores|Good for: Acne/Blemishes|Clean at Sephora
P437477,Stop Being So Sensitive Evercalm Kit,REN Clean Skincare,Value & Gift Sets,34,3.6087,69,17141,"Sustainable Packaging|Good for: Redness|Clean at Sephora|Good for: Dryness|Best for Dry, Combo, Normal Skin|Cruelty-Free"
P470049,Clearcalm Clarifying Clay Cleanser,REN Clean Skincare,Cleansers,38,4.6,40,4303,Good for: Acne/Blemishes|Fragrance Free|Gluten Free|Cruelty-Free|Clean at Sephora
P455227,Glow One Step Further Radiance Kit,REN Clean Skincare,Value & Gift Sets,28,3.931,29,10949,Good for: Dullness/Uneven Texture|Clean at Sephora|Good for: Anti-Aging|Good for: Dark spots|Cruelty-Free
P502047,Evercalm Skin Zen Trio,REN Clean Skincare,Value & Gift Sets,66,4.5,2,1448,"Good for: Redness|Good for: Dullness/Uneven Texture|Clean at Sephora|Good for: Dryness|Best for Dry, Combo, Normal Skin"
P503345,Evercalm Skin Zen Trio,REN Clean Skincare,Value & Gift Sets,66,,,0,"Good for: Redness|Good for: Dullness/Uneven Texture|Clean at Sephora|Good for: Dryness|Best for Dry, Combo, Normal Skin"
P504309,Solar Power Luminous SPF 30 Brightening Serum,ROSE INC,Treatments,46,4.4604,265,1484,Radiant Finish|Good for: Dullness/Uneven Texture|Clean + Planet Positive|Hydrating|Good for: Anti-Aging|Reef Safe SPF
P481145,Hydration Replenish Microencapsulated Plumping Gel Moisturizer,ROSE INC,Moisturizers,70,4.6561,189,5567,Good for: Dullness/Uneven Texture|Good for: Loss of firmness|Good for: Pores|Vitamin C|Clean + Planet Positive|Niacinamide
P500696,Eye Revival Brightening Eye Cream,ROSE INC,Eye Care,55,4.6915,188,7827,Vegan|Good for: Dark Circles|Good for: Dryness|Niacinamide
P476010,Skin Resolution Clean Exfoliating Acid Toner,ROSE INC,Cleansers,32,4.6848,184,8679,Vegan|Lactic Acid|Good for: Pores|Clean + Planet Positive|AHA/Glycolic Acid|Good for: Acne/Blemishes
P504315,Mini Skin Resolution Clarifying Acid Toner,ROSE INC,Cleansers,15,4.6848,184,1962,Lactic Acid|Good for: Pores|Clean at Sephora|AHA/Glycolic Acid|Good for: Acne/Blemishes|Salicylic Acid
P476009,Radiant Reveal Clean Brightening Vitamin C Serum,ROSE INC,Treatments,74,4.6687,166,4769,Vegan|Good for: Dullness/Uneven Texture|Vitamin C|Clean + Planet Positive|Hydrating|Good for: Dryness
P504594,The Brightening Essentials Skincare Gift Set,ROSE INC,Value & Gift Sets,66,5,4,4044,Vegan|Clean + Planet Positive|Hydrating|Gluten Free|Cruelty-Free
P504283,Mini Solar Power Luminous SPF 30 Serum,ROSE INC,Sunscreen,18,3,4,1939,Radiant Finish|Good for: Dullness/Uneven Texture|Clean + Planet Positive|Hydrating|Good for: Anti-Aging|Reef Safe SPF
P468850,Signature Moisturizer,ROSE Ingleton MD,Moisturizers,85,4.7,120,4096,Hyaluronic Acid|Good for: Loss of firmness|Vitamin C|Good for: Anti-Aging|Niacinamide|Black Owned at Sephora
P470245,Complexion Brightening Booster Serum,ROSE Ingleton MD,Treatments,70,4.5,34,3223,Good for: Dark spots|Good for: Dullness/Uneven Texture|AHA/Glycolic Acid|Lactic Acid|Hyaluronic Acid|Black Owned at Sephora
P470247,Blemish Control Booster Serum,ROSE Ingleton MD,Treatments,70,4.8182,33,2170,Good for: Acne/Blemishes|Good for: Pores|AHA/Glycolic Acid|Hyaluronic Acid|Niacinamide|Black Owned at Sephora
P470246,Calming Hydration Booster Serum,ROSE Ingleton MD,Treatments,70,4.7143,21,2391,Good for: Redness|Good for: Dryness|Hyaluronic Acid|Niacinamide|Fragrance Free|Black Owned at Sephora
P470248,Retexturizing Retinol Booster Serum,ROSE Ingleton MD,Treatments,70,4.5556,18,1842,Good for: Anti-Aging|Good for: Dullness/Uneven Texture|Retinol|Hyaluronic Acid|Fragrance Free|Black Owned at Sephora
P480346,SuperFruit Gentle Brightening Cleanser,ROSE Ingleton MD,Cleansers,38,4.7143,14,2610,"Vegan|Good for: Dullness/Uneven Texture|Hyaluronic Acid|Fragrance Free|Best for Oily, Combo, Normal Skin|Without Sulfates SLS & SLES"
P500502,SuperFruit Exfoliating Tonic 8% AHA Solution,ROSE Ingleton MD,Cleansers,48,4.8571,7,1826,Good for: Dullness/Uneven Texture|Good for: Pores|Clean at Sephora|AHA/Glycolic Acid|Good for: Acne/Blemishes|Good for: Dark spots
P42204,Rosebud Salve,Rosebud Perfume Co.,Lip Balms & Treatments,7,4.6463,5199,81724,
P42205,Strawberry Lip Balm,Rosebud Perfume Co.,Lip Balms & Treatments,8,4.559,2440,55765,Clean at Sephora|Hydrating
P266126,Rosebud Salve in a Tube,Rosebud Perfume Co.,Lip Balms & Treatments,7,4.3797,2399,65272,Clean at Sephora|Hydrating
P164932,Minted Rose Lip Balm,Rosebud Perfume Co.,Lip Balms & Treatments,8,4.5225,1981,34913,Clean at Sephora|Hydrating
P392239,Menthol And Eucalyptus Lip Balm,Rosebud Perfume Co.,Lip Balms & Treatments,7,4.0998,401,20830,Clean at Sephora|Hydrating
P397465,Strawberry Lip Balm,Rosebud Perfume Co.,Lip Balms & Treatments,8,4.1518,112,13002,
P468211,Sunvisor Radiant Moisturizing Face Sunscreen SPF 35,Saie,Sunscreen,38,4.0939,181,14842,Liquid Formula|Clean + Planet Positive|Vitamin C|Hydrating|Reef Safe SPF|Cruelty-Free
P444222,Luxury Beauty Serum Calming Treatment,Saint Jane Beauty,Treatments,125,4.3972,355,21687,Good for: Dullness/Uneven Texture|Good for: Pores|Clean at Sephora|Good for: Anti-Aging|Cruelty-Free
P501321,Luxury Sun Ritual Pore Smoothing Sunscreen SPF 30,Saint Jane Beauty,Sunscreen,38,4.8262,282,10922,"Natural Finish|Good for: Pores|Clean at Sephora|Hydrating|Reef Safe SPF|Best for Dry, Combo, Normal Skin"
P461491,Bright Repair Eye Cream – 10% Vitamin C,Saint Jane Beauty,Eye Care,65,4.2948,173,7304,CBD|Vitamin C|Clean at Sephora|Good for: Dark Circles|Good for: Anti-Aging|Cruelty-Free
P467972,The C Drops – 20% Vitamin C Blend Brightening Serum,Saint Jane Beauty,Treatments,90,4.75,100,5557,Good for: Dullness/Uneven Texture|CBD|Vitamin C|Clean at Sephora|Good for: Dark spots|Cruelty-Free
P473723,Hydrating Petal Cream – 1% Pure Hyaluronic Acid Moisturizer,Saint Jane Beauty,Moisturizers,68,4.5395,76,4072,Hyaluronic Acid|CBD|Best for Dry Skin|Vitamin C|Hydrating|Clean at Sephora
P482068,Sacred Sleep Overnight Repair with Retinol,Saint Jane Beauty,Treatments,70,4.7544,57,3758,"CBD|Good for: Loss of firmness|Clean at Sephora|Retinol|Good for: Anti-Aging|Best for Dry, Combo, Normal Skin"
P501185,Luxury Lip Shine – Longwear Hydration Lip Oil with Vitamin C,Saint Jane Beauty,Lip Balms & Treatments,28,4.6552,29,4219,Vegan|High Shine Finish|Vitamin C|Hydrating|Clean at Sephora|Cruelty-Free
P477785,Mini Luxury Beauty Serum Calming Treatment,Saint Jane Beauty,Mini Size,38,,,0,Good for: Dullness/Uneven Texture|Good for: Pores|Clean at Sephora|Good for: Anti-Aging|Cruelty-Free
P409800,Cleansing & Exfoliating Wipes,SEPHORA COLLECTION,Cleansers,3,4.3383,3837,266116,"Clean at Sephora|Good for: Dryness|Best for Dry, Combo, Normal Skin"
P442594,Ultra Glow Serum: Glow + Strengthen Vitamin C Serum,SEPHORA COLLECTION,Treatments,20,4.125,1488,113866,"Vegan|Vitamin C|Clean + Planet Positive|Good for: Dryness|Best for Dry, Combo, Normal Skin"
P460855,Clean Lip Balm & Scrub,SEPHORA COLLECTION,Lip Balms & Treatments,7,2.282,610,74119,
P438619,Brightening Eye Cream with Caffeine and Hyaluronic Acid,SEPHORA COLLECTION,Eye Care,18,4.375,528,126673,"Vegan|Good for: Dullness/Uneven Texture|Hyaluronic Acid|Community Favorite|Clean + Planet Positive|Best for Dry, Combo, Normal Skin"
P460723,Clean Cleansing & Gentle Exfoliating Wipes,SEPHORA COLLECTION,Cleansers,6,2.5641,523,26264,"Vegan|Good for: Dullness/Uneven Texture|Clean at Sephora|Good for: Dryness|Best for Dry, Combo, Normal Skin"
P500744,Clean Lip Balm & Scrub,SEPHORA COLLECTION,Lip Balms & Treatments,7,4.5128,470,24932,"Stick Formula|Hydrating|Clean at Sephora|Good for: Dryness|Best for Dry, Combo, Normal Skin"
P438620,Nourishing Moisturizer with Prebiotics,SEPHORA COLLECTION,Moisturizers,18,4.5182,467,59250,"Vegan|Clean + Planet Positive|Good for: Dryness|Fragrance Free|Best for Dry, Combo, Normal Skin"
P442589,Instant Masks,SEPHORA COLLECTION,Masks,8,3.5165,455,50038,
P442535,Glow Peel Pads,SEPHORA COLLECTION,Treatments,15,3.9956,452,45067,"Vegan|Good for: Dullness/Uneven Texture|Clean + Planet Positive|AHA/Glycolic Acid|Best for Oily, Combo, Normal Skin"
P438617,All Day Hyaluronic Acid Hydrator Moisturizer,SEPHORA COLLECTION,Moisturizers,18,4.5647,425,54075,"Best for Dry, Combo, Normal Skin|Good for: Dryness|Hyaluronic Acid|Fragrance Free|Vegan|Clean + Planet Positive"
P438618,Clean Skin Gel Cleanser with Prebiotics,SEPHORA COLLECTION,Cleansers,12,4.6286,420,43752,"Clean + Planet Positive|Fragrance Free|Good for: Acne/Blemishes|Best for Dry, Combo, Normal Skin"
P460701,Clean Face Mask,SEPHORA COLLECTION,Masks,5.5,4.1455,385,80684,"Best for Dry, Combo, Normal Skin|Good for: Dryness|Clean at Sephora|Community Favorite"
P460856,Clean Eye Mask,SEPHORA COLLECTION,Masks,3.5,4.1698,371,94157,"Good for: Dullness/Uneven Texture|Good for: Dark Circles|Clean at Sephora|Good for: Dryness|Best for Oily, Combo, Normal Skin"
P483138,Targeted Pores Serum with BHA + PHA,SEPHORA COLLECTION,Treatments,20,4.6844,339,12422,"Vegan|Good for: Pores|Clean + Planet Positive|Fragrance Free|Salicylic Acid|Best for Oily, Combo, Normal Skin"
P467647,Melting Cleansing Balm Cleanse + Balance,SEPHORA COLLECTION,Cleansers,12,3.6314,331,21017,Vegan|Clean + Planet Positive
P483137,Targeted Dark Spots Serum with Enzymes,SEPHORA COLLECTION,Treatments,20,4.6447,318,12192,Clean + Planet Positive|Fragrance Free|Good for: Dark spots
P467652,Lip Sleeping Mask,SEPHORA COLLECTION,Lip Balms & Treatments,5,3.5475,316,45533,Good for: Dryness|Vegan|Clean at Sephora
P473725,Resurfacing Peel Mask,SEPHORA COLLECTION,Treatments,18,4.8299,241,20307,"Good for: Dullness/Uneven Texture|Clean + Planet Positive|AHA/Glycolic Acid|Salicylic Acid|Best for Oily, Combo, Normal Skin"
P472057,Vegan Makeup Remover and Cleansing Brush,SEPHORA COLLECTION,High Tech Tools,14,4.3651,241,19958,
P457442,Face Serum,SEPHORA COLLECTION,Treatments,9,3.3235,238,41657,Vegan|Clean at Sephora
P504429,Hydrating Serum,SEPHORA COLLECTION,Treatments,20,4.8445,238,3242,Hyaluronic Acid|Liquid Formula|Clean + Planet Positive|Fragrance Free|Good for: Dryness
P458724,Metal Facial Razor,SEPHORA COLLECTION,High Tech Tools,18,4.4726,237,38239,
P504421,Overnight Hydrating Mask,SEPHORA COLLECTION,Masks,16,4.8268,231,5527,Vegan|Hyaluronic Acid|Best for Dry Skin|Good for: Loss of firmness|Clean + Planet Positive
P483136,Targeted Anti-Aging Bakuchiol Serum,SEPHORA COLLECTION,Treatments,20,4.6,205,10653,Vegan|Good for: Loss of firmness|Clean + Planet Positive|Good for: Anti-Aging|Fragrance Free
P473729,Vitamin Mask,SEPHORA COLLECTION,Masks,10,4.4826,201,27165,"Best for Oily, Combo, Normal Skin|Good for: Acne/Blemishes|Good for: Dryness|Clean at Sephora"
P461522,Clean Charcoal Nose Strip,SEPHORA COLLECTION,Masks,3,3.0273,183,25388,"Vegan|Good for: Pores|Clean at Sephora|Best for Oily, Combo, Normal Skin"
P473726,Smoothing Cleanser,SEPHORA COLLECTION,Cleansers,12,4.638,163,10098,"Good for: Dullness/Uneven Texture|Good for: Pores|Clean + Planet Positive|AHA/Glycolic Acid|Salicylic Acid|Best for Oily, Combo, Normal Skin"
P461520,Clean Foot Mask,SEPHORA COLLECTION,Masks,5,4.2692,156,34386,Best for Dry Skin|Clean at Sephora|Good for: Dryness
P500626,Melting Cleansing Balm Cleanse + Balance,SEPHORA COLLECTION,Cleansers,12,4.0131,153,15903,"Clean + Planet Positive|Fragrance Free|Best for Dry, Combo, Normal Skin"
P465803,Blue Aventurine De-Puffing Facial Roller,SEPHORA COLLECTION,Wellness,20,4.8993,149,11904,
P439672,Rose Quartz Facial Roller,SEPHORA COLLECTION,Wellness,22,3.7111,135,29366,
P502986,Jade Facial Roller,SEPHORA COLLECTION,Wellness,22,4.8915,129,1060,"Recyclable Packaging|Good for: Redness|Best for Oily, Combo, Normal Skin|Best for Dry, Combo, Normal Skin"
P455212,1 Minute Face Masks,SEPHORA COLLECTION,Masks,12,3.5124,121,23473,
P460554,Clarifying Peel Pads,SEPHORA COLLECTION,Treatments,17,4.6068,117,11705,Vegan|Best for Oily Skin|Good for: Loss of firmness|Clean at Sephora|Good for: Acne/Blemishes
P469196,Supplement Case,SEPHORA COLLECTION,Wellness,10,3.7411,112,32124,
P483146,Ultra Glow Toner with Vitamins C + E,SEPHORA COLLECTION,Moisturizers,14,4.5865,104,13488,"Vegan|Good for: Dullness/Uneven Texture|Vitamin C|Clean + Planet Positive|Good for: Dryness|Best for Oily, Combo, Normal Skin"
P469086,Facial Cleansing Tool,SEPHORA COLLECTION,High Tech Tools,8,4.73,100,21304,
P432421,SUPERMASK - The Charcoal Mask,SEPHORA COLLECTION,Masks,5.5,3.7614,88,16867,
P444013,Crystal Facial Roller Set,SEPHORA COLLECTION,Wellness,35,4.1176,85,31468,
P465808,4 Piece Facial Razor Set,SEPHORA COLLECTION,High Tech Tools,12,3.44,75,34580,
P461521,Clean Hand Mask,SEPHORA COLLECTION,Masks,5,3.6818,66,16227,Best for Dry Skin|Clean at Sephora|Good for: Dryness
P455217,Gradual Self-Tanning Face Gel,SEPHORA COLLECTION,Sunscreen,17,3.8308,65,9757,Vegan|Clean + Planet Positive
P456957,Clarifying Serum,SEPHORA COLLECTION,Treatments,20,4.2222,63,10594,Vegan|Clean + Planet Positive
P473728,Reusable Cotton Pads,SEPHORA COLLECTION,Cleansers,10,3.8246,57,20055,
P467651,Pores Target Serum,SEPHORA COLLECTION,Treatments,20,4.1818,55,15027,"Best for Oily, Combo, Normal Skin|Good for: Pores|Salicylic Acid|Clean + Planet Positive"
P473724,Vitamin Tonic,SEPHORA COLLECTION,Cleansers,6,4.6875,48,12475,"Best for Dry, Combo, Normal Skin|Good for: Dryness|Good for: Dullness/Uneven Texture|Clean at Sephora"
P445726,Firming Night Cream with Peptides,SEPHORA COLLECTION,Moisturizers,18,4.0217,46,34044,"Vegan|Good for: Loss of firmness|Clean + Planet Positive|Fragrance Free|Best for Dry, Combo, Normal Skin"
P455215,Illuminating Hydrator - Radiance + Smoothing,SEPHORA COLLECTION,Moisturizers,17,3.3261,46,6763,Vegan|Clean + Planet Positive
P480986,Firming Eye Cream with Peptides,SEPHORA COLLECTION,Eye Care,18,4.1364,44,15171,"Best for Dry, Combo, Normal Skin|Good for: Anti-Aging|Good for: Loss of firmness|Vegan|Clean + Planet Positive"
P482312,Facial Razor Set,SEPHORA COLLECTION,High Tech Tools,12,4.4146,41,31987,
P458733,Mini Rose Quartz Facial Roller,SEPHORA COLLECTION,Wellness,12,3.7,40,17556,
P477714,Black Obsidian Face and Body Gua Sha,SEPHORA COLLECTION,High Tech Tools,14,4,40,15323,Good for: Loss of firmness|Good for: Anti-Aging
P479688,AHA Peeling Masks,SEPHORA COLLECTION,Masks,10,3.6923,39,10299,"Vegan|Good for: Dullness/Uneven Texture|Good for: Pores|Clean at Sephora|AHA/Glycolic Acid|Best for Oily, Combo, Normal Skin"
P469085,Face Mask Applicator,SEPHORA COLLECTION,Masks,10,4.3684,38,32212,
P461195,Clean Hemp Mask,SEPHORA COLLECTION,Masks,5.5,3.8889,36,11589,Vegan|Clean at Sephora
P471085,Targeted Dark Spots Serum,SEPHORA COLLECTION,Treatments,20,3.6111,36,6752,Best for Normal Skin|Good for: Dark spots|Clean + Planet Positive
P446820,Grapefruit Peeling Mask - Skin Perfection,SEPHORA COLLECTION,Masks,8,3.4444,36,0,
P483151,Vitamin Eye Masks,SEPHORA COLLECTION,Eye Care,3.5,3.9118,34,26055,Vegan|Vitamin C|Good for: Dark Circles|Clean at Sephora|Good for: Dryness
P457441,The Clarifying Kit,SEPHORA COLLECTION,Value & Gift Sets,20,4.6667,33,9475,Vegan|Clean + Planet Positive
P467650,Self-Tanning Body Mousse,SEPHORA COLLECTION,Self Tanners,18,3.4839,31,3544,Vegan|Clean + Planet Positive
P483092,Glow Peel Pads with AHA + PHA,SEPHORA COLLECTION,Treatments,17,4.5862,29,14845,Best for Normal Skin|Good for: Pores|Good for: Dullness/Uneven Texture|AHA/Glycolic Acid|Vitamin C|Clean at Sephora
P457439,Clarifying Lotion,SEPHORA COLLECTION,Treatments,16,3.6207,29,5748,Vegan|Clean + Planet Positive
P471086,Targeted Wrinkle Serum,SEPHORA COLLECTION,Treatments,20,4.3571,28,5783,"Best for Dry, Combo, Normal Skin|Good for: Anti-Aging|Clean + Planet Positive"
P461200,Clean Watermelon After Sun Mask,SEPHORA COLLECTION,Masks,5,4.6667,27,9000,Vegan|Clean at Sephora
P446822,Hemp Mousse Mask - Anti-Blemish,SEPHORA COLLECTION,Masks,8,3.5769,26,0,
P483075,Brightening Dual Facial Enzyme Exfoliator,SEPHORA COLLECTION,Cleansers,14,4.125,24,7792,Good for: Dullness/Uneven Texture|Good for: Acne/Blemishes|Fragrance Free|Vegan|Clean + Planet Positive
P461199,Clean Peeling Mask,SEPHORA COLLECTION,Masks,5.5,4.4545,22,7245,Clean at Sephora|Vegan
P469028,3-in-1 Extractor Tool,SEPHORA COLLECTION,Treatments,20,3.3,20,13252,
P472067,Metal Facial Razor Refills,SEPHORA COLLECTION,High Tech Tools,10,4.4,20,12554,
P500774,Clarifying Toner with Niacinamide and Zinc,SEPHORA COLLECTION,Cleansers,14,4.4444,18,9632,"Good for: Pores|Clean + Planet Positive|Fragrance Free|Good for: Acne/Blemishes|Best for Oily, Combo, Normal Skin|Niacinamide"
P460704,The Hydrating Kit,SEPHORA COLLECTION,Value & Gift Sets,20,4.3333,18,8847,Vegan|Clean + Planet Positive
P464288,Sephora City Reusable Water Bottle,SEPHORA COLLECTION,Wellness,8,2.9412,17,6754,
P483090,Firming Day Moisturizer with Peptides,SEPHORA COLLECTION,Moisturizers,18,2.9375,16,2887,"Best for Dry, Combo, Normal Skin|Good for: Loss of firmness|Fragrance Free|Vegan|Clean + Planet Positive"
P500743,Vitamin Face Masks,SEPHORA COLLECTION,Masks,5.5,4.4,15,10162,"Good for: Dullness/Uneven Texture|Good for: Loss of firmness|Clean at Sephora|Good for: Dryness|Best for Dry, Combo, Normal Skin"
P482314,Mattifying Blotting Papers,SEPHORA COLLECTION,Cleansers,4,2.8667,15,6314,"Fragrance Free|Best for Oily, Combo, Normal Skin"
P472068,Reusable 3-Piece Grey Face Mask Set,SEPHORA COLLECTION,Wellness,15,4.0769,13,2624,
P500785,Vitamin C Skincare Set,SEPHORA COLLECTION,Value & Gift Sets,15,4.5833,12,11340,"Good for: Dullness/Uneven Texture|Clean + Planet Positive|Fragrance Free|Best for Dry, Combo, Normal Skin|Good for: Dark spots"
P482311,Large Supplement Case,SEPHORA COLLECTION,Wellness,15,4,11,7125,
P504441,Prebiotic Smoothie Mask,SEPHORA COLLECTION,Masks,8,4.0909,11,5029,"Vegan|Cream Formula|Good for: Dullness/Uneven Texture|Best for Dry Skin|Clean at Sephora|Best for Dry, Combo, Normal Skin"
P477734,Double-Ended Textured Facial Roller,SEPHORA COLLECTION,Wellness,24,3.6,10,11736,Vegan|Sustainable Packaging|Cruelty-Free
P444237,Mini Cleansing Wipes - Coconut Water,SEPHORA COLLECTION,Cleansers,3,4.3,10,265,"Clean at Sephora|Good for: Dryness|Best for Dry, Combo, Normal Skin"
P504447,Gradual Tanning Drops Face & Body,SEPHORA COLLECTION,Self Tanners,16,3.25,8,2988,Vegan|Liquid Formula|Clean + Planet Positive|Without Phthalates|Fragrance Free|Cruelty-Free
P502996,Rose Quartz Gua Sha,SEPHORA COLLECTION,Wellness,14,3.2857,7,7684,"Recyclable Packaging|Good for: Redness|Best for Oily, Combo, Normal Skin|Best for Dry, Combo, Normal Skin"
P479478,Germanium Stone Facial Massager,SEPHORA COLLECTION,Wellness,28,4.8571,7,5302,Vegan|Sustainable Packaging|Cruelty-Free
P482313,Eyebrow Razor Set,SEPHORA COLLECTION,High Tech Tools,8,4.1429,7,3419,
P467649,Clean 1 Minute Face Masks,SEPHORA COLLECTION,Masks,12,1.8571,7,2950,Clean at Sephora|Vegan
P483145,Ultra Glow Mask with Vitamins C + E,SEPHORA COLLECTION,Masks,16,4.5,6,4478,"Good for: Dullness/Uneven Texture|Vitamin C|Clean + Planet Positive|Fragrance Free|Good for: Dryness|Best for Oily, Combo, Normal Skin"
P500729,Best Sellers Set,SEPHORA COLLECTION,Value & Gift Sets,20,4.3333,6,3742,"Vegan|Good for: Pores|Clean + Planet Positive|Fragrance Free|Salicylic Acid|Best for Oily, Combo, Normal Skin"
P482309,Facial Cooling Wands,SEPHORA COLLECTION,High Tech Tools,28,4,4,8525,Good for: Redness
P502842,Wishing You Essentials Skincare Kit,SEPHORA COLLECTION,Value & Gift Sets,20,3.6667,3,6017,"Vegan|Good for: Dullness/Uneven Texture|Vitamin C|Clean + Planet Positive|AHA/Glycolic Acid|Best for Oily, Combo, Normal Skin"
P500763,Lip Sleeping Mask,SEPHORA COLLECTION,Lip Balms & Treatments,5,3.6667,3,1006,Vegan|Clean at Sephora|Good for: Dryness
P474090,Deluxe Facial Roller Set,SEPHORA COLLECTION,Wellness,40,3.5,2,5602,
P472058,Crystal Facial Roller Set,SEPHORA COLLECTION,Wellness,35,4,2,3924,
P503000,Feeling Groovy Yellow Jade Eye Massager Set,SEPHORA COLLECTION,Wellness,18,5,2,2842,"Best for Normal Skin|Recyclable Packaging|Good for: Redness|Best for Dry, Combo, Normal Skin"
P504424,Clarifying Peel Pads Purify + Exfoliate,SEPHORA COLLECTION,Treatments,17,5,1,2254,"Vegan|Clean + Planet Positive|Good for: Acne/Blemishes|Salicylic Acid|Best for Oily, Combo, Normal Skin"
P504417,Acne Treatment Gel,SEPHORA COLLECTION,Treatments,20,5,1,1039,"Vegan|Clean + Planet Positive|Good for: Acne/Blemishes|Salicylic Acid|Best for Oily, Combo, Normal Skin"
P455926,Retinol Reform Treatment Serum,Shani Darden Skin Care,Treatments,88,4.2569,1012,63782,Vegan|allure 2020 Best of Beauty Award Winner|Good for: Dullness/Uneven Texture|Good for: Anti-Aging|Retinol|Black Owned at Sephora
P455927,Mini Retinol Reform,Shani Darden Skin Care,Mini Size,30,4.2569,1012,12100,Vegan|allure 2020 Best of Beauty Award Winner|Good for: Dullness/Uneven Texture|Good for: Anti-Aging|Retinol|Black Owned at Sephora
P455929,Cleansing Serum,Shani Darden Skin Care,Cleansers,38,4.5938,325,9931,Vegan|Good for: Dark Circles|Without Sulfates SLS & SLES|Black Owned at Sephora|Cruelty-Free
P467973,Intensive Eye Renewal Cream with Firming Peptides,Shani Darden Skin Care,Eye Care,68,4.2087,254,12224,
P478731,Lactic Acid AHA Exfoliating Serum,Shani Darden Skin Care,Treatments,88,4.6299,254,9772,"Vegan|Good for: Dullness/Uneven Texture|Lactic Acid|Good for: Pores|Best for Oily, Combo, Normal Skin|Cruelty-Free"
P455930,Weightless Oil-Free Moisturizer,Shani Darden Skin Care,Moisturizers,48,4.2571,140,7756,"Hyaluronic Acid|Good for: Loss of firmness|Without Mineral Oil|Best for Oily, Combo, Normal Skin|Black Owned at Sephora|Cruelty-Free"
P471097,Facial Sculpting Wand,Shani Darden Skin Care,High Tech Tools,399,4.5462,130,7753,Vegan|Hyaluronic Acid|Good for: Loss of firmness|Good for: Anti-Aging|Fragrance Free|Black Owned at Sephora
P503920,Triple Acid Signature Peel,Shani Darden Skin Care,Treatments,125,4.876,129,7097,"Good for: Dullness/Uneven Texture|Lactic Acid|Good for: Pores|AHA/Glycolic Acid|Best for Oily, Combo, Normal Skin"
P455931,Sake Toning Essence,Shani Darden Skin Care,Moisturizers,52,4.4444,99,8073,"Good for: Dullness/Uneven Texture|Good for: Pores|Best for Oily, Combo, Normal Skin|Alcohol Free|Niacinamide|Black Owned at Sephora"
P502216,Shani Darden by Déesse PRO LED Light Mask,Shani Darden Skin Care,High Tech Tools,1900,3.75,4,4154,Good for: Loss of firmness|Good for: Anti-Aging|Good for: Acne/Blemishes|Good for: Dark spots|Black Owned at Sephora
P474858,Hydra Prep Soothing & Hydrating Gel,Shani Darden Skin Care,Moisturizers,38,,,1033,Hyaluronic Acid|Best for Dry Skin|Good for: Dryness|Fragrance Free|Black Owned at Sephora|Cruelty-Free
P456398,Ultimate Sun Protector Lotion SPF 50+ Sunscreen,Shiseido,Sunscreen,50,4.4864,2936,42257,Without Oxybenzone|Without Phthalates|SPF
P173726,Facial Cotton,Shiseido,Cleansers,13,4.8284,2827,133163,
P429242,Clear Sunscreen Stick SPF 50+,Shiseido,Sunscreen,30,4.6566,1529,74272,Without Phthalates|allure 2021 Best of Beauty Award Winner|Without Parabens|SPF
P448203,Benefiance Wrinkle Smoothing Eye Cream,Shiseido,Eye Care,64,4.3298,1422,43729,"Good for: Anti-Aging|Good for: Dryness|Best for Dry, Combo, Normal Skin|Best for Oily, Combo, Normal Skin|Hyaluronic Acid|Without Silicones"
P482739,Urban Environment Oil-Free Sunscreen Broad-Spectrum SPF 42,Shiseido,Sunscreen,50,4.4533,1337,12870,Without Oxybenzone|Hyaluronic Acid|Good for: Anti-Aging|Good for: Dryness|Oil Free|SPF
P482742,Urban Environment Fresh-Moisture Sunscreen Broad-Spectrum SPF 42,Shiseido,Sunscreen,38,4.6311,1190,8629,"Without Oxybenzone|Hyaluronic Acid|Good for: Anti-Aging|Good for: Dryness|SPF|Best for Dry, Combo, Normal Skin"
P448202,Benefiance Wrinkle Smoothing Cream Enriched,Shiseido,Moisturizers,75,4.5776,947,12045,Best for Dry Skin|Good for: Anti-Aging|Without Phthalates|Good for: Dryness|Without Parabens|Without Sulfates SLS & SLES
P463105,Benefiance Wrinkle Smoothing Retinol Serum,Shiseido,Treatments,75,4.5806,937,5722,"Retinol|Good for: Anti-Aging|Without Phthalates|Best for Dry, Combo, Normal Skin"
P481164,Essential Energy Hydrating Day Cream Broad Spectrum SPF 20,Shiseido,Moisturizers,50,4.5518,926,2628,"Good for: Dryness|Hyaluronic Acid|Good for: Pores|Without Mineral Oil|Best for Oily, Combo, Normal Skin|Best for Dry, Combo, Normal Skin"
P481161,Ultimune Power Infusing Anti-Aging Serum,Shiseido,Treatments,75,4.5483,870,8461,"Good for: Anti-Aging|Good for: Dryness|Good for: Dullness/Uneven Texture|Refill Available|Best for Dry, Combo, Normal Skin|Best for Oily, Combo, Normal Skin"
P456399,Ultimate Sun Protector Cream SPF 50+ Face Sunscreen,Shiseido,Sunscreen,40,4.276,605,6649,Without Oxybenzone|Without Mineral Oil|Without Phthalates|Without Parabens|SPF
P504986,Urban Environment Vita-Clear Sunscreen SPF 42,Shiseido,Sunscreen,38,4.6126,555,1107,Hyaluronic Acid|Good for: Pores|Vitamin C|Good for: Dryness|SPF|Good for: Dark spots
P173619,Benefiance WrinkleResist24 Pure Retinol Express Smoothing Eye Mask,Shiseido,Eye Care,70,4.422,500,81341,allure 2020 Best of Beauty Award Winner|Good for: Dullness/Uneven Texture|Good for: Dark Circles|Retinol|Good for: Anti-Aging|Good for: Dryness
P482741,Urban Environment Oil-Free Mineral Sunscreen Broad-Spectrum SPF 42,Shiseido,Sunscreen,38,4.3072,485,3841,Without Oxybenzone|Hyaluronic Acid|Good for: Anti-Aging|Oil Free|Good for: Dryness|SPF
P481162,Essential Energy Hydrating Cream,Shiseido,Moisturizers,50,4.5465,452,5184,"Good for: Dryness|Hyaluronic Acid|Without Mineral Oil|Good for: Pores|Best for Dry, Combo, Normal Skin|Best for Oily, Combo, Normal Skin"
P205614,White Lucent Anti-Dark Circles Eye Cream,Shiseido,Eye Care,65,3.5878,393,15783,Good for: Dullness/Uneven Texture|Good for: Dark Circles|Good for: Anti-Aging
P173652,Bio-Performance Advanced Super Revitalizing Cream,Shiseido,Moisturizers,85,4.5335,358,22311,"Good for: Anti-Aging|Good for: Dryness|Hyaluronic Acid|Best for Dry, Combo, Normal Skin|Alcohol Free|Without Sulfates SLS & SLES"
P405944,Ultra Sun Protection Lotion Broad Spectrum SPF 50+ WetForce for Sensitive Skin & Children,Shiseido,Sunscreen,42,3.1858,226,12724,
P448201,Benefiance Wrinkle Smoothing Day Cream SPF 23,Shiseido,Moisturizers,75,4.5121,207,18392,Good for: Anti-Aging|Good for: Dryness|Without Parabens|SPF|Without Sulfates SLS & SLES
P448200,Benefiance Wrinkle Smoothing Cream,Shiseido,Moisturizers,75,4.6037,164,6215,"Good for: Anti-Aging|Good for: Dryness|Good for: Loss of firmness|Best for Dry, Combo, Normal Skin|Best for Oily, Combo, Normal Skin|Without Parabens"
P388545,Perfect Cleansing Oil,Shiseido,Cleansers,35,4.4514,144,21389,"Good for: Dryness|Good for: Dullness/Uneven Texture|Best for Dry, Combo, Normal Skin|Best for Oily, Combo, Normal Skin|Without Silicones|Without Parabens"
P385262,Ultimate Sun Protection Spray Broad Spectrum SPF 50+ For Face/Body,Shiseido,Sunscreen,40,3.8175,137,17778,
P433618,Clarifying Cleansing Foam,Shiseido,Cleansers,36,4.2455,110,12520,"Good for: Dullness/Uneven Texture|Good for: Dryness|Best for Dry, Combo, Normal Skin|Hyaluronic Acid|Alcohol Free|Without Silicones"
P378219,White Lucent Power Brightening Mask,Shiseido,Masks,72,4.2532,79,13301,
P173622,Benefiance Pure Retinol Intensive Revitalizing Face Mask,Shiseido,Masks,70,4.45,60,11355,
P482740,Mini Urban Environment Oil-Free Sunscreen Broad-Spectrum SPF 42,Shiseido,Sunscreen,35,4.4348,46,6680,Without Oxybenzone|Hyaluronic Acid|Good for: Anti-Aging|Good for: Dryness|Oil Free|SPF
P433617,Deep Cleansing Foam,Shiseido,Cleansers,36,4.1957,46,6015,
P423165,Future Solution LX Eye and Lip Contour Regenerating Cream,Shiseido,Eye Care,155,4.0833,36,6410,Good for: Loss of firmness|Good for: Dark Circles|Good for: Anti-Aging|Good for: Dryness
P202935,Benefiance NutriPerfect Night Cream,Shiseido,Moisturizers,97,4.4722,36,5520,Good for: Anti-Aging|Good for: Loss of firmness|Good for: Dullness/Uneven Texture|Good for: Dryness|Hyaluronic Acid|Vitamin C
P428423,Refreshing Cleansing Sheets,Shiseido,Cleansers,20,4.1765,34,5363,
P443375,White Lucent Brightening Gel Cream,Shiseido,Moisturizers,75,3.4848,33,6154,"Good for: Dullness/Uneven Texture|Good for: Dark spots|Good for: Dryness|Vitamin C|Best for Dry, Combo, Normal Skin|Best for Oily, Combo, Normal Skin"
P428422,Oil Control Blotting Paper,Shiseido,Cleansers,20,3.9697,33,4649,
P433621,Treatment Softener Enriched,Shiseido,Moisturizers,50,4.3077,26,5752,
P423164,Future Solution LX Extra Rich Cleansing Foam,Shiseido,Cleansers,65,4.3043,23,5098,
P455421,Complete Cleansing Microfoam,Shiseido,Cleansers,36,4.087,23,2716,
P443376,White Lucent Overnight Cream & Mask,Shiseido,Moisturizers,110,3.2727,22,3749,"Good for: Dullness/Uneven Texture|Good for: Dark spots|Good for: Dryness|Vitamin C|Best for Dry, Combo, Normal Skin|Best for Oily, Combo, Normal Skin"
P433619,Extra Rich Cleansing Milk,Shiseido,Cleansers,36,4.2381,21,4643,
P457854,Vital Perfection Uplifting and Firming Cream Day Cream,Shiseido,Moisturizers,140,4.5263,19,2959,"Good for: Dullness/Uneven Texture|Good for: Loss of firmness|Good for: Anti-Aging|Best for Oily, Combo, Normal Skin"
P423163,Future Solution LX Concentrated Balancing Softener,Shiseido,Moisturizers,110,4.9375,16,4608,
P443377,White Lucent Day Emulsion Broad Spectrum SPF 23,Shiseido,Sunscreen,75,3.5,16,3128,
P423169,Future Solution LX Total Regenerating Cream,Shiseido,Moisturizers,290,3.75,12,2632,Good for: Dullness/Uneven Texture|Good for: Loss of firmness|Good for: Anti-Aging|Good for: Dryness
P433620,Treatment Softener,Shiseido,Moisturizers,50,3.25,12,1957,
P484076,Ultimate Sun Protector SPF 50+ Sunscreen Duo,Shiseido,Value & Gift Sets,66,4.4,10,7247,"Best for Normal Skin|allure 2020 Best of Beauty Award Winner|Best for Dry Skin|Good for: Dryness|SPF|Best for Dry, Combo, Normal Skin"
P463951,Mini Benefiance Wrinkle Smoothing Cream Enriched,Shiseido,Mini Size,30,3.7143,7,4039,Best for Dry Skin|Good for: Anti-Aging|Without Phthalates|Good for: Dryness|Without Parabens|Without Sulfates SLS & SLES
P463106,Vital Perfection Uplifting and Firming Eye Cream,Shiseido,Eye Care,85,4,5,2649,
P423166,Future Solution LX Intensive Firming Contour Serum,Shiseido,Treatments,310,4.4,5,1898,
P455229,White Lucent Illuminating Micro-Spot Serum,Shiseido,Treatments,185,3,2,2501,
P423167,Future Solution LX Total Protective Cream Broad Spectrum SPF 20 Sunscreen,Shiseido,Sunscreen,270,5,2,1874,
P423168,Future Solution LX Total Protective Emulsion Broad Spectrum SPF 20 Sunscreen,Shiseido,Sunscreen,270,4,2,636,
P468406,Vital Perfection Intensive WrinkleSpot Treatment,Shiseido,Treatments,100,,,2248,Without Phthalates|Without Parabens|Retinol|Good for: Loss of firmness|Good for: Dark spots|Good for: Anti-Aging
P504302,Wrinkle Correcting Skincare Set,Shiseido,Value & Gift Sets,64,,,1191,"Best for Normal Skin|Best for Combination Skin|Best for Dry Skin|Good for: Anti-Aging|Good for: Dryness|Best for Dry, Combo, Normal Skin"
P504291,Daily Hydrating Sun Protection Set,Shiseido,Value & Gift Sets,52,,,1171,"Hyaluronic Acid|Good for: Anti-Aging|Good for: Dryness|Best for Oily, Combo, Normal Skin|SPF|Best for Dry, Combo, Normal Skin"
P505280,Wrinkle Smoothing Starter Set,Shiseido,Value & Gift Sets,39,,,446,Best for Normal Skin|Good for: Dullness/Uneven Texture|Best for Dry Skin|Good for: Anti-Aging|Good for: Dryness|Niacinamide
P505265,Eudermine Activating Essence,Shiseido,Moisturizers,90,,,386,Good for: Dullness/Uneven Texture|Hyaluronic Acid|Good for: Pores|Vitamin C|Good for: Dryness|Good for: Dark spots
P504324,Ultimune Eye Power Infusing Eye Concentrate,Shiseido,Eye Care,70,,,13,"Good for: Dullness/Uneven Texture|Good for: Dark Circles|Good for: Anti-Aging|Good for: Dryness|Best for Oily, Combo, Normal Skin|Best for Dry, Combo, Normal Skin"
P468407,Vital Perfection Uplifting and Firming Day Cream SPF 30,Shiseido,Moisturizers,140,,,0,"Good for: Dullness/Uneven Texture|Good for: Loss of firmness|Good for: Anti-Aging|Best for Oily, Combo, Normal Skin"
P375849,Facial Treatment Essence (Pitera Essence),SK-II,Moisturizers,245,4.081,2951,112101,allure 2020 Best of Beauty Award Winner|Lactic Acid|Good for: Pores|AHA/Glycolic Acid|Good for: Dryness|Salicylic Acid
P426183,Mini Facial Treatment Essence (Pitera Essence),SK-II,Moisturizers,99,4.0807,2949,49032,allure 2020 Best of Beauty Award Winner|Good for: Dullness/Uneven Texture|Good for: Loss of firmness|Good for: Anti-Aging|Good for: Dryness|Niacinamide
P375853,Facial Treatment Clear Lotion Toner,SK-II,Cleansers,80,4.0959,1001,24003,"Good for: Dullness/Uneven Texture|Good for: Loss of firmness|Good for: Anti-Aging|Best for Dry, Combo, Normal Skin|Good for: Dark spots|Niacinamide"
P375850,Facial Treatment Cleanser,SK-II,Cleansers,75,4.1306,919,14027,"Good for: Dullness/Uneven Texture|Good for: Anti-Aging|Best for Dry, Combo, Normal Skin"
P468409,SKINPOWER Airy Milky Lotion,SK-II,Moisturizers,170,4.2647,831,2114,Best for Dry Skin|Good for: Loss of firmness|Good for: Pores|Good for: Anti-Aging|Good for: Dryness|Niacinamide
P468408,SKINPOWER Eye Cream,SK-II,Eye Care,145,4.3226,747,3246,Best for Dry Skin|Good for: Loss of firmness|Good for: Pores|Good for: Anti-Aging|Niacinamide
P468411,SKINPOWER Cream,SK-II,Moisturizers,255,4.1878,442,3361,Good for: Loss of firmness|Plumping|Hydrating|Good for: Anti-Aging|allure 2021 Best of Beauty Award Winner|Good for: Dryness
P375852,Pitera Facial Treatment Mask,SK-II,Masks,145,4.2972,434,65151,"Good for: Dullness/Uneven Texture|Good for: Pores|Good for: Dryness|Best for Dry, Combo, Normal Skin"
P410756,GenOptics Aura Essence Serum,SK-II,Moisturizers,245,4.0758,132,16102,"Good for: Dullness/Uneven Texture|Good for: Anti-Aging|Best for Dry, Combo, Normal Skin|Good for: Dark spots|Niacinamide"
P410755,GenOptics Spot Essence Serum,SK-II,Moisturizers,225,4.1346,104,4899,"Good for: Dullness/Uneven Texture|Good for: Loss of firmness|Good for: Anti-Aging|Good for: Dryness|Best for Dry, Combo, Normal Skin"
P447773,PITERA First Experience Kit,SK-II,Value & Gift Sets,99,3.9146,82,30424,Good for: Dullness/Uneven Texture|Best for Dry Skin|Good for: Loss of firmness|Good for: Pores|Good for: Anti-Aging|Niacinamide
P375864,Brightening Derm Revival Mask,SK-II,Masks,170,4.4194,62,7740,"Good for: Redness|Good for: Dullness/Uneven Texture|Good for: Dryness|Best for Dry, Combo, Normal Skin|Good for: Dark spots|Niacinamide"
P375854,Ultimate Revival Cream,SK-II,Moisturizers,400,4.4667,60,3031,"Good for: Redness|Good for: Dullness/Uneven Texture|Good for: Pores|Good for: Anti-Aging|Best for Dry, Combo, Normal Skin"
P468412,Pitera Power Kit,SK-II,Value & Gift Sets,110,4.0588,17,8972,allure 2020 Best of Beauty Award Winner|Good for: Dullness/Uneven Texture|Good for: Loss of firmness|Good for: Anti-Aging|Good for: Dryness|Good for: Dark spots
P428103,Ultimate Revival Essence,SK-II,Moisturizers,315,4.5455,11,3863,"Good for: Dullness/Uneven Texture|Good for: Loss of firmness|Good for: Anti-Aging|Best for Dry, Combo, Normal Skin"
P468410,SKINPOWER Essence Serum,SK-II,Moisturizers,205,4,6,1721,"Good for: Dullness/Uneven Texture|Good for: Loss of firmness|Good for: Anti-Aging|Good for: Dryness|Best for Dry, Combo, Normal Skin|Niacinamide"
P416312,Gentle Foaming Face Wash,Skin Laundry,Cleansers,20,4.2526,194,7009,
P416589,Wrinkle Release Facial Sheet Mask,Skin Laundry,Masks,12,4.5,8,2931,
P416588,Wrinkle Release Neck & Chest Sheet Mask,Skin Laundry,Masks,15,3.25,4,2226,
P442840,Barrier+ Triple Lipid-Peptide Face Cream,Skinfix,Moisturizers,54,4.2924,2449,206494,Vegan|Hyaluronic Acid|allure 2019 Best of Beauty Award Winner|Clean + Planet Positive|Fragrance Free|Gluten Free
P479860,Mini Barrier+ Triple Lipid-Peptide Face Cream,Skinfix,Moisturizers,20,4.2924,2449,33646,Vegan|Hyaluronic Acid|allure 2019 Best of Beauty Award Winner|Clean + Planet Positive|Fragrance Free|Gluten Free
P442836,Barrier+ Foaming Oil Hydrating Cleanser,Skinfix,Cleansers,30,4.5791,993,56605,Vegan|Clean + Planet Positive|allure 2018 Best of Beauty Award Winner|Hydrating|Fragrance Free|Gluten Free
P442838,Barrier+ Triple Lipid-Boost 360° Brightening Eye Cream,Skinfix,Eye Care,44,4.3169,934,39524,Vegan|Clean + Planet Positive|Fragrance Free|Gluten Free|Cruelty-Free
P481739,Barrier+ Skin Barrier Niacinamide Restoring Gel Cream,Skinfix,Moisturizers,48,4.5273,768,43004,Clean + Planet Positive|Hydrating|Fragrance Free|Good for: Acne/Blemishes|Good for: Dryness|Niacinamide
P442839,Barrier+ Triple Lipid-Peptide Lotion Moisturizer,Skinfix,Moisturizers,42,4.6503,569,25515,Vegan|Best for Combination Skin|Clean + Planet Positive|Hydrating|Fragrance Free|Gluten Free
P471101,Resurface+ AHA/BHA Niacinamide Exfoliating Pads for Face and Targeted Body,Skinfix,Treatments,50,4.3713,501,27625,Clean + Planet Positive|Fragrance Free|Salicylic Acid|Good for: Acne/Blemishes|Niacinamide
P442843,Eczema+ Dermatitis Face Balm,Skinfix,Moisturizers,29,4.2109,460,16974,"Clean + Planet Positive|Hydrating|Good for: Dryness|Best for Dry, Combo, Normal Skin|Gluten Free"
P503668,Barrier+ Triple Lipid + Collagen + Niacinamide Activating Serum,Skinfix,Treatments,69,4.8242,455,20730,Clean + Planet Positive|Plumping|Collagen|Good for: Anti-Aging|Good for: Dryness|Niacinamide
P476415,Acne+ 2% BHA + Azelaic Acid + Niacinamide + AHA Cleanser,Skinfix,Cleansers,35,4.5648,432,36209,Good for: Redness|Good for: Pores|Clean + Planet Positive|Good for: Acne/Blemishes|Salicylic Acid|Niacinamide
P479348,Acne+ 2% BHA and Azelaic Acid Acne Spot Treatment,Skinfix,Treatments,30,4.6306,425,26189,allure 2022 Best of Beauty Award Winner|Good for: Redness|Clean + Planet Positive|Good for: Acne/Blemishes|Salicylic Acid|Niacinamide
P442837,Barrier+ Triple Lipid-Hyaluronate Serum,Skinfix,Treatments,50,4.6381,420,24567,Vegan|Hyaluronic Acid|Clean + Planet Positive|Hydrating|Good for: Anti-Aging|Fragrance Free
P505049,barrier+ Triple Lipid + Collagen Brightening Eye Treatment,Skinfix,Eye Care,54,4.7984,258,2065,Good for: Loss of firmness|Clean + Planet Positive|Good for: Dark Circles|Hydrating|Collagen|Niacinamide
P442850,Redness Recovery+ Antioxidant Redness Treatment Overnight Mask,Skinfix,Masks,52,4.1577,241,19905,"Good for: Redness|Clean + Planet Positive|Fragrance Free|Best for Dry, Combo, Normal Skin|Gluten Free|Cruelty-Free"
P446916,Eczema+ Care Kit,Skinfix,Value & Gift Sets,35,4.2,115,9573,Good for: Redness|Clean + Planet Positive|Hydrating|Fragrance Free|Good for: Dryness|Without Parabens
P502169,Barrier+ Besties Hydrating and Nourishing Kit,Skinfix,Value & Gift Sets,40,4.7162,74,10557,Vegan|Hyaluronic Acid|Fragrance Free|Cruelty-Free
P448562,Barrier+ Foaming Clay Cleanser,Skinfix,Cleansers,32,4.4493,69,9256,"Vegan|Good for: Pores|Clean + Planet Positive|Best for Oily, Combo, Normal Skin|Without Parabens|Gluten Free"
P442841,Barrier+ Lip Repair Balm,Skinfix,Lip Balms & Treatments,15,3.0462,65,10271,Plumping|Clean + Planet Positive|Hydrating|Fragrance Free|Good for: Dryness|Cruelty-Free
P502192,Acne Away Kit + Salicylic Acid + Azelaic Acid + Niacinamide,Skinfix,Value & Gift Sets,35,4,1,3945,Good for: Pores|Clean + Planet Positive|AHA/Glycolic Acid|Good for: Acne/Blemishes|Salicylic Acid|Niacinamide
P402944,Silk Pillowcase - Standard/Queen,Slip,Wellness,89,4.0094,427,136640,Good for: Anti-Aging|All Hair Types
P402942,Silk Sleepmask,Slip,Wellness,50,3.7778,171,45835,
P402943,Silk Pillowcase - King,Slip,Wellness,110,3.8256,86,25496,Good for: Anti-Aging|All Hair Types
P477761,Lovely Lashes Contour Sleep Mask,Slip,Wellness,55,4,8,3771,
P447213,4.5% Retinol Serum,SOBEL SKIN Rx,Treatments,105,4.4459,148,6274,allure 2020 Best of Beauty Award Winner|Good for: Loss of firmness|Good for: Pores|Clean at Sephora|Retinol|Good for: Anti-Aging
P451748,15% Niacinamide Gel Serum,SOBEL SKIN Rx,Treatments,75,4.1591,132,1702,Good for: Loss of firmness|Good for: Dark Circles|Clean at Sephora|Good for: Anti-Aging|Niacinamide|Cruelty-Free
P451745,30% Glycolic Acid Peel Concentrate,SOBEL SKIN Rx,Treatments,46,4.125,24,3924,Good for: Dullness/Uneven Texture|Good for: Pores|Clean at Sephora|AHA/Glycolic Acid|Cruelty-Free
P451750,Oligo Peptide Eye Cream,SOBEL SKIN Rx,Eye Care,65,4.5,6,1832,Hyaluronic Acid|Good for: Dark Circles|Clean at Sephora|Good for: Anti-Aging|Cruelty-Free
P477706,35% Vitamin C Fusion Serum,SOBEL SKIN Rx,Treatments,105,5,3,906,"Good for: Dullness/Uneven Texture|Vitamin C|Clean at Sephora|Best for Oily, Combo, Normal Skin|Good for: Dark spots|Cruelty-Free"
P504698,Bio Hyaluronic Moisturizer Cream,SOBEL SKIN Rx,Moisturizers,95,,,5,Hyaluronic Acid|Good for: Loss of firmness|Hydrating|Good for: Anti-Aging
P415747,Brazilian Kiss Cupuaçu Lip Butter,Sol de Janeiro,Lip Balms & Treatments,18,4.1304,1350,118586,Natural Finish|Warm &Spicy Scent|Good for: Dryness|Without Parabens|Cruelty-Free
P504517,Brightening Eye Cream Mineral SPF 15 with Peptides,Soleil Toujours,Eye Care,68,4.8667,15,1880,Vegan|Without Oxybenzone|Clean + Planet Positive|Good for: Dark Circles|Good for: Anti-Aging|Reef Safe SPF
P504509,Hydra Lip Masque Mineral SPF 15 with Peptides,Soleil Toujours,Lip Balms & Treatments,26,4.6667,12,1420,Without Oxybenzone|Natural Finish|Clean + Planet Positive|Plumping|Good for: Dryness|Reef Safe SPF
P504515,Daily Defense Moisturizer Mineral SPF 60 with Vitamin C,Soleil Toujours,Moisturizers,58,3.8,10,1375,Vegan|Without Oxybenzone|Clean + Planet Positive|Hydrating|Waterproof|Reef Safe SPF
P481831,Tan Tonic Glow Drops,St. Tropez,Self Tanners,42,4.6686,1053,11386,Plumping|Customizable|Niacinamide|Hyaluronic Acid|Vegan|Cruelty-Free
P407450,Self Tan Classic Bronzing Mousse,St. Tropez,Self Tanners,34,4.2602,515,28627,Good for: Dullness/Uneven Texture|Natural Finish|Medium Coverage|Cruelty-Free|Vegan
P481830,Self-Tan Luxe Whipped Crème Mousse,St. Tropez,Self Tanners,48,4.6335,502,7559,Vegan|Hyaluronic Acid|Hydrating|Fresh Scent|Niacinamide|Cruelty-Free
P407448,Self Tan Express Bronzing Mousse,St. Tropez,Self Tanners,46,4.1109,442,27207,Vegan|allure 2020 Best of Beauty Award Winner|Natural Finish|Good for: Dullness/Uneven Texture|Customizable|Cruelty-Free
P456206,Self Tan Purity Vitamins Bronzing Water Body Mist,St. Tropez,Self Tanners,45,4.3905,402,10541,Radiant Finish|Vitamin C|Hyaluronic Acid|Cruelty-Free|Vegan
P432262,Self Tan Purity Bronzing Water Face Mist,St. Tropez,Self Tanners,33,3.88,400,33699,Natural Finish|Light Coverage|Hyaluronic Acid|allure 2020 Best of Beauty Award Winner|Cruelty-Free|Vegan
P481832,Gradual Tan Watermelon Daily Firming Lotion,St. Tropez,Self Tanners,29,4.3238,386,4749,Hyaluronic Acid|Good for: Loss of firmness|Hydrating|Fresh Scent|Clean at Sephora|Cruelty-Free
P456400,Double Sided Luxe Tan Applicator Mitt,St. Tropez,Self Tanners,9,4.5556,378,25187,
P429683,Self Tan Purity Bronzing Water Mousse,St. Tropez,Self Tanners,44,3.8312,160,9236,Hydrating|Natural Finish|Light Coverage|Cruelty-Free|Vegan
P419466,Tan Build Up Remover Mitt,St. Tropez,Self Tanners,9,4.9492,59,10899,
P442747,Self Tan Purity Water Gel,St. Tropez,Self Tanners,44,3.3103,58,1821,
P456204,Purity Tanning Waters Mini Kit,St. Tropez,Value & Gift Sets,25,3.2,30,8774,Hyaluronic Acid|Light Coverage|Natural Finish|Without Parabens|Cruelty-Free|Vegan
P456401,Self Tan Express Bronzing Gel,St. Tropez,Self Tanners,46,3.4783,23,2845,Natural Finish|Customizable|Hyaluronic Acid|Cruelty-Free|Vegan
P456203,Self Tan Express Starter Kit,St. Tropez,Value & Gift Sets,20,3.5263,19,5979,"Vegan|allure 2020 Best of Beauty Award Winner|Natural Finish|Customizable|Best for Oily, Combo, Normal Skin|Cruelty-Free"
P482318,Gradual Tan Tinted Daily Firming Lotion,St. Tropez,Self Tanners,29,2.75,16,1397,Radiant Finish|Hyaluronic Acid|Good for: Loss of firmness|Hydrating|Clean at Sephora|Cruelty-Free
P483691,Gradual Tan Classic Daily Youth Boosting Cream,St. Tropez,Self Tanners,29,5,1,1740,Good for: Dullness/Uneven Texture|Hyaluronic Acid|Good for: Loss of firmness|Hydrating|Clean at Sephora|Cruelty-Free
P474113,TL Advanced  Tightening Neck Cream PLUS for Firming & Brightening,StriVectin,Moisturizers,95,4.0392,153,10042,Good for: Anti-Aging|Good for: Loss of firmness|Good for: Dullness/Uneven Texture|Good for: Dark spots|Without Parabens
P474117,Mini TL Advanced  Tightening Neck Cream PLUS for Firming & Brightening,StriVectin,Moisturizers,15,4.0392,153,7539,Good for: Anti-Aging|Good for: Loss of firmness|Good for: Dullness/Uneven Texture|Good for: Dark spots|Without Parabens
P474110,Super-C Retinol Brighten & Correct Vitamin C Serum,StriVectin,Treatments,72,4.6491,114,11839,Good for: Dullness/Uneven Texture|Vitamin C|Good for: Anti-Aging|Retinol|Good for: Dark spots
P474121,SD Advanced  PLUS Intensive Moisturizer For Wrinkles & Stretch Marks,StriVectin,Moisturizers,82,4.6848,92,3783,Good for: Anti-Aging|Good for: Dryness|Hyaluronic Acid|Without Parabens
P474109,Daily Reveal  Exfoliating Face Pads with AHA + BHA + PHA + TXA,StriVectin,Treatments,45,4.75,64,7120,"Best for Oily, Combo, Normal Skin|Good for: Pores|Good for: Dullness/Uneven Texture|Good for: Dark spots|AHA/Glycolic Acid"
P474122,Advanced Retinol Nightly Renewal Face Moisturizer with Retinol,StriVectin,Moisturizers,119,4.7813,64,4940,Good for: Dullness/Uneven Texture|Good for: Loss of firmness|Retinol|Good for: Anti-Aging|Good for: Dryness
P474111,Super-C SPF 30 Vitamin C Face Moisturizer,StriVectin,Moisturizers,69,4.6538,52,2182,Without Oxybenzone|Good for: Dullness/Uneven Texture|Vitamin C|Good for: Anti-Aging|SPF
P480191,Contour Restore Tightening & Sculpting Moisturizing Face Cream,StriVectin,Moisturizers,99,4.7708,48,2824,Cruelty-Free|Good for: Loss of firmness|Good for: Dryness|Good for: Anti-Aging|Plumping|Without Parabens
P474116,Peptight  360˚ Tightening Eye Serum,StriVectin,Eye Care,72,4.4894,47,6166,Good for: Loss of firmness|Good for: Dark Circles|Good for: Anti-Aging|Fragrance Free|Without Parabens
P474115,Peptight  Tightening & Brightening Face Serum,StriVectin,Treatments,99,4.8085,47,3033,Good for: Dullness/Uneven Texture|Good for: Loss of firmness|Good for: Anti-Aging|Without Parabens|Good for: Dark spots
P474107,Hyaluronic Tripeptide Gel-Cream for Eyes,StriVectin,Eye Care,65,4.6889,45,3261,Good for: Dark Circles|Good for: Loss of firmness|Good for: Dryness|Good for: Anti-Aging|Hyaluronic Acid
P481743,Peptight Tightening Neck Serum Roller,StriVectin,High Tech Tools,79,4.7955,44,9271,"Good for: Loss of firmness|Good for: Dullness/Uneven Texture|Good for: Anti-Aging|Liquid Formula|Best for Oily, Combo, Normal Skin|Cruelty-Free"
P481742,Advanced Retinol Daily Repair Face Moisturizer Broad Spectrum SPF 30,StriVectin,Moisturizers,99,4.7143,42,1162,"Good for: Anti-Aging|Good for: Dullness/Uneven Texture|Good for: Dryness|Cream Formula|Best for Oily, Combo, Normal Skin|Cruelty-Free"
P504050,Advanced Retinol Nightly Multi Correct Serum,StriVectin,Treatments,99,4.7857,42,855,"Good for: Dullness/Uneven Texture|Cream Formula|Good for: Loss of firmness|Good for: Anti-Aging|Retinol|Best for Dry, Combo, Normal Skin"
P474118,Intensive Eye Cream Concentrate for Wrinkles PLUS,StriVectin,Eye Care,72,4.425,40,5072,Good for: Anti-Aging|Good for: Dark Circles|Good for: Loss of firmness|Fragrance Free|Without Parabens
P502758,Super-C Dark Circle Brightening Eye Serum,StriVectin,Eye Care,65,4.55,40,1322,Good for: Dullness/Uneven Texture|Vitamin C|Good for: Dark Circles|Hydrating|Without Parabens|Cruelty-Free
P474125,The Gamechangers,StriVectin,Value & Gift Sets,79,4.68,25,2820,Good for: Anti-Aging|Good for: Loss of firmness|Good for: Dryness|Without Parabens
P474114,Power Starters Tightening Trio,StriVectin,Value & Gift Sets,89,4.5263,19,3322,Good for: Loss of firmness|Good for: Anti-Aging|Good for: Dryness|Good for: Dullness/Uneven Texture|Without Parabens
P505378,Multi Action Clear Acne Control 30-Day Trial Kit,StriVectin,Value & Gift Sets,39,4.875,8,43,"Good for: Dullness/Uneven Texture|Good for: Pores|Good for: Acne/Blemishes|Without Parabens|Best for Oily, Combo, Normal Skin|Niacinamide"
P505381,Multi Action Clear Gentle Daily Brightening & Retexturizing Toner for Acne and Breakouts,StriVectin,Cleansers,39,5,3,23,"Good for: Dullness/Uneven Texture|Good for: Pores|Good for: Acne/Blemishes|Without Parabens|Best for Oily, Combo, Normal Skin|Niacinamide"
P505392,Multi Action Clear Acne Clearing Treatment Lotion for Breakouts,StriVectin,Treatments,49,5,1,13,"Good for: Dullness/Uneven Texture|Good for: Pores|Good for: Acne/Blemishes|Without Parabens|Best for Oily, Combo, Normal Skin|Niacinamide"
P505379,Multi Action Clear Gentle Daily Clarifying Cleanser for Acne and Breakouts,StriVectin,Cleansers,29,,,23,"Good for: Dullness/Uneven Texture|Good for: Pores|Good for: Acne/Blemishes|Without Parabens|Best for Oily, Combo, Normal Skin|Niacinamide"
P469538,Anti-Aging First Care Activating Serum,Sulwhasoo,Treatments,89,4.5707,976,25847,Good for: Dullness/Uneven Texture|Best for Dry Skin|Good for: Loss of firmness|Good for: Anti-Aging|Good for: Dryness|Without Parabens
P476729,Mini First Care Activating Serum,Sulwhasoo,Mini Size,25,4.5707,976,11881,Good for: Dullness/Uneven Texture|Best for Dry Skin|Good for: Loss of firmness|Good for: Anti-Aging|Good for: Dryness|Without Parabens
P505346,First Care Activating Serum 25th Anniversary Limited Edition,Sulwhasoo,Treatments,110,4.5825,958,399,Good for: Dullness/Uneven Texture|Best for Dry Skin|Good for: Loss of firmness|Good for: Anti-Aging|Good for: Dryness|Without Parabens
P450633,Gentle Cleansing Oil Makeup Remover,Sulwhasoo,Cleansers,40,4.4532,406,31523,"Hydrating|Without Mineral Oil|Good for: Dryness|Without Parabens|Best for Dry, Combo, Normal Skin|Without Sulfates SLS & SLES"
P476730,Mini Gentle Cleansing Oil Makeup Remover,Sulwhasoo,Mini Size,13,4.4532,406,23559,"Hydrating|Without Mineral Oil|Good for: Dryness|Without Parabens|Best for Dry, Combo, Normal Skin|Without Sulfates SLS & SLES"
P481833,Concentrated Ginseng Renewing Cream,Sulwhasoo,Moisturizers,260,4.4766,342,3616,"Cream Formula|Good for: Loss of firmness|Good for: Anti-Aging|Without Phthalates|Good for: Dryness|Best for Dry, Combo, Normal Skin"
P469537,Bestsellers Trial Kit,Sulwhasoo,Value & Gift Sets,58,4.702,302,26274,"Good for: Dullness/Uneven Texture|Hydrating|Good for: Dryness|Without Parabens|Best for Dry, Combo, Normal Skin|Without Sulfates SLS & SLES"
P450632,Gentle Cleansing Foam Hydrating Makeup Remover,Sulwhasoo,Cleansers,38,4.5596,277,22064,"Hydrating|Good for: Dryness|Hypoallergenic|Without Parabens|Best for Dry, Combo, Normal Skin|Without Sulfates SLS & SLES"
P476731,Mini Gentle Cleansing Foam Hydrating Makeup Remover,Sulwhasoo,Mini Size,12,4.5596,277,12981,"Hydrating|Good for: Dryness|Hypoallergenic|Without Parabens|Best for Dry, Combo, Normal Skin|Without Sulfates SLS & SLES"
P483708,Mini Essential Comfort Firming Cream,Sulwhasoo,Moisturizers,28,4.5019,257,3008,"Good for: Dullness/Uneven Texture|Good for: Loss of firmness|Good for: Anti-Aging|Good for: Dryness|Without Parabens|Best for Dry, Combo, Normal Skin"
P483692,Essential Comfort Firming Cream,Sulwhasoo,Moisturizers,120,4.5019,257,2534,"Best for Dry, Combo, Normal Skin|Good for: Loss of firmness|Good for: Anti-Aging|Good for: Dryness|Good for: Dullness/Uneven Texture|Without Parabens"
P502395,Concentrated Ginseng Renewing Serum,Sulwhasoo,Treatments,210,4.6972,142,1645,Good for: Loss of firmness|Hydrating|Good for: Anti-Aging|Without Phthalates|Good for: Dryness|Without Parabens
P475172,Overnight Vitalizing Mask,Sulwhasoo,Masks,54,4.717,106,12664,Good for: Dullness/Uneven Texture|Best for Dry Skin|Hydrating|Good for: Dryness|Without Parabens|Without Sulfates SLS & SLES
P481834,Concentrated Ginseng Renewing Cream Classic,Sulwhasoo,Moisturizers,260,4.8,60,1615,"Good for: Dullness/Uneven Texture|Good for: Loss of firmness|Good for: Anti-Aging|Without Phthalates|Good for: Dryness|Best for Dry, Combo, Normal Skin"
P463110,Clarifying Peel Off Mask,Sulwhasoo,Masks,45,4.5,10,2963,
P483694,Essential Comfort Balancing Water,Sulwhasoo,Moisturizers,68,5,4,3539,"Hyaluronic Acid|Liquid Formula|Hydrating|Good for: Dryness|Without Parabens|Best for Dry, Combo, Normal Skin"
P463109,Overnight Vitalizing Sleeping Mask,Sulwhasoo,Masks,54,3.25,4,259,Good for: Dullness/Uneven Texture|Best for Dry Skin|Hydrating|Good for: Dryness|Without Parabens|Without Sulfates SLS & SLES
P502448,Concentrated Ginseng Renewing Eye Cream,Sulwhasoo,Eye Care,140,4.3333,3,3126,Good for: Dullness/Uneven Texture|Good for: Loss of firmness|Hydrating|Good for: Anti-Aging
P483693,Essential Comfort Moisture Cream,Sulwhasoo,Moisturizers,80,5,3,2324,"Hyaluronic Acid|Good for: Loss of firmness|Good for: Dryness|Without Parabens|Best for Dry, Combo, Normal Skin"
P501175,White Ginseng Radiance Refining Mask,Sulwhasoo,Masks,68,5,1,1769,"Good for: Dullness/Uneven Texture|Hydrating|Good for: Dryness|Without Parabens|Best for Dry, Combo, Normal Skin"
P483086,Essential Comfort Balancing Emulsion,Sulwhasoo,Moisturizers,72,4,1,923,Good for: Dullness/Uneven Texture|Hydrating|Without Phthalates|Good for: Dryness|Hypoallergenic|Without Parabens
P502474,Concentrated Ginseng Renewing Rescue Ampoule,Sulwhasoo,Treatments,130,,,1085,Good for: Dullness/Uneven Texture|Good for: Loss of firmness|Hydrating|Good for: Anti-Aging
P502381,Concentrated Ginseng Renewing Sheet Masks,Sulwhasoo,Masks,120,,,1048,Good for: Dullness/Uneven Texture|Good for: Loss of firmness|Hydrating|Good for: Anti-Aging
P505270,First Care Radiance Set,Sulwhasoo,Value & Gift Sets,95,,,352,"Good for: Dullness/Uneven Texture|Good for: Loss of firmness|Good for: Dryness|Best for Dry, Combo, Normal Skin|Without Sulfates SLS & SLES"
P505358,Concentrated Ginseng Renewing Cream Set,Sulwhasoo,Value & Gift Sets,260,,,74,"Good for: Dullness/Uneven Texture|Good for: Loss of firmness|Hydrating|Good for: Dryness|Best for Dry, Combo, Normal Skin"
P429952,Jet Lag Mask,Summer Fridays,Masks,49,4.0262,4427,245435,Vegan|Hyaluronic Acid|Hydrating|Clean at Sephora|Fragrance Free|Good for: Dryness|Niacinamide|Cruelty-Free
P480630,Mini Jet Lag Mask,Summer Fridays,Masks,26,4.0262,4427,2900,Vegan|Hyaluronic Acid|Hydrating|Clean at Sephora|Fragrance Free|Good for: Dryness|Niacinamide|Cruelty-Free
P455936,Lip Butter Balm,Summer Fridays,Lip Balms & Treatments,24,4.2662,1157,359649,"Vegan|Plumping|Clean at Sephora|Hydrating|Good for: Dryness|Best for Oily, Combo, Normal Skin|Cruelty-Free"
P449180,CC Me Vitamin C + Niacinamide Serum,Summer Fridays,Treatments,68,4.0893,896,80956,Vegan|Good for: Dullness/Uneven Texture|Vitamin C|Good for: Anti-Aging|Good for: Dark spots|Niacinamide
P466153,Cloud Dew Gel Cream Moisturizer,Summer Fridays,Moisturizers,45,4.4613,646,51838,"Vegan|Good for: Dullness/Uneven Texture|Hyaluronic Acid|Clean at Sephora|Good for: Dryness|Best for Dry, Combo, Normal Skin"
P479125,Mini Cloud Dew Oil-Free Gel Cream,Summer Fridays,Moisturizers,17,4.4613,646,12092,Best for Normal Skin|Plumping|Hydrating|Clean at Sephora|Good for: Dryness
P436387,Overtime Mask,Summer Fridays,Masks,49,4.4087,531,68583,
P440504,R + R Mask,Summer Fridays,Masks,54,3.7972,493,47304,
P482074,Dream Oasis Deep Hydration Serum,Summer Fridays,Treatments,44,4.7361,485,41405,"Good for: Redness|Hyaluronic Acid|Clean at Sephora|Fragrance Free|Good for: Dryness|Best for Oily, Combo, Normal Skin"
P480192,Light Aura Vitamin C + Peptide Eye Cream,Summer Fridays,Eye Care,42,4.3596,381,40911,"Vegan|Good for: Loss of firmness|Vitamin C|Good for: Dark Circles|Best for Dry, Combo, Normal Skin|Niacinamide"
P455242,Super Amino Gel Cleanser,Summer Fridays,Cleansers,35,4.0833,312,30871,"Vegan|Good for: Dullness/Uneven Texture|Hydrating|Clean at Sephora|Good for: Dryness|Best for Dry, Combo, Normal Skin"
P503827,Midnight Ritual Retinol Renewal Serum,Summer Fridays,Treatments,69,4.7588,228,14766,Vegan|Good for: Dullness/Uneven Texture|Clean at Sephora|Retinol|Good for: Anti-Aging|Niacinamide
P476028,Heavenly Sixteen All-In-One Face Oil,Summer Fridays,Moisturizers,55,4.4507,213,46744,Vegan|Good for: Dullness/Uneven Texture|Good for: Loss of firmness|Plumping|Hydrating|Fragrance Free
P309308,Good Genes All-In-One AHA Lactic Acid Treatment,Sunday Riley,Treatments,122,4.3375,5393,262434,Good for: Dullness/Uneven Texture|Lactic Acid|Community Favorite|Good for: Pores|Good for: Dark Circles|Cruelty-Free
P393718,Luna Sleeping Retinoid Night Oil,Sunday Riley,Moisturizers,105,4.0827,2442,174483,Good for: Anti-Aging|Good for: Pores|Good for: Dullness/Uneven Texture|Retinol|Vegan|Cruelty-Free
P410400,U.F.O. Salicylic Acid BHA Acne Treatment Face Oil,Sunday Riley,Moisturizers,80,4.135,2281,123202,"Best for Oily, Combo, Normal Skin|Good for: Acne/Blemishes|Good for: Pores|Salicylic Acid|Cruelty-Free|Community Favorite"
P418346,C.E.O. 15% Vitamin C Brightening Serum,Sunday Riley,Treatments,85,4.1036,1785,97114,Good for: Dullness/Uneven Texture|Community Favorite|Vitamin C|Good for: Dark Circles|Good for: Anti-Aging|Cruelty-Free
P476414,5 Stars Retinol + Niacinamide Eye Serum,Sunday Riley,Eye Care,65,4.6414,1718,35885,Retinol|Good for: Anti-Aging|Collagen|Good for: Loss of firmness|Niacinamide|Vegan
P424948,Auto Correct Brightening + Depuffing Eye Cream for Dark Circles,Sunday Riley,Eye Care,65,4.0286,1679,52803,Good for: Dark Circles|Good for: Loss of firmness|Radiant Finish|Cruelty-Free
P402718,Power Couple Advanced Retinol and Lactic Acid Duo,Sunday Riley,Value & Gift Sets,72,4.3017,1495,127982,"Good for: Anti-Aging|Good for: Dullness/Uneven Texture|Best for Dry, Combo, Normal Skin|Lactic Acid|Retinol"
P448937,ICE Ceramide Moisturizer with Vitamin F,Sunday Riley,Moisturizers,65,4.084,1178,19213,Good for: Dark Circles|Good for: Loss of firmness|Good for: Dryness|Hyaluronic Acid|Cruelty-Free
P418629,C.E.O. Vitamin C Brightening Rich Hydration Moisturizer,Sunday Riley,Moisturizers,22,3.9918,1101,5905,Good for: Dullness/Uneven Texture|Vitamin C|Good for: Dark Circles|Good for: Dryness|Cruelty-Free
P416139,Mini C.E.O. Vitamin C Brightening Rich Hydration Moisturizer,Sunday Riley,Moisturizers,65,4.0133,977,63669,Good for: Dullness/Uneven Texture|Vitamin C|Good for: Dark Circles|Good for: Dryness|Cruelty-Free
P309310,Ceramic Slip French Green Clay Cleanser,Sunday Riley,Cleansers,35,3.8453,950,50777,"Best for Oily, Combo, Normal Skin|Good for: Pores|Good for: Redness|Cruelty-Free|Vegan"
P442761,C.E.O Glow Vitamin C + Turmeric Face Oil,Sunday Riley,Moisturizers,80,4.0759,843,75741,Good for: Dullness/Uneven Texture|Good for: Dark Circles|Good for: Redness|Vitamin C|Cruelty-Free
P503726,B3 Nice 10% Niacinamide Serum,Sunday Riley,Treatments,65,4.726,624,9940,"Good for: Redness|Good for: Pores|Best for Oily, Combo, Normal Skin|Good for: Dark spots|Niacinamide|Cruelty-Free"
P309306,Juno Antioxidant + Superfood Face Oil,Sunday Riley,Moisturizers,72,4.3299,585,69459,Good for: Dark Circles|Good for: Dullness/Uneven Texture|Good for: Dryness|Cruelty-Free|Vegan
P482551,C.E.O. Afterglow Brightening Vitamin C Moisturizer,Sunday Riley,Moisturizers,65,4.666,527,16576,"Good for: Dullness/Uneven Texture|Vitamin C|Hydrating|Good for: Anti-Aging|Best for Dry, Combo, Normal Skin|Cruelty-Free"
P483076,C.E.O. Afterglow Brightening Vitamin C Moisturizer,Sunday Riley,Moisturizers,22,4.666,527,2817,"Good for: Dullness/Uneven Texture|Vitamin C|Hydrating|Good for: Anti-Aging|Best for Dry, Combo, Normal Skin|Cruelty-Free"
P440075,A+ High-Dose Retinol Serum,Sunday Riley,Treatments,85,4.2016,516,66551,"Good for: Anti-Aging|Good for: Loss of firmness|Best for Oily, Combo, Normal Skin|Retinol|Hyaluronic Acid"
P402014,Blue Moon Clean-Rinse Cleansing Balm,Sunday Riley,Cleansers,50,4.2717,276,15699,
P432053,Multivitamins 15% Vitamin C + Retinol Mini Set,Sunday Riley,Value & Gift Sets,28,3.8481,158,54878,
P460627,Saturn Sulfur + Niacinamide Spot Treatment Mask,Sunday Riley,Masks,20,3.1515,99,8678,"Best for Oily, Combo, Normal Skin|Good for: Dark spots|Good for: Acne/Blemishes|Niacinamide|Cruelty-Free"
P463964,Pink Drink Firming Resurfacing Peptide Face Mist,Sunday Riley,Moisturizers,48,3.8085,94,19808,
P455235,Superstars Anti-Aging Serum and Eye Kit,Sunday Riley,Value & Gift Sets,130,4.16,25,19425,
P461535,All About Acne Breakout + Blackhead Set,Sunday Riley,Value & Gift Sets,95,4.2,25,9837,
P483495,Wake Up With Me Morning Routine Kit,Sunday Riley,Value & Gift Sets,95,4.0769,13,11638,"Best for Dry, Combo, Normal Skin|Vitamin C|Good for: Dullness/Uneven Texture|Good for: Loss of firmness|Good for: Anti-Aging|Cruelty-Free"
P483494,Go To Bed With Me Anti-Aging Night Routine,Sunday Riley,Value & Gift Sets,93,4.0833,12,10461,"Good for: Loss of firmness|Lactic Acid|Good for: Anti-Aging|Retinol|Best for Dry, Combo, Normal Skin|Niacinamide"
P454380,Unseen Sunscreen SPF 40 PA+++,Supergoop!,Sunscreen,48,4.26,3262,302951,Natural Finish|allure 2019 Best of Beauty Award Winner|Clean at Sephora|Oil Free|SPF
P470255,Mini Unseen Sunscreen SPF 40 PA+++,Supergoop!,Mini Size,22,4.2604,3260,66960,Natural Finish|allure 2019 Best of Beauty Award Winner|Clean at Sephora|Oil Free|SPF
P456218,Glowscreen Sunscreen SPF 40 PA+++ with Hyaluronic Acid + Niacinamide,Supergoop!,Sunscreen,38,4.1513,2049,231004,Vegan|Radiant Finish|allure 2020 Best of Beauty Award Winner|Clean at Sephora|SPF
P482320,Mini Glowscreen Sunscreen SPF 40 PA+++ with Hyaluronic Acid + Niacinamide,Supergoop!,Sunscreen,22,3.9659,1439,64624,Vegan|Radiant Finish|allure 2020 Best of Beauty Award Winner|Good for: Dullness/Uneven Texture|Hyaluronic Acid|Clean at Sephora|Good for: Dryness|SPF|Cruelty-Free
P454383,PLAY Everyday Sunscreen Lotion SPF 50 PA++++,Supergoop!,Sunscreen,34,4.0954,1059,60887,Vegan|Clean at Sephora|Hydrating|SPF|Cruelty-Free
P454384,Mini PLAY Everyday Lotion SPF 50 with Sunflower Extract,Supergoop!,Mini Size,22,4.0954,1059,12937,Vegan|Clean at Sephora|Hydrating|SPF|Cruelty-Free
P439928,Superscreen Daily Moisturizer Sunscreen SPF 40 PA+++,Supergoop!,Moisturizers,44,3.6997,646,42616,Vegan|Best for Dry Skin|Clean at Sephora|Hydrating|SPF|Cruelty-Free
P466154,Daily Dose Vitamin C + SPF 40 Sunscreen Serum PA+++,Supergoop!,Sunscreen,46,3.6736,573,41804,Clean at Sephora|SPF
P463353,CC Screen 100% Mineral CC Cream SPF 50 PA++++,Supergoop!,Moisturizers,44,3.4004,527,37695,Vegan|Natural Finish|Clean at Sephora|Medium Coverage|SPF|Cruelty-Free
P429953,Glow Stick Sunscreen SPF 50 PA++++,Supergoop!,Sunscreen,26,3.6587,501,72075,Vegan|Stick Formula|High Shine Finish|Clean at Sephora|SPF|Cruelty-Free
P470057,Mineral Sheerscreen Sunscreen SPF 30 PA+++,Supergoop!,Sunscreen,38,3.9473,455,21689,"Vegan|Natural Finish|Clean at Sephora|Best for Oily, Combo, Normal Skin|SPF|Cruelty-Free"
P482321,Mini Mineral Sheerscreen Sunscreen SPF 30 PA+++,Supergoop!,Sunscreen,22,3.9473,455,4572,"Vegan|Natural Finish|Clean at Sephora|Best for Oily, Combo, Normal Skin|SPF|Cruelty-Free"
P453226,Bright-Eyed 100% Mineral Eye Cream SPF 40 PA+++,Supergoop!,Eye Care,40,3.6045,445,26354,Clean at Sephora|SPF
P454387,Glow Oil Body Sunscreen SPF 50 PA++++,Supergoop!,Sunscreen,38,3.947,396,42598,Vegan|Radiant Finish|Clean at Sephora|SPF|Cruelty-Free
P454388,Mini Glow Oil SPF 50 PA++++,Supergoop!,Mini Size,15,3.947,396,20710,Vegan|Radiant Finish|Clean at Sephora|SPF|Cruelty-Free
P482323,(Re) Setting Refreshing Mist SPF 40,Supergoop!,Sunscreen,34,3.6649,379,32091,Clean at Sephora|Reef Safe SPF
P467976,(Re)setting 100% Mineral Powder Sunscreen SPF 35 PA+++,Supergoop!,Sunscreen,35,4.0426,376,68453,Clean at Sephora|SPF
P504045,Daily Dose Bioretinol + Mineral SPF 40 with Bakuchiol,Supergoop!,Treatments,46,4.7357,367,11846,Good for: Dullness/Uneven Texture|Good for: Loss of firmness|Clean at Sephora|Retinol|Good for: Anti-Aging|Reef Safe SPF
P446909,Zincscreen 100% Mineral Sunscreen Lotion SPF 40 PA+++,Supergoop!,Sunscreen,44,3.8729,354,20095,"Vegan|Natural Finish|Clean at Sephora|Best for Oily, Combo, Normal Skin|SPF|Cruelty-Free"
P482325,Every. Single. Face. Watery Lotion SPF 50,Supergoop!,Sunscreen,34,4.2805,353,23635,Clean at Sephora|Reef Safe SPF
P454389,PLAY Antioxidant Body Sunscreen Mist SPF 50 PA++++,Supergoop!,Sunscreen,21,3.9048,294,28604,Vitamin C|Hydrating|Clean at Sephora|Good for: Dryness|SPF
P479351,Daily Dose Hydra-Ceramide Boost + SPF 40 Sunscreen Oil PA+++,Supergoop!,Moisturizers,46,4.3783,267,23310,Vegan|Hyaluronic Acid|Best for Dry Skin|Hydrating|Clean at Sephora|Cruelty-Free
P470058,Glowscreen Body Sunscreen SPF 40 PA+++,Supergoop!,Sunscreen,42,4.4389,262,21531,Vegan|Shimmer Finish|Clean at Sephora|Hydrating|SPF|Cruelty-Free
P476733,Mineral Mattescreen Sunscreen SPF 40 PA+++,Supergoop!,Sunscreen,38,4.0153,131,22699,Vegan|Good for: Pores|Clean at Sephora|Matte Finish|Oil Free|Reef Safe SPF
P505211,(Glow)Setting 100% Mineral Powder SPF 35,Supergoop!,Sunscreen,36,4.4758,124,2352,"Loose Powder Formula|Shimmer Finish|Clean at Sephora|Reef Safe SPF|UV Protection|Best for Dry, Combo, Normal Skin"
P454385,Mini PLAY Everyday Sunscreen Lotion SPF 30 PA++++,Supergoop!,Sunscreen,34,4.3333,57,9058,Clean at Sephora|SPF
P482322,Mini Mineral Mattescreen Sunscreen SPF 40 PA+++,Supergoop!,Sunscreen,22,4.125,24,10079,Vegan|Good for: Pores|Clean at Sephora|Matte Finish|Oil Free|Reef Safe SPF
P456407,PLAY Body Sunscreen Mousse SPF 50,Supergoop!,Sunscreen,34,3.9583,24,6119,Clean at Sephora|SPF
P454391,PLAY Antioxidant Body Sunscreen Mist SPF 30 PA++++,Supergoop!,Sunscreen,21,3.3684,19,6277,Vegan|Radiant Finish|Vitamin C|Clean at Sephora|SPF|Cruelty-Free
P482746,PLAY 100% Mineral Lotion SPF 30 with Green Algae,Supergoop!,Sunscreen,36,4.0909,11,2927,Clean at Sephora|Reef Safe SPF
P504320,SPF Bestsellers Kit,Supergoop!,Value & Gift Sets,30,3.75,8,9331,"Hyaluronic Acid|Clean at Sephora|Good for: Anti-Aging|Reef Safe SPF|Best for Dry, Combo, Normal Skin|Cruelty-Free"
P500782,100% Mineral SPF Starter Kit,Supergoop!,Value & Gift Sets,29,1.8,5,4707,"Good for: Pores|Good for: Anti-Aging|Fragrance Free|Reef Safe SPF|Best for Oily, Combo, Normal Skin|UV Protection"
P500060,Play! Mineral SPF Stick,Supergoop!,Sunscreen,24,3,4,2951,Clean at Sephora|Good for: Anti-Aging|Fragrance Free|Reef Safe SPF|UV Protection|Cruelty-Free
P482747,PLAY Mineral Mist SPF 30 with Marigold Extract,Supergoop!,Sunscreen,34,2.5,2,1971,Clean at Sephora|Fragrance Free|Reef Safe SPF|UV Protection|Cruelty-Free
P505208,100% Mineral Sunscreen Starter Kit,Supergoop!,Value & Gift Sets,30,5,1,1702,"Good for: Pores|Good for: Anti-Aging|Fragrance Free|Reef Safe SPF|UV Protection|Best for Oily, Combo, Normal Skin"
P504911,Everyday SPF Faves,Supergoop!,Value & Gift Sets,60,,,865,"Hydrating|Good for: Anti-Aging|Reef Safe SPF|Without Parabens|Best for Dry, Combo, Normal Skin|Cruelty-Free"
P424988,THE FACE Illuminating Self-Tan Drops,TAN-LUXE,Self Tanners,50,3.9894,471,55771,allure 2020 Best of Beauty Award Winner|Good for: Dullness/Uneven Texture|Hydrating|Customizable|Without Parabens|Cruelty-Free
P424989,THE BODY Illuminating Self-Tan Drops,TAN-LUXE,Self Tanners,60,4.1959,194,22970,Good for: Dullness/Uneven Texture|Good for: Loss of firmness|Hydrating|Customizable|Without Parabens|Cruelty-Free
P424986,THE BUTTER Illuminating Tanning Butter,TAN-LUXE,Self Tanners,38,4.3425,181,17319,Radiant Finish|Good for: Dullness/Uneven Texture|Good for: Loss of firmness|Hydrating|Without Parabens|Cruelty-Free
P424990,THE GRADUAL Illuminating Gradual Tan Lotion,TAN-LUXE,Self Tanners,34,4.1111,171,23906,Good for: Dullness/Uneven Texture|Good for: Loss of firmness|Hydrating|Without Parabens|Cruelty-Free
P447199,Super Glow Hyaluronic Self-Tan Serum,TAN-LUXE,Self Tanners,49,3.9845,129,13931,Vegan|Good for: Dullness/Uneven Texture|Hyaluronic Acid|Plumping|Hydrating|Cruelty-Free
P424985,THE WATER Hydrating Self-Tan Water,TAN-LUXE,Self Tanners,48,4,90,14995,Good for: Dullness/Uneven Texture|Hydrating|Customizable|Good for: Dryness|Without Parabens|Cruelty-Free
P424984,HYDRA MOUSSE Hydrating Self-Tan Mousse,TAN-LUXE,Self Tanners,49,4.0769,65,6083,Good for: Dullness/Uneven Texture|Hydrating|Customizable|Good for: Dryness|Without Parabens|Cruelty-Free
P456989,Super Glow Body Hyaluronic Self-Tan Serum,TAN-LUXE,Self Tanners,49,3.6809,47,6917,Vegan|Good for: Dullness/Uneven Texture|Hyaluronic Acid|Plumping|Hydrating|Cruelty-Free
P474376,Mini THE FACE Illuminating Self-Tan Drops,TAN-LUXE,Self Tanners,25,3.7632,38,13586,allure 2020 Best of Beauty Award Winner|Good for: Dullness/Uneven Texture|Hydrating|Customizable|Without Parabens
P433440,Wonder Oil Illuminating Self-Tan Oil,TAN-LUXE,Self Tanners,69,3.8182,33,4124,Vegan|Good for: Dullness/Uneven Texture|Hydrating|Good for: Dryness|Without Parabens|Cruelty-Free
P424987,SLEEP OIL Rejuvenating Miracle Tanning Oil,TAN-LUXE,Self Tanners,52,3.5,24,4731,Good for: Dullness/Uneven Texture|Hydrating|Good for: Anti-Aging|Good for: Dryness|Without Parabens|Cruelty-Free
P470545,Super Gloss Instant Bronzing Face Drops with SPF 30,TAN-LUXE,Self Tanners,49,4.4286,21,5117,
P481837,The Crème Gradual Self-Tanning Face Moisturizer,TAN-LUXE,Self Tanners,49,4.4444,18,4679,"Good for: Redness|Hydrating|Good for: Dryness|Best for Dry, Combo, Normal Skin|Cruelty-Free"
P376726,Maracuja Oil,tarte,Moisturizers,48,4.396,2419,79986,
P405599,SEA drink of H2O hydrating boost moisturizer,tarte,Moisturizers,39,4.2373,1749,70039,"Vegan|Hyaluronic Acid|Good for: Loss of firmness|Hydrating|Good for: Dryness|Best for Dry, Combo, Normal Skin"
P405096,SEA Deep Dive Cleansing Gel,tarte,Cleansers,12,4.312,1157,48796,Clean at Sephora|Vegan
P409631,SEA FRXXXTION Stick Exfoliating Cleanser,tarte,Cleansers,22,4.5315,969,38635,Clean at Sephora|Vegan
P377545,Maracuja C-Brighter Eye Treatment,tarte,Eye Care,39,4.0089,901,45734,
P414737,Pearly Girl Vegan Teeth Whitening Pen,tarte,High Tech Tools,25,4.1788,481,69366,Vegan|Clean at Sephora
P430818,SEA Mermaid Skin Hyaluronic H2O Serum,tarte,Treatments,15,4.1093,302,20912,Clean at Sephora|Vegan
P409630,SEA Pack Your Bags Undereye Patches,tarte,Eye Care,22,4.1779,298,56808,Clean at Sephora|Vegan
P420230,Pout Prep Lip Exfoliant,tarte,Lip Balms & Treatments,16,4.1024,205,23307,
P442989,Youth or Dare Multi-Acid & C-Serum,tarte,Treatments,42,3.1014,138,11296,Vegan|Clean at Sephora|Good for: Anti-Aging
P447200,Baba Bomb Moisturizer,tarte,Moisturizers,39,4.4104,134,10945,Vegan|Clean at Sephora|Good for: Dryness
P440306,SEA Mini Drink of H2O Hydrating Boost Moisturizer,tarte,Mini Size,14,3.5814,86,12223,"Hydrating|Good for: Dryness|Good for: Loss of firmness|Best for Dry, Combo, Normal Skin|Vegan|Hyaluronic Acid"
P454376,knockout daily exfoliating cleanser,tarte,Cleansers,12,3.8983,59,5032,"Clean at Sephora|Best for Oily, Combo, Normal Skin|Vegan"
P449835,Mini Maracuja Oil,tarte,Mini Size,16,3.898,49,9396,
P449836,Mini SEA Deep Dive Cleansing Gel,tarte,Mini Size,12,4.2889,45,7205,Clean at Sephora|Vegan
P447409,Mini Baba Bomb Moisturizer,tarte,Mini Size,14,4.1111,36,5514,Vegan|Clean at Sephora|Good for: Dryness
P457468,Brazilliance 2HR Express Deep Foaming Self-Tanner,tarte,Self Tanners,39,3.0417,24,2207,
P454822,Mini SEA Mermaid Skin Hyaluronic H2O Serum,tarte,Mini Size,15,3.6667,21,7287,Clean at Sephora|Vegan
P454377,Mini knockout daily exfoliating cleanser,tarte,Mini Size,12,3.7895,19,4343,"Clean at Sephora|Best for Oily, Combo, Normal Skin|Vegan"
P449411,Mini Micellar Magic Makeup Remover & Cleanser,tarte,Mini Size,9,3.4286,14,3357,Vegan|Good for: Dullness/Uneven Texture|Clean at Sephora
P456434,knockout brightening gel moisturizer,tarte,Moisturizers,14,4.25,8,2400,Clean at Sephora|SPF|Vegan
P457279,Moisturizer Mini knockout brightening gel,tarte,Mini Size,14,4.6667,3,4857,Clean at Sephora|SPF|Vegan
P470548,Knockout 10% Acid Complex Serum,tarte,Treatments,39,5,3,1445,Vegan|Good for: Dullness/Uneven Texture|Good for: Pores|Good for: Anti-Aging|AHA/Glycolic Acid
P379707,Resurfacing BHA Glow Mask,Tata Harper,Masks,68,4.3471,847,55191,Vegan|Good for: Dullness/Uneven Texture|Good for: Dark Circles|Clean at Sephora|Salicylic Acid|Cruelty-Free
P379710,Regenerating Exfoliating Cleanser,Tata Harper,Cleansers,88,4.4649,699,40150,Vegan|Good for: Dullness/Uneven Texture|Good for: Dark Circles|Clean at Sephora|Salicylic Acid|Cruelty-Free
P458917,Water-Lock Moisturizer with Skin-Smoothing Peptides,Tata Harper,Moisturizers,68,4.4461,343,13855,"Refill Available|Hyaluronic Acid|Clean + Planet Positive|Good for: Dryness|Best for Oily, Combo, Normal Skin"
P432048,Resurfacing AHA + BHA Serum,Tata Harper,Treatments,92,4.2562,320,18261,Vegan|Good for: Dullness/Uneven Texture|Good for: Dark Circles|Clean at Sephora|AHA/Glycolic Acid|Salicylic Acid
P429954,Clarifying Blemish & Oil Control Cleanser,Tata Harper,Cleansers,88,3.9476,267,19570,Vegan|Best for Oily Skin|Clean at Sephora|AHA/Glycolic Acid|Good for: Acne/Blemishes|Salicylic Acid
P462747,Mini Clarifying Blemish & Oil Control Cleanser,Tata Harper,Mini Size,46,3.9476,267,4047,Vegan|Best for Oily Skin|Clean at Sephora|AHA/Glycolic Acid|Good for: Acne/Blemishes|Salicylic Acid
P420143,Clarifying AHA + BHA Mask,Tata Harper,Masks,75,3.916,250,16958,Vegan|Best for Oily Skin|Clean at Sephora|AHA/Glycolic Acid|Good for: Acne/Blemishes|Salicylic Acid
P379711,Rejuvenating Anti-Aging Serum,Tata Harper,Treatments,146,3.4232,241,7907,Good for: Dark Circles|Good for: Anti-Aging|Hyaluronic Acid|Cruelty-Free|Vegan|Clean at Sephora
P386739,Restorative Plumping + Brightening Eye Cream,Tata Harper,Eye Care,130,4.11,209,12946,Vegan|Vitamin C|Clean + Planet Positive|Good for: Dark Circles|Good for: Anti-Aging|Cruelty-Free
P392144,Purifying Pore Detox Cleanser,Tata Harper,Cleansers,88,4.2059,170,14771,"Vegan|Good for: Pores|Clean at Sephora|Salicylic Acid|Best for Oily, Combo, Normal Skin|Cruelty-Free"
P462748,Mini Purifying Pore Detox Cleanser,Tata Harper,Mini Size,46,4.2059,170,3104,"Vegan|Good for: Pores|Clean at Sephora|Salicylic Acid|Best for Oily, Combo, Normal Skin|Cruelty-Free"
P379709,Repairative Anti-Aging Moisturizer,Tata Harper,Moisturizers,130,3.4118,136,6030,Vegan|Hyaluronic Acid|Clean at Sephora|Good for: Anti-Aging|Good for: Dryness|Cruelty-Free
P408301,Purifying Pore & Blackhead Detox Mask,Tata Harper,Masks,75,3.845,129,18342,"Clean + Planet Positive|Best for Oily, Combo, Normal Skin|Good for: Pores"
P392143,Tata's Daily Essentials Kit,Tata Harper,Value & Gift Sets,75,3.65,120,22558,Vegan|Hyaluronic Acid|Good for: Dark Circles|Clean at Sephora|Good for: Anti-Aging|Cruelty-Free
P392142,Nourishing Makeup Removing Oil Cleanser,Tata Harper,Cleansers,88,4.0211,95,9393,Vegan|Vitamin C|Good for: Dark Circles|Clean at Sephora|Good for: Dryness|Cruelty-Free
P379705,Hydrating Hyaluronic Acid Floral Essence,Tata Harper,Moisturizers,76,3.883,94,13637,Vegan|Hyaluronic Acid|Good for: Dark Circles|Clean at Sephora|Good for: Dryness|Cruelty-Free
P412407,Clarifying Moisturizer,Tata Harper,Moisturizers,130,3.8519,81,6554,Clean + Planet Positive|Good for: Acne/Blemishes|Good for: Pores|Good for: Dryness
P379704,Retinoic Nutrient Face Oil With Vitamin A,Tata Harper,Moisturizers,165,4.2,75,11417,Vegan|Good for: Dark Circles|Clean at Sephora|Retinol|Good for: Dryness|Cruelty-Free
P472341,Superkind Fragrance-Free Fortifying Moisturizer,Tata Harper,Moisturizers,130,4.58,50,2480,Vegan|Clean + Planet Positive|Fragrance Free|Hypoallergenic|Without Parabens|Gluten Free
P472343,Superkind Fragrance-Free Softening Cleanser,Tata Harper,Cleansers,88,4.5417,48,4114,Vegan|Clean + Planet Positive|Fragrance Free|Hypoallergenic|Without Parabens|Gluten Free
P476736,Superkind Fragrance-Free Bio-Barrier Serum,Tata Harper,Treatments,146,4.7273,44,2010,Good for: Anti-Aging|Good for: Dark spots|Good for: Dryness|Fragrance Free|Vegan|Clean + Planet Positive
P442748,Hydrating Floral Mask,Tata Harper,Masks,95,4.375,32,4076,Clean + Planet Positive|Hyaluronic Acid|Good for: Dryness|Good for: Dullness/Uneven Texture|Good for: Redness
P422848,Crème Riche Anti-Aging Peptide Night Cream,Tata Harper,Moisturizers,230,4.1429,21,2825,Best for Dry Skin|Good for: Loss of firmness|Clean + Planet Positive|Good for: Anti-Aging
P449410,Boosted Contouring Retinol Eye Balm,Tata Harper,Eye Care,260,3.4167,12,2191,Clean + Planet Positive|Retinol|Good for: Anti-Aging|Good for: Dryness
P472342,Superkind Fragrance-Free Radiance Mask,Tata Harper,Masks,68,4.75,4,4881,Vegan|Clean + Planet Positive|Fragrance Free|Hypoallergenic|Without Parabens|Gluten Free
P500482,The Clean Dream Team Set,Tata Harper,Value & Gift Sets,75,4,3,1395,Good for: Dullness/Uneven Texture|Clean + Planet Positive|AHA/Glycolic Acid|Good for: Dryness|Salicylic Acid|Cruelty-Free
P480354,Glow Facial Set,Tata Harper,Value & Gift Sets,98,3,1,1476,Clean + Planet Positive|Without Silicones|Without Parabens|Without Sulfates SLS & SLES|Good for: Dullness/Uneven Texture
P503877,Superkind Refining Cleanser,Tata Harper,Cleansers,88,5,1,689,Vegan|Good for: Dullness/Uneven Texture|Clean + Planet Positive|Fragrance Free|Oil Free|Hypoallergenic
P476737,Bio-Barrier Eye Crème,Tata Harper,Eye Care,130,,,484,Good for: Loss of firmness|Clean + Planet Positive|Good for: Dark Circles|Good for: Anti-Aging|Fragrance Free|Hypoallergenic
P502434,Deep Clean Kit,Tata Harper,Value & Gift Sets,85,,,410,"Vegan|Clean + Planet Positive|Good for: Pores|Best for Oily, Combo, Normal Skin|Cruelty-Free"
P418218,The Water Cream Oil-Free Pore Minimizing Moisturizer,Tatcha,Moisturizers,70,4.0245,4168,373877,"Community Favorite|Good for: Pores|Hydrating|Clean at Sephora|Oil Free|Best for Oily, Combo, Normal Skin"
P454794,Mini The Water Cream,Tatcha,Mini Size,22,4.0245,4168,23723,"Community Favorite|Good for: Pores|Hydrating|Clean at Sephora|Oil Free|Best for Oily, Combo, Normal Skin"
P441101,The Dewy Skin Cream Plumping & Hydrating Moisturizer,Tatcha,Moisturizers,70,4.1023,3148,388775,Hyaluronic Acid|Community Favorite|Plumping|Hydrating|Clean at Sephora|Good for: Dryness
P415771,The Essence Skincare Boosting Treatment,Tatcha,Moisturizers,110,4.4442,2483,113656,Good for: Dullness/Uneven Texture|Lactic Acid|Community Favorite|Clean at Sephora|Hydrating|Good for: Anti-Aging
P473160,Mini The Essence  Skincare Boosting Treatment,Tatcha,Moisturizers,65,4.4442,2483,13964,Good for: Dullness/Uneven Texture|Lactic Acid|Community Favorite|Clean at Sephora|Hydrating|Good for: Anti-Aging
P461537,The Rice Wash Skin-Softening Cleanser,Tatcha,Cleansers,40,4.5018,2449,190401,"Clean at Sephora|Hydrating|Hyaluronic Acid|Good for: Dryness|Best for Dry, Combo, Normal Skin"
P504595,Mini Rice Wash Skin-Softening Cleanser,Tatcha,Mini Size,18,4.5018,2449,5450,"Hyaluronic Acid|Clean at Sephora|Hydrating|Good for: Dryness|Best for Dry, Combo, Normal Skin"
P427536,The Deep Cleanse Gentle Exfoliating Cleanser,Tatcha,Cleansers,40,4.1478,2361,245976,"allure 2020 Best of Beauty Award Winner|Good for: Pores|Clean at Sephora|Oil Free|Best for Oily, Combo, Normal Skin"
P504615,Mini Deep Cleanse Gentle Exfoliating Cleanser,Tatcha,Mini Size,18,4.1478,2361,5097,"allure 2020 Best of Beauty Award Winner|Good for: Pores|Clean at Sephora|Oil Free|Best for Oily, Combo, Normal Skin"
P399623,Luminous Dewy Skin Mist,Tatcha,Moisturizers,49,3.951,2041,209577,Good for: Dullness/Uneven Texture|Clean at Sephora|Good for: Dryness
P392235,The Camellia Oil 2-in-1 Makeup Remover & Cleanser,Tatcha,Cleansers,50,4.4815,1836,142010,Clean at Sephora|Good for: Dryness|Without Silicones
P460512,Mini Liquid Silk Canvas: Featherweight Protective Primer,Tatcha,Mini Size,24,4.3976,1831,65016,"Natural Finish|Good for: Pores|Clean at Sephora|Best for Oily, Combo, Normal Skin"
P426340,The Rice Polish Foaming Enzyme Powder,Tatcha,Cleansers,68,4.4278,1725,184011,Good for: Dullness/Uneven Texture|Good for: Pores|Clean at Sephora
P439058,Violet-C Brightening Serum 20% Vitamin C + 10% AHA,Tatcha,Treatments,89,4.2124,1610,129875,Good for: Dullness/Uneven Texture|Vitamin C|Clean at Sephora|Good for: Anti-Aging|Good for: Dark spots
P447780,The Silk Peony Melting Eye Cream,Tatcha,Eye Care,62,4.1593,1557,91742,Good for: Loss of firmness|Clean at Sephora|Hydrating|Good for: Anti-Aging|Good for: Dryness
P466155,The Dewy Serum Resurfacing and Plumping Treatment,Tatcha,Treatments,89,4.6355,1391,77027,Hyaluronic Acid|Good for: Dullness/Uneven Texture|Good for: Loss of firmness|Lactic Acid|Clean at Sephora|Good for: Anti-Aging
P454018,The Serum Stick: Treatment & Touch Up Balm,Tatcha,Treatments,49,4.3761,1348,47060,Clean at Sephora|Hydrating|Plumping|Hyaluronic Acid|Good for: Loss of firmness
P453225,The Kissu Lip Mask,Tatcha,Lip Balms & Treatments,29,3.7724,1226,202204,Clean at Sephora|Hydrating|Plumping|Good for: Dryness|Community Favorite
P474377,Indigo Overnight Repair Serum in Cream Treatment,Tatcha,Moisturizers,92,4.5474,1098,104455,Good for: Redness|Hyaluronic Acid|Good for: Dullness/Uneven Texture|Hydrating|Clean at Sephora|Good for: Anti-Aging
P503191,Mini Indigo Overnight Repair Serum in Cream Treatment,Tatcha,Moisturizers,22,4.5474,1098,17810,Good for: Redness|Hyaluronic Acid|Good for: Dullness/Uneven Texture|Hydrating|Clean at Sephora|Good for: Anti-Aging
P440934,The Silk Canvas Protective Primer Mini,Tatcha,Mini Size,24,3.6444,807,98580,"Clean at Sephora|Natural Finish|Good for: Pores|Best for Dry, Combo, Normal Skin"
P413326,Camellia Gold Spun Lip Balm,Tatcha,Lip Balms & Treatments,30,4.2806,670,46733,Good for: Anti-Aging|Good for: Dryness|Cruelty-Free|Vegan|Clean at Sephora
P420699,Violet-C Radiance Mask,Tatcha,Masks,70,4.0507,651,96300,Good for: Dullness/Uneven Texture|Vitamin C|Clean at Sephora|Good for: Dark spots
P481169,The Silk Sunscreen Mineral Broad Spectrum SPF 50 PA++++ with Hyaluronic Acid and Niacinamide,Tatcha,Sunscreen,62,3.3975,483,37047,Radiant Finish|Hyaluronic Acid|Clean at Sephora|Reef Safe SPF|Niacinamide|Cruelty-Free
P417867,The Silk Cream,Tatcha,Moisturizers,125,4.1885,260,44847,"Good for: Loss of firmness|Clean at Sephora|Hydrating|Good for: Anti-Aging|Best for Dry, Combo, Normal Skin"
P479352,The Texture Tonic AHA Liquid Exfoliating Treatment,Tatcha,Treatments,62,4.6484,219,30103,"Niacinamide|Good for: Dullness/Uneven Texture|Good for: Pores|AHA/Glycolic Acid|Clean at Sephora|Best for Oily, Combo, Normal Skin"
P482552,The Clarifying Clay Mask Exfoliating Pore Treatment,Tatcha,Masks,70,4.6316,209,46732,"Vegan|Good for: Dullness/Uneven Texture|Good for: Pores|Clean at Sephora|Best for Oily, Combo, Normal Skin|Cruelty-Free"
P403315,Gold Camellia Beauty Oil,Tatcha,Moisturizers,98,4.4751,181,47809,Clean at Sephora|Good for: Dryness|Good for: Dullness/Uneven Texture|Good for: Anti-Aging
P504506,The Silk Serum Wrinkle-Smoothing Retinol Alternative,Tatcha,Treatments,98,4.8387,124,2589,Good for: Redness|Good for: Dullness/Uneven Texture|Good for: Loss of firmness|Clean at Sephora|Good for: Anti-Aging|Cruelty-Free
P399622,Luminous Deep Hydration Lifting Mask,Tatcha,Masks,95,4.4074,81,27298,Clean at Sephora|Good for: Dryness|Good for: Dullness/Uneven Texture|Good for: Loss of firmness
P460746,Aburatorigami Japanese Blotting Papers,Tatcha,Cleansers,14,4.4074,54,16714,Clean at Sephora
P504218,Dewy Cleanse + Hydrate Duo,Tatcha,Value & Gift Sets,27,4.5405,37,23678,"Hyaluronic Acid|Hydrating|Clean at Sephora|Best for Dry, Combo, Normal Skin"
P468229,Ageless Revitalizing Neck Cream,Tatcha,Moisturizers,112,4.15,20,12625,Good for: Loss of firmness|Vitamin C|Clean at Sephora|Hydrating|Good for: Anti-Aging
P504327,Mini Favorites Set,Tatcha,Value & Gift Sets,68,4.4211,19,32077,"Clean at Sephora|Best for Dry, Combo, Normal Skin|Cruelty-Free"
P504203,Clarifying Cleanse + Hydrate Duo,Tatcha,Value & Gift Sets,27,3.25,12,9900,"Good for: Pores|Clean at Sephora|Hydrating|Best for Oily, Combo, Normal Skin"
P501323,Overnight Recovery Duo,Tatcha,Value & Gift Sets,88,4.2,10,15655,Good for: Redness|Best for Dry Skin|Plumping|Clean at Sephora
P504303,Strengthening Nighttime Ritual Set,Tatcha,Value & Gift Sets,95,4.875,8,5528,Good for: Redness|Clean at Sephora|Good for: Dryness
P502365,Clarifying Cleanse + Hydrate Duo,Tatcha,Value & Gift Sets,27,3.5,6,16760,"Good for: Pores|Hydrating|Clean at Sephora|Best for Oily, Combo, Normal Skin"
P454795,Mini The Dewy Skin Cream,Tatcha,Mini Size,22,4,6,0,Hyaluronic Acid|Community Favorite|Plumping|Hydrating|Clean at Sephora|Good for: Dryness
P480355,The Essence Skincare Boosting Treatment – Lunar New Year Edition,Tatcha,Moisturizers,110,5,2,5440,allure 2020 Best of Beauty Award Winner|Good for: Dullness/Uneven Texture|Lactic Acid|Community Favorite|Plumping|Clean at Sephora
P503716,The Essence Skincare Boosting Treatment – Lunar New Year Edition,Tatcha,Moisturizers,110,,,0,allure 2020 Best of Beauty Award Winner|Good for: Dullness/Uneven Texture|Lactic Acid|Community Favorite|Plumping|Clean at Sephora
P481168,Mini The Dewy Skin Cream Plumping & Hydrating Moisturizer,Tatcha,Moisturizers,22,,,0,Hyaluronic Acid|Community Favorite|Plumping|Hydrating|Clean at Sephora|Good for: Dryness
P455364,Oat Cleansing Balm,The INKEY List,Cleansers,11.99,3.6098,2968,127819,allure 2020 Best of Beauty Award Winner|Best for Normal Skin|Good for: Redness|Community Favorite|Clean at Sephora|Good for: Dryness
P478030,Mini Oat Cleansing Balm,The INKEY List,Cleansers,5.99,3.6098,2968,40474,allure 2020 Best of Beauty Award Winner|Best for Normal Skin|Good for: Redness|Community Favorite|Clean at Sephora|Good for: Dryness
P443845,Hyaluronic Acid Hydrating Serum,The INKEY List,Treatments,9.99,4.4073,1964,169217,allure 2022 Best of Beauty Award Winner|Hyaluronic Acid|Plumping|Good for: Dark Circles|Clean at Sephora|Hydrating
P443840,Caffeine Eye Cream,The INKEY List,Eye Care,10.99,3.898,1598,174319,Community Favorite|Clean at Sephora|Good for: Anti-Aging|Good for: Dryness|Cruelty-Free
P443833,Salicylic Acid Acne + Pore Cleanser,The INKEY List,Cleansers,11.99,4.3775,1547,150051,Good for: Pores|Clean at Sephora|Good for: Acne/Blemishes|Salicylic Acid|Cruelty-Free
P443842,Retinol Anti-Aging Serum,The INKEY List,Treatments,12.99,4.3826,1137,200087,Good for: Dullness/Uneven Texture|Community Favorite|Clean at Sephora|allure 2021 Best of Beauty Award Winner|Good for: Anti-Aging|Retinol
P448802,Brighten-i Eye Cream,The INKEY List,Eye Care,12.99,3.7617,1137,87730,Good for: Dullness/Uneven Texture|Good for: Dark Circles|Clean at Sephora|Good for: Dark spots|Niacinamide|Cruelty-Free
P446942,Niacinamide Oil Control Serum,The INKEY List,Treatments,9.99,4.199,985,80563,Best for Oily Skin|Good for: Pores|Clean at Sephora|Good for: Acne/Blemishes|Niacinamide
P443830,Polyglutamic Acid Hydrating Serum,The INKEY List,Treatments,14.99,4.3937,960,48143,Good for: Dullness/Uneven Texture|Clean at Sephora|Good for: Anti-Aging|Good for: Dryness|Cruelty-Free
P467655,Succinic Acid Acne Treatment,The INKEY List,Treatments,9.99,3.8503,915,67403,Hyaluronic Acid|Clean at Sephora|Good for: Acne/Blemishes|Salicylic Acid|Cruelty-Free
P455369,Peptide Moisturizer,The INKEY List,Moisturizers,15.99,3.7913,781,69215,"Good for: Loss of firmness|Plumping|Clean at Sephora|Good for: Anti-Aging|Best for Dry, Combo, Normal Skin"
P455368,15% Vitamin C and EGF Brightening Serum,The INKEY List,Treatments,15.99,3.9446,668,87389,"Good for: Dullness/Uneven Texture|Vitamin C|Clean at Sephora|Best for Oily, Combo, Normal Skin"
P455366,Retinol Eye Cream,The INKEY List,Eye Care,12.99,3.9532,662,76545,Best for Normal Skin|Clean at Sephora|Good for: Anti-Aging|Retinol|Cruelty-Free
P443843,Q10 Antioxidant Serum,The INKEY List,Treatments,9.99,4.3088,612,43585,Good for: Loss of firmness|Clean at Sephora|Good for: Anti-Aging|Good for: Dryness|Cruelty-Free
P443846,Collagen Booster Firming Peptide Serum,The INKEY List,Treatments,12.99,4.3103,580,66477,Good for: Loss of firmness|Collagen|Clean at Sephora|Good for: Anti-Aging|Cruelty-Free
P479354,Omega Water Cream Moisturizer,The INKEY List,Moisturizers,10.99,4.073,562,42831,"Vegan|Good for: Dullness/Uneven Texture|Clean at Sephora|Hydrating|Good for: Dryness|Best for Oily, Combo, Normal Skin"
P443841,Vitamin C Brightening Cream,The INKEY List,Treatments,10.99,3.0271,517,31769,Good for: Dullness/Uneven Texture|Good for: Loss of firmness|Vitamin C|Clean at Sephora|Good for: Anti-Aging|Cruelty-Free
P450614,Tranexamic Acid Hyperpigmentation Treatment,The INKEY List,Treatments,15.99,3.9335,511,61536,Vitamin C|Clean at Sephora|Good for: Dark spots|Cruelty-Free
P450262,Polyhydroxy Acid (PHA) Gentle Exfoliating Toner,The INKEY List,Cleansers,12.99,4.2619,443,43383,Good for: Dullness/Uneven Texture|Good for: Dark Circles|Clean at Sephora|Good for: Dark spots|Niacinamide|Cruelty-Free
P442871,Beta Hydroxy Acid (BHA) Blemish + Blackhead Serum,The INKEY List,Treatments,12.99,4.0835,431,72805,Community Favorite|Good for: Pores|Clean at Sephora|Good for: Acne/Blemishes|Salicylic Acid|Cruelty-Free
P447778,Bakuchiol Retinol Alternative Moisturizer,The INKEY List,Treatments,12.99,4.0376,346,28723,Best for Normal Skin|Good for: Dullness/Uneven Texture|Clean at Sephora|Good for: Anti-Aging|Cruelty-Free
P469088,Fulvic Acid Brightening Cleanser,The INKEY List,Cleansers,11.99,4.4203,345,38263,Good for: Dullness/Uneven Texture|Good for: Dark Circles|Clean at Sephora|Cruelty-Free
P478029,Mini Fulvic Acid Brightening Cleanser,The INKEY List,Cleansers,5.99,4.4203,345,18399,Good for: Dark Circles|Good for: Dullness/Uneven Texture|Cruelty-Free|Clean at Sephora
P450244,Ceramide Hydrating Night Treatment,The INKEY List,Treatments,15.99,4.2899,307,36241,Good for: Dullness/Uneven Texture|Hyaluronic Acid|Clean at Sephora|Good for: Anti-Aging|Good for: Dryness|Cruelty-Free
P455365,"Vitamin B, C, and E Moisturizer",The INKEY List,Moisturizers,7.99,4.1429,294,53343,Best for Normal Skin|Vitamin C|Clean at Sephora|Good for: Dryness|Niacinamide|Cruelty-Free
P443838,Glycolic Acid Exfoliating Toner,The INKEY List,Cleansers,12.99,4.3918,291,45406,Good for: Dullness/Uneven Texture|Clean at Sephora|AHA/Glycolic Acid|Good for: Dark spots|Cruelty-Free
P443837,Kaolin Mask,The INKEY List,Masks,7.49,4.3084,227,30744,Good for: Pores|Clean at Sephora|Good for: Acne/Blemishes|Cruelty-Free
P479353,Hyaluronic Acid Cleanser,The INKEY List,Cleansers,10.99,4.1735,219,18857,Vegan|Hyaluronic Acid|Clean at Sephora|Hydrating|Good for: Dryness
P479722,Mandelic Acid Treatment,The INKEY List,Treatments,11.99,4.4615,195,23101,Clean at Sephora|Retinol|AHA/Glycolic Acid|Good for: Acne/Blemishes|Good for: Dark spots
P443834,Rosehip Nourishing Night Oil,The INKEY List,Moisturizers,11.99,4.1029,175,34950,Good for: Dullness/Uneven Texture|allure 2019 Best of Beauty Award Winner|Clean at Sephora|Good for: Acne/Blemishes|Good for: Dark spots|Cruelty-Free
P443839,Squalane Oil,The INKEY List,Moisturizers,12.99,4.4422,147,23440,Clean at Sephora|Good for: Anti-Aging|Good for: Dryness|Cruelty-Free
P448537,Alpha Arbutin Brightening Serum,The INKEY List,Treatments,12.99,4.2174,115,29698,Good for: Dullness/Uneven Texture|Clean at Sephora|Good for: Dark spots|Cruelty-Free
P502749,SuperSolutions 5% Benzoyl Peroxide Cleanser Acne Solution,The INKEY List,Cleansers,17.99,3.7722,79,6148,Best for Combination Skin|Hyaluronic Acid|Clean at Sephora|Good for: Acne/Blemishes|Cruelty-Free
P502691,SuperSolutions 1% Retinol Serum,The INKEY List,Treatments,24.99,4.1558,77,13720,Good for: Dullness/Uneven Texture|Clean at Sephora|Retinol|Good for: Acne/Blemishes|Good for: Dark spots|Cruelty-Free
P474972,Symbright Brightening Moisturizer,The INKEY List,Moisturizers,13.99,3.3467,75,6523,Clean at Sephora|Vegan|Cream Formula|Good for: Dullness/Uneven Texture
P502741,SuperSolutions 10% Azelaic Serum Redness Relief Solution,The INKEY List,Treatments,17.99,3.863,73,7690,Good for: Redness|Clean at Sephora|Cruelty-Free
P502710,SuperSolutions 20% Niacinamide Serum,The INKEY List,Treatments,17.99,3.8971,68,5072,Best for Oily Skin|Good for: Pores|Clean at Sephora|Good for: Acne/Blemishes|Niacinamide|Cruelty-Free
P502756,SuperSolutions 10% Urea Moisturizer Textured Skin Solution,The INKEY List,Moisturizers,19.99,4.1935,62,4253,Best for Dry Skin|Hydrating|Clean at Sephora|Cruelty-Free
P469544,C-50 Blemish Night Treatment,The INKEY List,Treatments,15.99,4.1724,58,28910,"Good for: Acne/Blemishes|Clean at Sephora|Best for Oily, Combo, Normal Skin|Good for: Pores|Salicylic Acid|Vitamin C"
P505711,Polyglutamic Acid Dewy Sunscreen SPF 30,The INKEY List,Sunscreen,14.99,4.8654,52,164,Vegan|Hydrating|Clean at Sephora|UV Protection|SPF|Cruelty-Free
P500775,Back to Basics: Hydration Heroes Skincare Set,The INKEY List,Value & Gift Sets,27,3.75,4,6671,Good for: Redness|Hyaluronic Acid|Hydrating|Clean at Sephora|Good for: Dryness|Cruelty-Free
P476459,Forest Lungs Anti-Stress Fragrance Travel Spray,The Nue Co.,Wellness,30,4.2042,191,4285,Vegan|Unisex/ Genderless Scent|Woody & Earthy Scent|Clean + Planet Positive|Without Parabens|Cruelty-Free
P476447,Debloat+ Anti-Bloat Supplement with Digestive Enzymes,The Nue Co.,Wellness,45,4.2651,166,1867,Vegan|Clean + Planet Positive|Gluten Free|Cruelty-Free
P476538,Prebiotic + Probiotic Vegan Gut Microbiome Supplement,The Nue Co.,Wellness,55,4.4356,163,1820,Vegan|Clean + Planet Positive|Gluten Free|Cruelty-Free
P476554,Skin Hydrator Ceramide and Hyaluronic Acid Supplement,The Nue Co.,Wellness,45,4.1883,154,1560,Good for: Loss of firmness|Clean + Planet Positive|Collagen|Good for: Anti-Aging|Good for: Dryness|Gluten Free
P476553,Skin Filter Vitamin A and Zinc Blemish + Brightening Supplement,The Nue Co.,Wellness,45,4.1544,149,2584,Vegan|Good for: Dullness/Uneven Texture|Clean + Planet Positive|Retinol|Good for: Acne/Blemishes|Gluten Free
P480358,Mini Debloat+ Anti-Bloat Supplement with Digestive Enzymes,The Nue Co.,Wellness,18,4.6,25,6299,Vegan|Clean + Planet Positive|Gluten Free|Cruelty-Free
P504049,Skin Filter Daily Brightening Phyto-Retinol + AHA Serum,The Nue Co.,Treatments,65,5,12,400,Vegan|Good for: Dullness/Uneven Texture|Clean + Planet Positive|AHA/Glycolic Acid|Good for: Acne/Blemishes|Cruelty-Free
P505209,Barrier Culture Moisturizer with Niacinamide & Squalane,The Nue Co.,Moisturizers,65,5,7,48,"Vegan|Clean + Planet Positive|Hydrating|Good for: Dryness|Best for Dry, Combo, Normal Skin|Cruelty-Free"
P505210,"Barrier Culture Cleanser Pre-, Pro- & Postbiotic Face Wash",The Nue Co.,Cleansers,42,5,6,27,"Vegan|Clean + Planet Positive|Hydrating|Good for: Dryness|Best for Dry, Combo, Normal Skin|Cruelty-Free"
P427417,Niacinamide 10% + Zinc 1% Oil Control Serum,The Ordinary,Treatments,6,4.2439,5778,763168,Vegan|Community Favorite|Oil Free|Without Silicones|Niacinamide
P427419,Hyaluronic Acid 2% + B5 Hydrating Serum,The Ordinary,Treatments,15.7,4.2133,3788,720504,Vegan|Hyaluronic Acid|allure 2019 Best of Beauty Award Winner|Community Favorite|Without Silicones
P442563,AHA 30% + BHA 2% Exfoliating Peeling Solution,The Ordinary,Treatments,9.5,4.5734,3242,533877,Vegan|Community Favorite|AHA/Glycolic Acid|Oil Free|Without Silicones
P427406,Glycolic Acid 7% Exfoliating Toning Solution,The Ordinary,Cleansers,13,4.3456,2891,542743,Community Favorite|AHA/Glycolic Acid|Oil Free|Without Silicones|Alcohol Free
P427416,Caffeine 5% + EGCG Depuffing Eye Serum,The Ordinary,Treatments,8.9,3.7715,2118,281928,Vegan|Community Favorite|Good for: Dark Circles|Oil Free|Alcohol Free
P427414,Natural Moisturizing Factors + HA,The Ordinary,Treatments,6.5,4.1472,2052,258456,Vegan|Community Favorite|Without Silicones|Alcohol Free|Gluten Free
P427415,100% Organic Cold-Pressed Rose Hip Seed Oil,The Ordinary,Moisturizers,10.9,4.3988,1620,240783,Vegan|Without Silicones|Alcohol Free|Gluten Free
P427420,Multi-Peptide + HA Serum,The Ordinary,Treatments,30.8,4.1429,1609,338410,Vegan|Community Favorite|Oil Free|Without Silicones|Alcohol Free
P427413,Lactic Acid 10% + HA 2% Exfoliating Serum,The Ordinary,Treatments,8.9,4.5035,1289,295071,Vegan|Lactic Acid|Community Favorite|Without Silicones|Alcohol Free
P427410,Vitamin C Suspension 23% + HA Spheres 2%,The Ordinary,Treatments,7.8,3.4454,1109,132601,Vegan|Good for: Dullness/Uneven Texture|Vitamin C|Good for: Anti-Aging|Without Parabens|Without Sulfates SLS & SLES
P427411,Azelaic Acid 10% Suspension Brightening Cream,The Ordinary,Treatments,11.1,4.1578,957,190367,Vegan|Community Favorite|Oil Free|Alcohol Free|Gluten Free
P444718,Squalane Cleanser,The Ordinary,Cleansers,9,4.0068,888,121486,Vegan|Hydrating|Good for: Dryness|Without Parabens|Without Sulfates SLS & SLES|Gluten Free
P427412,Alpha Arbutin 2% + HA Hyperpigmentation Serum,The Ordinary,Treatments,11.1,4.0411,755,190345,Vegan|Without Silicones|Alcohol Free|Gluten Free
P427418,Granactive Retinoid* 2% Emulsion,The Ordinary,Treatments,11.7,4.4548,708,195325,Vegan|Good for: Dullness/Uneven Texture|Retinol|Good for: Anti-Aging|Without Parabens|Without Sulfates SLS & SLES
P442830,100% Plant-Derived Squalane,The Ordinary,Treatments,10,4.5374,655,108468,Vegan|Best for Dry Skin|Good for: Dryness|Without Silicones|Alcohol Free|Without Sulfates SLS & SLES
P448530,Salicylic Acid 2% Masque,The Ordinary,Masks,13.3,4.3736,637,164697,Vegan|Community Favorite|Salicylic Acid|Without Silicones|Alcohol Free
P442754,Ascorbic Acid 8% + Alpha Arbutin 2%,The Ordinary,Treatments,12.2,3.7505,501,106253,Vegan|Good for: Anti-Aging|Without Parabens|Without Sulfates SLS & SLES|Good for: Dark spots|Gluten Free
P442758,Mandelic Acid 10% + HA,The Ordinary,Treatments,7.5,4.464,431,106124,Vegan|Good for: Dullness/Uneven Texture|Good for: Acne/Blemishes|Without Parabens|Without Sulfates SLS & SLES|Gluten Free
P427409,Vitamin C Suspension 30% in Silicone,The Ordinary,Treatments,8.3,3.6345,394,72633,Vegan|Good for: Dullness/Uneven Texture|Vitamin C|Good for: Anti-Aging|Without Parabens|Gluten Free
P447596,100% Organic Cold-Pressed Moroccan Argan Oil,The Ordinary,Moisturizers,7.5,4.1709,357,65051,Vegan|Best for Dry Skin|Without Parabens|Gluten Free|Without Sulfates SLS & SLES
P479732,Salicylic Acid 2% Anhydrous Solution Pore Clearing Serum,The Ordinary,Treatments,7.2,3.8389,329,109679,Vegan|Fragrance Free|Good for: Acne/Blemishes|Salicylic Acid|Without Parabens|Cruelty-Free
P455900,100% Plant-Derived Hemi-Squalane,The Ordinary,Treatments,5,4.398,294,48131,
P442752,"""Buffet"" + Copper Peptides 1%",The Ordinary,Treatments,30.9,4.1804,255,91079,Vegan|Oil Free|Without Silicones|Alcohol Free|Gluten Free
P442753,Argireline Solution 10%,The Ordinary,Treatments,9.4,4.1984,247,85389,Vegan|Good for: Anti-Aging|Fragrance Free|Without Parabens|Without Sulfates SLS & SLES|Gluten Free
P442757,"""B"" Oil",The Ordinary,Moisturizers,11.1,4.2286,245,49358,Vegan|Good for: Dullness/Uneven Texture|Good for: Dryness|Without Parabens|Without Sulfates SLS & SLES|Gluten Free
P455899,Marine Hyaluronics,The Ordinary,Treatments,8.9,4.209,244,43421,Vegan|Best for Dry Skin|Good for: Dryness|Without Parabens|Without Sulfates SLS & SLES|Gluten Free
P427405,Matrixyl* 10% + HA,The Ordinary,Treatments,10.5,4.3165,237,83357,Vegan|Good for: Anti-Aging|Without Phthalates|Fragrance Free|Without Parabens|Without Silicones
P442759,Amino Acids + B5,The Ordinary,Treatments,8.9,4.4123,228,55852,Vegan|Good for: Loss of firmness|Good for: Dryness|Without Parabens|Without Sulfates SLS & SLES|Gluten Free
P504028,Multi-Peptide Eye Serum,The Ordinary,Eye Care,25,3.9714,210,11059,Vegan|Liquid Formula|Good for: Dark Circles|Good for: Anti-Aging|Fragrance Free|Cruelty-Free
P455898,Pycnogenol 5%,The Ordinary,Treatments,11.1,4.5243,206,55894,Vegan|Good for: Loss of firmness|Good for: Dryness|Fragrance Free|Without Parabens|Without Sulfates SLS & SLES
P455338,100% L-Ascorbic Acid Powder,The Ordinary,Treatments,6.4,4.3317,202,65023,Vegan|Loose Powder Formula|Good for: Dullness/Uneven Texture|Good for: Anti-Aging|Without Parabens|Without Sulfates SLS & SLES
P455339,Lactic Acid 5% + HA,The Ordinary,Treatments,7.8,4.3081,172,74003,Vegan|Good for: Dullness/Uneven Texture|Lactic Acid|Good for: Anti-Aging|Without Parabens|Without Sulfates SLS & SLES
P427404,Ascorbyl Tetraisopalmitate Solution 20% in Vitamin F,The Ordinary,Treatments,19.8,3.8193,166,58355,Vegan|Good for: Dullness/Uneven Texture|Vitamin C|Fragrance Free|Without Parabens|Gluten Free
P442755,Resveratrol 3% + Ferulic Acid 3%,The Ordinary,Treatments,10,4,162,60746,Vegan|Fragrance Free|Without Parabens|Without Sulfates SLS & SLES|Good for: Dark spots|Gluten Free
P442756,Ascorbyl Glucoside Solution 12%,The Ordinary,Treatments,14.3,4.0926,162,43799,Vegan|Good for: Anti-Aging|Without Parabens|Without Sulfates SLS & SLES|Good for: Dark spots|Gluten Free
P442833,EUK 134 0.1%,The Ordinary,Treatments,11.1,4.35,140,35874,Vegan|Good for: Redness|Good for: Loss of firmness|Without Parabens|Without Sulfates SLS & SLES|Gluten Free
P482327,Mini Squalane Cleanser,The Ordinary,Cleansers,9,3.9537,108,27760,Vegan|Hydrating|Good for: Dryness|Without Parabens|Without Sulfates SLS & SLES|Gluten Free
P468709,100% Niacinamide Powder,The Ordinary,Treatments,6.4,4.3187,91,27717,"Vegan|Loose Powder Formula|Best for Oily, Combo, Normal Skin|Without Silicones|Niacinamide"
P482328,Mini Natural Moisturizing Factors + HA,The Ordinary,Treatments,6.5,3.9213,89,38431,Vegan|Community Favorite|Without Silicones|Alcohol Free|Gluten Free
P447597,100% Organic Virgin Chia Seed Oil,The Ordinary,Moisturizers,8.5,4.1892,74,21125,Vegan|Good for: Dullness/Uneven Texture|Without Parabens|Alcohol Free|Without Sulfates SLS & SLES|Gluten Free
P483496,Salicylic Acid 2% Exfoliating Blemish Solution,The Ordinary,Treatments,6.5,4.2535,71,43971,Vegan|Fragrance Free|Salicylic Acid|Good for: Acne/Blemishes|Gluten Free|Cruelty-Free
P455897,Ethylated Ascorbic Acid 15% Solution,The Ordinary,Treatments,20,4,42,20715,Vegan|Good for: Dullness/Uneven Texture|Good for: Anti-Aging|Without Parabens|Without Sulfates SLS & SLES|Gluten Free
P479861,The Bright Set,The Ordinary,Value & Gift Sets,40.7,4.0625,16,24451,"Vegan|Good for: Dullness/Uneven Texture|Fragrance Free|Best for Oily, Combo, Normal Skin|Good for: Dark spots|Cruelty-Free"
P500139,The Skinimalist Set,The Ordinary,Value & Gift Sets,22,4.5,10,23001,Vegan|Hyaluronic Acid|Good for: Dark Circles|Good for: Dryness|Alcohol Free|Cruelty-Free
P505274,Glucoside Foaming Cleanser,The Ordinary,Cleansers,12.5,4.3333,6,1580,Vegan|Liquid Formula|Fragrance Free|Oil Free|Alcohol Free|Cruelty-Free
P504073,Ultralight Moisture-Boosting Botanical Oil,The Outset,Moisturizers,44,4.836,189,1949,Good for: Dullness/Uneven Texture|Without Phthalates|Good for: Dryness|Hypoallergenic|Without Parabens|Without Silicones
P483697,Firming Vegan Collagen Prep Serum,The Outset,Treatments,46,4.6898,187,7728,Vegan|Clean + Planet Positive|Plumping|Fragrance Free|Hypoallergenic|Cruelty-Free
P504076,Exfoliating Revitalizing & Energizing Caffeine Micro Polish,The Outset,Cleansers,34,4.7705,183,933,Good for: Dullness/Uneven Texture|Good for: Pores|Without Phthalates|Hypoallergenic|Without Parabens|Without Silicones
P483699,Restorative Niacinamide Night Cream,The Outset,Moisturizers,54,4.6225,151,5533,Vegan|Good for: Dullness/Uneven Texture|Clean + Planet Positive|Fragrance Free|Hypoallergenic|Cruelty-Free
P483700,Smoothing Vitamin C Eye + Expression Lines Cream,The Outset,Eye Care,42,4.374,123,3752,Vegan|Clean + Planet Positive|Fragrance Free|Hypoallergenic|Without Parabens|Cruelty-Free
P483698,Nourishing Squalane Daily Moisturizer,The Outset,Moisturizers,44,4.5893,112,4721,Vegan|Clean + Planet Positive|Fragrance Free|Good for: Dryness|Hypoallergenic|Cruelty-Free
P483696,Gentle Micellar Antioxidant Cleanser,The Outset,Cleansers,32,4.6937,111,3860,Vegan|Clean + Planet Positive|Hydrating|Fragrance Free|Hypoallergenic|Cruelty-Free
P483701,Daily Essentials Travel Set,The Outset,Value & Gift Sets,50,4.5741,108,4435,Vegan|Clean + Planet Positive|Fragrance Free|Hypoallergenic|Gluten Free|Cruelty-Free
P470259,Faded Serum for Dark Spots & Discoloration,Topicals,Treatments,38,3.6634,906,139007,Vegan|Good for: Dullness/Uneven Texture|Hydrating|Good for: Acne/Blemishes|Good for: Dark spots|Niacinamide
P484080,Mini Faded Serum for Dark Spots & Discoloration,Topicals,Treatments,18,3.6634,906,93075,Vegan|Clean at Sephora|Cruelty-Free
P448852,SOS Daily Rescue Facial Spray,Tower 28 Beauty,Moisturizers,12,4.2481,653,91499,Vegan|Good for: Redness|Clean at Sephora|Fragrance Free|Good for: Acne/Blemishes|Alcohol Free
P448853,Mini SOS Daily Rescue Facial Spray,Tower 28 Beauty,Moisturizers,12,3.9091,187,64871,Vegan|Good for: Redness|Clean at Sephora|Fragrance Free|Good for: Acne/Blemishes|Alcohol Free
P500121,SOS Intensive Redness Relief Serum,Tower 28 Beauty,Treatments,34,4.1902,163,21555,Vegan|Good for: Redness|Clean at Sephora|Fragrance Free|Good for: Acne/Blemishes|Alcohol Free
P475182,The Cult Classic Purifying Face Cleanser,TULA Skincare,Cleansers,34,3.9064,406,11798,"Good for: Dullness/Uneven Texture|Good for: Pores|Clean at Sephora|Best for Oily, Combo, Normal Skin|Best for Dry, Combo, Normal Skin|Cruelty-Free"
P482757,Mini The Cult Classic Purifying Face Cleanser,TULA Skincare,Cleansers,12,3.9064,406,6904,"Good for: Dullness/Uneven Texture|Good for: Pores|Clean at Sephora|Best for Oily, Combo, Normal Skin|Best for Dry, Combo, Normal Skin|Cruelty-Free"
P475185,24-7 Moisture Hydrating Day & Night Cream,TULA Skincare,Moisturizers,54,4.1884,398,12166,"Good for: Dullness/Uneven Texture|Good for: Loss of firmness|Hydrating|Clean at Sephora|Best for Dry, Combo, Normal Skin|Cruelty-Free"
P475203,Mini 24-7 Moisture Hydrating Day & Night Cream,TULA Skincare,Moisturizers,26,4.1884,398,6853,"Good for: Dullness/Uneven Texture|Good for: Loss of firmness|Hydrating|Clean at Sephora|Best for Dry, Combo, Normal Skin|Cruelty-Free"
P475190,Rose Glow + Get It Cooling & Brightening Eye Balm,TULA Skincare,Eye Care,32,4.0732,369,19298,Hyaluronic Acid|Good for: Loss of firmness|Hydrating|Good for: Dark Circles|Clean at Sephora|Cruelty-Free
P475181,Glow + Get It Cooling & Brightening Eye Balm,TULA Skincare,Eye Care,30,3.9578,332,17136,Hyaluronic Acid|Good for: Loss of firmness|Hydrating|Good for: Dark Circles|Clean at Sephora|Cruelty-Free
P475194,Brightening Treatment Drops Triple Vitamin C Serum,TULA Skincare,Treatments,56,4.2572,276,10279,Good for: Dullness/Uneven Texture|Vitamin C|Clean at Sephora|Fragrance Free|Good for: Dark spots|Cruelty-Free
P481748,Bright Start Vitamin C Antioxidant Brightening Moisturizer,TULA Skincare,Moisturizers,56,4.4061,229,6166,"Good for: Dullness/Uneven Texture|Vitamin C|Clean at Sephora|Hydrating|Best for Oily, Combo, Normal Skin|Cruelty-Free"
P482753,Protect + Glow Daily Sunscreen Gel Broad Spectrum SPF 30,TULA Skincare,Sunscreen,38,4.4256,195,8977,Without Oxybenzone|Vegan|Clean at Sephora|Reef Safe SPF|UV Protection|Cruelty-Free
P475201,24-7 Power Swipe Hydrating Day & Night Treatment Eye Balm,TULA Skincare,Eye Care,38,4.2595,185,7302,"Hyaluronic Acid|Good for: Loss of firmness|Collagen|Clean at Sephora|Best for Dry, Combo, Normal Skin|Cruelty-Free"
P484081,Eye Recharge + Replenish Pro-Ferm Overnight Eye Cream with Bakuchiol and Peptides,TULA Skincare,Eye Care,56,4.5397,126,11155,Good for: Loss of firmness|Good for: Dark Circles|Hydrating|Clean at Sephora|Good for: Anti-Aging|Cruelty-Free
P503652,24-7 Moisture Intense Ultra Hydrating Day & Night Cream with Hyaluronic Acid + Squalane,TULA Skincare,Moisturizers,58,4.4182,110,1482,"Hyaluronic Acid|Collagen|Clean at Sephora|Good for: Dryness|Best for Dry, Combo, Normal Skin|Cruelty-Free"
P475180,On The Go Best Sellers Travel Kit,TULA Skincare,Value & Gift Sets,49,4.2366,93,5711,"Good for: Dullness/Uneven Texture|Hydrating|Clean at Sephora|Good for: Dryness|Best for Dry, Combo, Normal Skin|Cruelty-Free"
P475188,Instant De-Puff Eye Renewal Serum,TULA Skincare,Treatments,58,4.2105,76,4283,Good for: Loss of firmness|Good for: Dark Circles|Hydrating|Clean at Sephora|Good for: Anti-Aging|Cruelty-Free
P501316,Beauty Sleep Overnight Repair Treatment Cream with AHA's and Vitamin C,TULA Skincare,Moisturizers,68,4.0417,72,1817,Good for: Dullness/Uneven Texture|Clean at Sephora|Good for: Anti-Aging|AHA/Glycolic Acid|Good for: Dryness|Cruelty-Free
P475189,Secret Solutions Pro-Glycolic 10% Resurfacing Toner,TULA Skincare,Cleansers,46,4.1343,67,2757,Good for: Dullness/Uneven Texture|Hyaluronic Acid|Clean at Sephora|AHA/Glycolic Acid|Alcohol Free|Cruelty-Free
P482754,Mineral Magic Oil-Free Mineral Sunscreen Fluid Broad Spectrum SPF 30,TULA Skincare,Sunscreen,38,4.3548,62,3802,"Clean at Sephora|Reef Safe SPF|Best for Oily, Combo, Normal Skin|UV Protection|Cruelty-Free"
P475197,Balancing Act Purifying & pH Balancing Biodegradable Toner Pads,TULA Skincare,Cleansers,36,4.0545,55,2470,"Good for: Dullness/Uneven Texture|Lactic Acid|Good for: Pores|Clean at Sephora|Best for Oily, Combo, Normal Skin|Cruelty-Free"
P475184,Hello Radiance Illuminating Serum,TULA Skincare,Treatments,68,4.2182,55,1327,Good for: Dullness/Uneven Texture|Good for: Loss of firmness|Hydrating|Clean at Sephora|Good for: Dark spots|Cruelty-Free
P475195,Protect + Plump Firming & Hydrating Face Moisturizer,TULA Skincare,Moisturizers,64,3.963,54,2230,"Good for: Loss of firmness|Clean at Sephora|Hydrating|Good for: Anti-Aging|Best for Dry, Combo, Normal Skin|Cruelty-Free"
P475192,So Poreless Deep Exfoliating Blackhead Scrub,TULA Skincare,Cleansers,34,3.9038,52,7262,"Good for: Dullness/Uneven Texture|Good for: Pores|Clean at Sephora|Best for Oily, Combo, Normal Skin|Without Sulfates SLS & SLES|Cruelty-Free"
P475183,So Polished Exfoliating Sugar Scrub,TULA Skincare,Cleansers,34,4.32,50,3585,Good for: Dullness/Uneven Texture|Clean at Sephora|Without Parabens|Without Sulfates SLS & SLES|Cruelty-Free
P475204,Sensitive Skin Treatment Drops Calming Vitamin B Serum,TULA Skincare,Treatments,48,4.1489,47,2137,Good for: Redness|Good for: Dullness/Uneven Texture|Clean at Sephora|Fragrance Free|Hypoallergenic|Cruelty-Free
P475193,Wrinkle Treatment Drops Retinol Alternative Serum,TULA Skincare,Treatments,68,4.2979,47,2136,Good for: Dullness/Uneven Texture|Good for: Loss of firmness|Clean at Sephora|Good for: Anti-Aging|Fragrance Free|Cruelty-Free
P475186,Revive + Rewind Revitalizing Eye Cream,TULA Skincare,Eye Care,52,4.2391,46,1921,Good for: Loss of firmness|Hydrating|Clean at Sephora|Good for: Anti-Aging|Good for: Dryness|Cruelty-Free
P475196,So Smooth Resurfacing & Brightening Fruit Enzyme Mask,TULA Skincare,Masks,36,4.25,44,2603,Good for: Dullness/Uneven Texture|Good for: Pores|Clean at Sephora|Fragrance Free|AHA/Glycolic Acid|Cruelty-Free
P475200,Your Best Skin at Every Age Firming & Smoothing Discovery Kit,TULA Skincare,Value & Gift Sets,66,3.8293,41,2541,Good for: Loss of firmness|Good for: Dark Circles|Clean at Sephora|Good for: Anti-Aging|Good for: Dryness|Cruelty-Free
P475187,Firm Up Deep Wrinkle Serum,TULA Skincare,Treatments,84,4.1579,38,1258,Good for: Dullness/Uneven Texture|Good for: Loss of firmness|Clean at Sephora|Good for: Anti-Aging|Fragrance Free|Cruelty-Free
P482755,Claydate Detoxifying & Toning Face Mask Stick,TULA Skincare,Masks,36,4.3333,36,1460,Best for Oily Skin|Good for: Pores|Clean at Sephora|Good for: Acne/Blemishes|Cruelty-Free
P505409,"24-7 Ultra Hydration Triple-Hydra Complex Day & Night Serum with Hyaluronic Acid, Squalane & Collagen",TULA Skincare,Treatments,48,,,11,Hyaluronic Acid|Collagen|Clean at Sephora|Good for: Dryness|Cruelty-Free
P460010,Prep & Plane Facial Razors,TWEEZERMAN,High Tech Tools,10,2.7105,38,5661,
P428668,Baggage Claim Eye Masks,Wander Beauty,Eye Care,26,4.0796,490,47687,Vegan|allure 2020 Best of Beauty Award Winner|Hyaluronic Acid|Plumping|Hydrating
P437960,Baggage Claim Rose Gold Eye Masks,Wander Beauty,Eye Care,26,4.0986,71,38772,Vegan|allure 2020 Best of Beauty Award Winner|Hyaluronic Acid|Plumping|Hydrating
P503635,Pack Up & Glow Priming Mineral SPF 40,Wander Beauty,Sunscreen,36,4.25,4,1160,Vegan|Clean at Sephora|Satin Finish|Good for: Anti-Aging|UV Protection|SPF
P501165,SHIKULIME Mega Hydrating Moisturizer,WASO,Moisturizers,36,4.6605,539,9824,Good for: Dullness/Uneven Texture|Clean at Sephora|Fragrance Free|Good for: Dryness|Cruelty-Free
P501187,SHIKULIME Gel-to-Oil Cleanser,WASO,Cleansers,28,4.4249,506,1360,Good for: Dullness/Uneven Texture|Clean at Sephora|Fragrance Free|Good for: Dryness|Cruelty-Free
P501188,SATOCANE Pore Purifying Scrub Mask,WASO,Masks,38,4.5729,494,1673,Good for: Dullness/Uneven Texture|Clean at Sephora|Fragrance Free|Good for: Dryness|Cruelty-Free
P501170,SHIKULIME Color Control Oil-Free Moisturizer SPF 30,WASO,Moisturizers,36,4.1776,490,3322,Good for: Dullness/Uneven Texture|Clean at Sephora|Fragrance Free|Good for: Dryness|Cruelty-Free
P501171,YUZU-C Beauty Sleeping Mask,WASO,Masks,38,4.595,484,4247,Good for: Dullness/Uneven Texture|Clean at Sephora|Fragrance Free|Good for: Dryness|Cruelty-Free
P501189,KOSHIRICE Acne Calming Spot Treatment,WASO,Treatments,25,4.2212,443,1501,Good for: Dullness/Uneven Texture|Clean at Sephora|Fragrance Free|Good for: Dryness|Cruelty-Free
P501199,YUZU-C Eye Awakening Essence,WASO,Eye Care,30,4.4301,365,2784,Good for: Dullness/Uneven Texture|Clean at Sephora|Fragrance Free|Good for: Dryness|Cruelty-Free
P501178,YUZU-C Glow-On Shot Serum,WASO,Treatments,45,4.4206,359,1403,Good for: Dullness/Uneven Texture|Clean at Sephora|Fragrance Free|Good for: Dryness|Cruelty-Free
P455676,Yo Glow AHA & BHA Facial Enzyme Scrub,Wishful,Cleansers,39,4.246,2207,63463,Vegan|Good for: Dark Circles|Good for: Pores|Good for: Dullness/Uneven Texture|Cruelty-Free|Clean at Sephora
P458216,Mini Yo Glow AHA & BHA Facial Enzyme Scrub,Wishful,Mini Size,21,4.246,2207,38190,Vegan|Good for: Dark Circles|Good for: Pores|Good for: Dullness/Uneven Texture|Cruelty-Free|Clean at Sephora
P461213,Honey Balm Niacinamide Moisturizer,Wishful,Moisturizers,43,4.1887,657,25888,"Best for Oily, Combo, Normal Skin|Good for: Dullness/Uneven Texture|Good for: Dark Circles|Niacinamide|Cruelty-Free|Clean at Sephora"
P471111,Yo Detox Charcoal Face & Body Enzyme Scrub,Wishful,Cleansers,39,4.7554,462,8346,Vegan|Good for: Dullness/Uneven Texture|Good for: Acne/Blemishes|Good for: Pores|Cruelty-Free|Clean at Sephora
P466163,Thirst Trap Juice Hyaluronic Acid & Peptide Hydrating Facial Serum,Wishful,Treatments,47,4.6106,434,19684,Good for: Loss of firmness|Good for: Dryness|Plumping|Hydrating|Cruelty-Free|Clean at Sephora
P463665,Get Even Rose Face Oil,Wishful,Moisturizers,63,4.3926,377,12439,Vegan|Good for: Dullness/Uneven Texture|Good for: Dark Circles|Clean at Sephora|Good for: Dryness|Cruelty-Free
P475629,Honey Whip Peptide and Collagen Moisturizer,Wishful,Moisturizers,43,4.5697,330,15716,Good for: Loss of firmness|Plumping|Collagen|Clean at Sephora|Good for: Dryness|Cruelty-Free
P501790,Pillowgasm Vitamin-Rich Cherry Glow Sleep Mask,Wishful,Masks,39,4.4154,65,5771,Vegan|Vitamin C|Clean at Sephora|Fragrance Free|Good for: Dryness|Cruelty-Free
P500428,Lift & Contour 1% Bakuchiol & Peptide Eye Serum,Wishful,Eye Care,45,4,26,11916,Vegan|Good for: Loss of firmness|Clean at Sephora|Good for: Dark Circles|Good for: Dryness|Cruelty-Free
P502771,Hydrate & Glow Trio,Wishful,Value & Gift Sets,29,2.8333,6,6854,Hyaluronic Acid|Good for: Loss of firmness|Collagen|Good for: Anti-Aging|Good for: Dryness|Cruelty-Free
P411387,Superfood Antioxidant Cleanser,Youth To The People,Cleansers,39,4.2112,5851,404142,"Vegan|Refill Available|Good for: Pores|allure 2021 Best of Beauty Award Winner|Best for Oily, Combo, Normal Skin|Without Sulfates SLS & SLES"
P441644,Mini Superfood Antioxidant Cleanser,Youth To The People,Mini Size,14,4.2121,5841,121678,"Refill Available|Community Favorite|Good for: Pores|Clean + Planet Positive|Best for Oily, Combo, Normal Skin|Without Sulfates SLS & SLES"
P440307,Superberry Hydrate + Glow Dream Night Mask with Vitamin C,Youth To The People,Masks,52,4.3237,2354,248887,Vegan|Good for: Dullness/Uneven Texture|Community Favorite|Vitamin C|Clean + Planet Positive|allure 2021 Best of Beauty Award Winner
P461555,Mini Superberry Hydrate + Glow Dream Mask,Youth To The People,Mini Size,18,4.3237,2354,79524,"Good for: Dullness/Uneven Texture|allure 2019 Best of Beauty Award Winner|Community Favorite|Vitamin C|Clean + Planet Positive|Best for Dry, Combo, Normal Skin"
P432829,Adaptogen Deep Moisturizing Cream with Ashwagandha + Reishi,Youth To The People,Moisturizers,58,4.3655,2071,104812,Vegan|Good for: Redness|Best for Dry Skin|Clean + Planet Positive|Hydrating|Fragrance Free
P463371,Mini Adaptogen Deep Moisture Cream with Ashwagandha + Reishi,Youth To The People,Mini Size,18,4.3655,2071,28957,Vegan|Good for: Redness|Best for Dry Skin|Clean + Planet Positive|Hydrating|Fragrance Free
P411388,Superfood Air-Whip Lightweight Moisturizer with Hyaluronic Acid,Youth To The People,Moisturizers,48,4.0491,1670,133769,"Hyaluronic Acid|Good for: Pores|Plumping|Clean + Planet Positive|Hydrating|Best for Oily, Combo, Normal Skin"
P430146,Superberry Hydrate + Glow Dream Oil,Youth To The People,Moisturizers,48,4.5094,1062,109521,Good for: Dullness/Uneven Texture|Community Favorite|Clean + Planet Positive|Good for: Anti-Aging|Good for: Dryness
P466164,15% Vitamin C + Clean Caffeine Energy Serum,Youth To The People,Treatments,69,4.3984,989,95527,Vegan|Good for: Dullness/Uneven Texture|Clean + Planet Positive|Vitamin C|Good for: Anti-Aging|Good for: Dark spots
P477830,Superberry Dream Cleansing Balm,Youth To The People,Cleansers,39,4.3869,628,30088,"Vegan|Hyaluronic Acid|Clean + Planet Positive|Hydrating|Good for: Dryness|Best for Oily, Combo, Normal Skin"
P455934,Yerba Mate Resurfacing + Exfoliating Energy Facial with Enzymes + Niacinamide,Youth To The People,Cleansers,59,4.4774,620,82444,Good for: Dullness/Uneven Texture|Clean + Planet Positive|Good for: Pores|Niacinamide
P475630,Mini Mandelic Acid + Superfood Unity Exfoliant,Youth To The People,Cleansers,16,4.6747,584,36699,Clean + Planet Positive|Good for: Pores|Hydrating|Good for: Acne/Blemishes|Salicylic Acid|Alcohol Free
P463144,Dream Eye Cream with Vitamin C and Ceramides,Youth To The People,Eye Care,48,3.8645,546,54679,Good for: Loss of firmness|Clean + Planet Positive|Vitamin C|Good for: Anti-Aging|Good for: Dryness
P479362,Triple Peptide Hydrating + Firming Oasis Serum with Hyaluronic Acid,Youth To The People,Treatments,54,4.5142,459,55041,"Hyaluronic Acid|Plumping|Hydrating|Fragrance Free|Good for: Dryness|Best for Dry, Combo, Normal Skin"
P444980,Adaptogen Soothe + Hydrate Activated Mist with Peptides,Youth To The People,Moisturizers,42,4.1878,394,34503,Good for: Redness|Good for: Dullness/Uneven Texture|Community Favorite|Clean + Planet Positive|Good for: Dryness
P500138,Polypeptide-121 Future Cream with Peptides and Ceramides,Youth To The People,Moisturizers,68,4.4403,377,29088,Good for: Loss of firmness|Clean + Planet Positive|Collagen|Good for: Anti-Aging|Fragrance Free|Niacinamide
P470065,Superclay Purify + Clear Power Mask with Niacinamide,Youth To The People,Masks,38,4.4595,346,62672,Vegan|Best for Oily Skin|Good for: Pores|Clean + Planet Positive|Fragrance Free|Niacinamide
P416923,Superfood Hydrate + Firm Peptide Eye Cream,Youth To The People,Eye Care,38,3.6564,326,38812,Hyaluronic Acid|Good for: Loss of firmness|Clean + Planet Positive|Good for: Anti-Aging|Good for: Dryness
P482329,Retinal + Niacinamide Youth Serum,Youth To The People,Treatments,69,4.5841,315,41445,Good for: Dullness/Uneven Texture|Clean + Planet Positive|Retinol|Good for: Anti-Aging|Good for: Acne/Blemishes|Niacinamide
P502479,Kombucha + 10% AHA Liquid Exfoliant with Lactic Acid and Glycolic Acid,Youth To The People,Cleansers,42,4.5926,81,11299,Good for: Dullness/Uneven Texture|Lactic Acid|Clean + Planet Positive|AHA/Glycolic Acid|Fragrance Free|Good for: Dark spots
P473336,The Youth System,Youth To The People,Value & Gift Sets,59,4.5526,76,53522,Vegan|Vitamin C|Good for: Pores|Clean + Planet Positive|Cruelty-Free
P504313,Peptides + C Energy Eye Concentrate with Vitamin C and Caffeine,Youth To The People,Eye Care,48,4.8,45,3420,Vegan|Good for: Dullness/Uneven Texture|Vitamin C|Clean + Planet Positive|Good for: Dark Circles|Hydrating
P501474,The Youth Vault: 13-Piece Vegan Skincare + Apparel Set,Youth To The People,Value & Gift Sets,340,4.875,8,8989,Clean at Sephora|Hydrating|Good for: Anti-Aging|Retinol|AHA/Glycolic Acid|Good for: Acne/Blemishes
P502998,"Youth Stacks: Plump It Up for Dry, Dehydrated Skin",Youth To The People,Value & Gift Sets,28,4.1667,6,10406,"Vegan|Hyaluronic Acid|Clean at Sephora|Hydrating|Good for: Dryness|Best for Dry, Combo, Normal Skin"
P503872,Mini Mandelic Acid + Superfood Unity Exfoliant,Youth To The People,Cleansers,16,4.8,5,6510,Clean + Planet Positive|Good for: Pores|Hydrating|Good for: Acne/Blemishes|Salicylic Acid|Alcohol Free
P502977,Youth Stacks: Daily Skin Health Your Way for Pores and Oiliness,Youth To The People,Value & Gift Sets,20,4.25,4,13592,"Vegan|Good for: Pores|Clean + Planet Positive|Good for: Acne/Blemishes|Best for Oily, Combo, Normal Skin|Without Sulfates SLS & SLES"
P502978,Youth Stacks: Brighter Tomorrow Duo for Dullness,Youth To The People,Value & Gift Sets,28,3,3,8189,Vegan|Good for: Dullness/Uneven Texture|Vitamin C|Plumping|Clean at Sephora|Hydrating
